oktmo,region,municipality,okved2,year,value
01512000,Алтайский край,Залесовский муниципальный округ,Всего по обследуемым видам экономической деятельности,2022,32600.0
01512000,Алтайский край,Залесовский муниципальный округ,Всего по обследуемым видам экономической деятельности,2023,37480.7
01512000,Алтайский край,Залесовский муниципальный округ,Всего по обследуемым видам экономической деятельности,2024,43197.6
01539000,Алтайский край,Муниципальный округ город Славгород,Всего по обследуемым видам экономической деятельности,2023,40803.8
01539000,Алтайский край,Муниципальный округ город Славгород,Всего по обследуемым видам экономической деятельности,2024,46914.9
01541000,Алтайский край,Муниципальный округ Суетский район,Всего по обследуемым видам экономической деятельности,2023,47164.1
01541000,Алтайский край,Муниципальный округ Суетский район,Всего по обследуемым видам экономической деятельности,2024,56623.9
01558000,Алтайский край,Муниципальный округ Чарышский район,Всего по обследуемым видам экономической деятельности,2023,33473.1
01558000,Алтайский край,Муниципальный округ Чарышский район,Всего по обследуемым видам экономической деятельности,2024,38052.2
01601000,Алтайский край,Алейский муниципальный район,Всего по обследуемым видам экономической деятельности,2022,32525.1
01601000,Алтайский край,Алейский муниципальный район,Всего по обследуемым видам экономической деятельности,2023,37511.7
01601000,Алтайский край,Алейский муниципальный район,Всего по обследуемым видам экономической деятельности,2024,44739.9
01602000,Алтайский край,Алтайский муниципальный район,Всего по обследуемым видам экономической деятельности,2022,32967.0
01602000,Алтайский край,Алтайский муниципальный район,Всего по обследуемым видам экономической деятельности,2023,37751.4
01602000,Алтайский край,Алтайский муниципальный район,Всего по обследуемым видам экономической деятельности,2024,44459.5
01603000,Алтайский край,Баевский муниципальный район,Всего по обследуемым видам экономической деятельности,2022,34458.6
01603000,Алтайский край,Баевский муниципальный район,Всего по обследуемым видам экономической деятельности,2023,39530.3
01603000,Алтайский край,Баевский муниципальный район,Всего по обследуемым видам экономической деятельности,2024,44787.8
01604000,Алтайский край,Бийский муниципальный район,Всего по обследуемым видам экономической деятельности,2022,35106.9
01604000,Алтайский край,Бийский муниципальный район,Всего по обследуемым видам экономической деятельности,2023,41386.8
01604000,Алтайский край,Бийский муниципальный район,Всего по обследуемым видам экономической деятельности,2024,48559.1
01605000,Алтайский край,Благовещенский муниципальный район,Всего по обследуемым видам экономической деятельности,2022,38977.4
01605000,Алтайский край,Благовещенский муниципальный район,Всего по обследуемым видам экономической деятельности,2023,43992.6
01605000,Алтайский край,Благовещенский муниципальный район,Всего по обследуемым видам экономической деятельности,2024,49998.5
01606000,Алтайский край,Бурлинский муниципальный район,Всего по обследуемым видам экономической деятельности,2022,32424.8
01606000,Алтайский край,Бурлинский муниципальный район,Всего по обследуемым видам экономической деятельности,2023,37484.4
01606000,Алтайский край,Бурлинский муниципальный район,Всего по обследуемым видам экономической деятельности,2024,43452.0
01607000,Алтайский край,Быстроистокский муниципальный район,Всего по обследуемым видам экономической деятельности,2022,33082.0
01607000,Алтайский край,Быстроистокский муниципальный район,Всего по обследуемым видам экономической деятельности,2023,37732.5
01607000,Алтайский край,Быстроистокский муниципальный район,Всего по обследуемым видам экономической деятельности,2024,43273.5
01608000,Алтайский край,Волчихинский муниципальный район,Всего по обследуемым видам экономической деятельности,2022,33327.9
01608000,Алтайский край,Волчихинский муниципальный район,Всего по обследуемым видам экономической деятельности,2023,37006.0
01608000,Алтайский край,Волчихинский муниципальный район,Всего по обследуемым видам экономической деятельности,2024,43276.0
01609000,Алтайский край,Егорьевский муниципальный район,Всего по обследуемым видам экономической деятельности,2022,32494.9
01609000,Алтайский край,Егорьевский муниципальный район,Всего по обследуемым видам экономической деятельности,2023,37507.0
01609000,Алтайский край,Егорьевский муниципальный район,Всего по обследуемым видам экономической деятельности,2024,41455.6
01610000,Алтайский край,Ельцовский муниципальный район,Всего по обследуемым видам экономической деятельности,2022,29844.7
01610000,Алтайский край,Ельцовский муниципальный район,Всего по обследуемым видам экономической деятельности,2023,34526.5
01610000,Алтайский край,Ельцовский муниципальный район,Всего по обследуемым видам экономической деятельности,2024,39602.1
01611000,Алтайский край,Завьяловский муниципальный район,Всего по обследуемым видам экономической деятельности,2022,36840.9
01611000,Алтайский край,Завьяловский муниципальный район,Всего по обследуемым видам экономической деятельности,2023,40880.2
01611000,Алтайский край,Завьяловский муниципальный район,Всего по обследуемым видам экономической деятельности,2024,46074.8
01613000,Алтайский край,Заринский муниципальный район,Всего по обследуемым видам экономической деятельности,2022,36485.5
01613000,Алтайский край,Заринский муниципальный район,Всего по обследуемым видам экономической деятельности,2023,42642.3
01613000,Алтайский край,Заринский муниципальный район,Всего по обследуемым видам экономической деятельности,2024,53843.4
01614000,Алтайский край,Змеиногорский муниципальный район,Всего по обследуемым видам экономической деятельности,2022,50580.1
01614000,Алтайский край,Змеиногорский муниципальный район,Всего по обследуемым видам экономической деятельности,2023,64200.4
01614000,Алтайский край,Змеиногорский муниципальный район,Всего по обследуемым видам экономической деятельности,2024,73635.2
01615000,Алтайский край,Калманский муниципальный район,Всего по обследуемым видам экономической деятельности,2022,38339.9
01615000,Алтайский край,Калманский муниципальный район,Всего по обследуемым видам экономической деятельности,2023,45147.2
01615000,Алтайский край,Калманский муниципальный район,Всего по обследуемым видам экономической деятельности,2024,53572.0
01616000,Алтайский край,Каменский муниципальный район,Всего по обследуемым видам экономической деятельности,2022,34077.3
01616000,Алтайский край,Каменский муниципальный район,Всего по обследуемым видам экономической деятельности,2023,39123.0
01616000,Алтайский край,Каменский муниципальный район,Всего по обследуемым видам экономической деятельности,2024,46107.0
01617000,Алтайский край,Ключевский муниципальный район,Всего по обследуемым видам экономической деятельности,2022,32268.5
01617000,Алтайский край,Ключевский муниципальный район,Всего по обследуемым видам экономической деятельности,2023,35967.3
01617000,Алтайский край,Ключевский муниципальный район,Всего по обследуемым видам экономической деятельности,2024,41934.2
01618000,Алтайский край,Косихинский муниципальный район,Всего по обследуемым видам экономической деятельности,2022,31203.3
01618000,Алтайский край,Косихинский муниципальный район,Всего по обследуемым видам экономической деятельности,2023,36921.7
01618000,Алтайский край,Косихинский муниципальный район,Всего по обследуемым видам экономической деятельности,2024,43084.0
01619000,Алтайский край,Красногорский муниципальный район,Всего по обследуемым видам экономической деятельности,2022,29227.4
01619000,Алтайский край,Красногорский муниципальный район,Всего по обследуемым видам экономической деятельности,2023,33159.9
01619000,Алтайский край,Красногорский муниципальный район,Всего по обследуемым видам экономической деятельности,2024,40918.0
01620000,Алтайский край,Краснощёковский муниципальный район,Всего по обследуемым видам экономической деятельности,2022,40066.8
01620000,Алтайский край,Краснощёковский муниципальный район,Всего по обследуемым видам экономической деятельности,2023,45538.1
01620000,Алтайский край,Краснощёковский муниципальный район,Всего по обследуемым видам экономической деятельности,2024,55883.9
01621000,Алтайский край,Крутихинский муниципальный район,Всего по обследуемым видам экономической деятельности,2022,32173.3
01621000,Алтайский край,Крутихинский муниципальный район,Всего по обследуемым видам экономической деятельности,2023,36048.2
01621000,Алтайский край,Крутихинский муниципальный район,Всего по обследуемым видам экономической деятельности,2024,40265.3
01622000,Алтайский край,Кулундинский муниципальный район,Всего по обследуемым видам экономической деятельности,2022,40848.3
01622000,Алтайский край,Кулундинский муниципальный район,Всего по обследуемым видам экономической деятельности,2023,46991.8
01622000,Алтайский край,Кулундинский муниципальный район,Всего по обследуемым видам экономической деятельности,2024,53891.7
01623000,Алтайский край,Курьинский муниципальный район,Всего по обследуемым видам экономической деятельности,2022,34026.3
01623000,Алтайский край,Курьинский муниципальный район,Всего по обследуемым видам экономической деятельности,2023,38578.7
01623000,Алтайский край,Курьинский муниципальный район,Всего по обследуемым видам экономической деятельности,2024,48314.4
01624000,Алтайский край,Кытмановский муниципальный район,Всего по обследуемым видам экономической деятельности,2022,34555.3
01624000,Алтайский край,Кытмановский муниципальный район,Всего по обследуемым видам экономической деятельности,2023,39106.0
01624000,Алтайский край,Кытмановский муниципальный район,Всего по обследуемым видам экономической деятельности,2024,47256.4
01625000,Алтайский край,Локтевский муниципальный район,Всего по обследуемым видам экономической деятельности,2022,33870.8
01625000,Алтайский край,Локтевский муниципальный район,Всего по обследуемым видам экономической деятельности,2023,38837.5
01625000,Алтайский край,Локтевский муниципальный район,Всего по обследуемым видам экономической деятельности,2024,45626.7
01626000,Алтайский край,Мамонтовский муниципальный район,Всего по обследуемым видам экономической деятельности,2022,34000.0
01626000,Алтайский край,Мамонтовский муниципальный район,Всего по обследуемым видам экономической деятельности,2023,38559.6
01626000,Алтайский край,Мамонтовский муниципальный район,Всего по обследуемым видам экономической деятельности,2024,44020.8
01627000,Алтайский край,Михайловский муниципальный район,Всего по обследуемым видам экономической деятельности,2022,33473.1
01627000,Алтайский край,Михайловский муниципальный район,Всего по обследуемым видам экономической деятельности,2023,38029.6
01627000,Алтайский край,Михайловский муниципальный район,Всего по обследуемым видам экономической деятельности,2024,44209.9
01628000,Алтайский край,Новичихинский муниципальный район,Всего по обследуемым видам экономической деятельности,2022,33346.3
01628000,Алтайский край,Новичихинский муниципальный район,Всего по обследуемым видам экономической деятельности,2023,40108.6
01628000,Алтайский край,Новичихинский муниципальный район,Всего по обследуемым видам экономической деятельности,2024,46496.5
01629000,Алтайский край,Зональный муниципальный район,Всего по обследуемым видам экономической деятельности,2022,37163.6
01629000,Алтайский край,Зональный муниципальный район,Всего по обследуемым видам экономической деятельности,2023,41530.5
01629000,Алтайский край,Зональный муниципальный район,Всего по обследуемым видам экономической деятельности,2024,52802.0
01630000,Алтайский край,Павловский муниципальный район,Всего по обследуемым видам экономической деятельности,2022,40354.8
01630000,Алтайский край,Павловский муниципальный район,Всего по обследуемым видам экономической деятельности,2023,47369.9
01630000,Алтайский край,Павловский муниципальный район,Всего по обследуемым видам экономической деятельности,2024,59704.3
01631000,Алтайский край,Панкрушихинский муниципальный район,Всего по обследуемым видам экономической деятельности,2022,35904.3
01631000,Алтайский край,Панкрушихинский муниципальный район,Всего по обследуемым видам экономической деятельности,2023,41075.8
01631000,Алтайский край,Панкрушихинский муниципальный район,Всего по обследуемым видам экономической деятельности,2024,48668.0
01632000,Алтайский край,Первомайский муниципальный район,Всего по обследуемым видам экономической деятельности,2022,36482.6
01632000,Алтайский край,Первомайский муниципальный район,Всего по обследуемым видам экономической деятельности,2023,41178.9
01632000,Алтайский край,Первомайский муниципальный район,Всего по обследуемым видам экономической деятельности,2024,48236.7
01633000,Алтайский край,Петропавловский муниципальный район,Всего по обследуемым видам экономической деятельности,2022,40142.9
01633000,Алтайский край,Петропавловский муниципальный район,Всего по обследуемым видам экономической деятельности,2023,45750.9
01633000,Алтайский край,Петропавловский муниципальный район,Всего по обследуемым видам экономической деятельности,2024,52754.2
01634000,Алтайский край,Поспелихинский муниципальный район,Всего по обследуемым видам экономической деятельности,2022,35709.4
01634000,Алтайский край,Поспелихинский муниципальный район,Всего по обследуемым видам экономической деятельности,2023,40552.4
01634000,Алтайский край,Поспелихинский муниципальный район,Всего по обследуемым видам экономической деятельности,2024,47652.8
01635000,Алтайский край,Ребрихинский муниципальный район,Всего по обследуемым видам экономической деятельности,2022,31644.7
01635000,Алтайский край,Ребрихинский муниципальный район,Всего по обследуемым видам экономической деятельности,2023,36407.3
01635000,Алтайский край,Ребрихинский муниципальный район,Всего по обследуемым видам экономической деятельности,2024,42923.1
01636000,Алтайский край,Родинский муниципальный район,Всего по обследуемым видам экономической деятельности,2022,32988.1
01636000,Алтайский край,Родинский муниципальный район,Всего по обследуемым видам экономической деятельности,2023,37395.3
01636000,Алтайский край,Родинский муниципальный район,Всего по обследуемым видам экономической деятельности,2024,45228.2
01637000,Алтайский край,Романовский муниципальный район,Всего по обследуемым видам экономической деятельности,2022,34097.1
01637000,Алтайский край,Романовский муниципальный район,Всего по обследуемым видам экономической деятельности,2023,40831.2
01637000,Алтайский край,Романовский муниципальный район,Всего по обследуемым видам экономической деятельности,2024,45475.4
01638000,Алтайский край,Рубцовский муниципальный район,Всего по обследуемым видам экономической деятельности,2022,52556.4
01638000,Алтайский край,Рубцовский муниципальный район,Всего по обследуемым видам экономической деятельности,2023,60003.6
01638000,Алтайский край,Рубцовский муниципальный район,Всего по обследуемым видам экономической деятельности,2024,66179.7
01640000,Алтайский край,Смоленский муниципальный район,Всего по обследуемым видам экономической деятельности,2022,35460.1
01640000,Алтайский край,Смоленский муниципальный район,Всего по обследуемым видам экономической деятельности,2023,40967.8
01640000,Алтайский край,Смоленский муниципальный район,Всего по обследуемым видам экономической деятельности,2024,49164.1
01641000,Алтайский край,Суетский муниципальный район,Всего по обследуемым видам экономической деятельности,2022,39369.1
01642000,Алтайский край,Советский муниципальный район,Всего по обследуемым видам экономической деятельности,2022,39284.1
01642000,Алтайский край,Советский муниципальный район,Всего по обследуемым видам экономической деятельности,2023,44899.7
01642000,Алтайский край,Советский муниципальный район,Всего по обследуемым видам экономической деятельности,2024,52884.7
01643000,Алтайский край,Солонешенский муниципальный район,Всего по обследуемым видам экономической деятельности,2022,30470.3
01643000,Алтайский край,Солонешенский муниципальный район,Всего по обследуемым видам экономической деятельности,2023,34644.7
01643000,Алтайский край,Солонешенский муниципальный район,Всего по обследуемым видам экономической деятельности,2024,39451.3
01644000,Алтайский край,Солтонский муниципальный район,Всего по обследуемым видам экономической деятельности,2022,29370.4
01644000,Алтайский край,Солтонский муниципальный район,Всего по обследуемым видам экономической деятельности,2023,33444.7
01644000,Алтайский край,Солтонский муниципальный район,Всего по обследуемым видам экономической деятельности,2024,39208.8
01645000,Алтайский край,Шелаболихинский муниципальный район,Всего по обследуемым видам экономической деятельности,2022,33132.3
01645000,Алтайский край,Шелаболихинский муниципальный район,Всего по обследуемым видам экономической деятельности,2023,37598.0
01645000,Алтайский край,Шелаболихинский муниципальный район,Всего по обследуемым видам экономической деятельности,2024,46182.8
01646000,Алтайский край,Табунский муниципальный район,Всего по обследуемым видам экономической деятельности,2022,30336.4
01646000,Алтайский край,Табунский муниципальный район,Всего по обследуемым видам экономической деятельности,2023,35044.3
01646000,Алтайский край,Табунский муниципальный район,Всего по обследуемым видам экономической деятельности,2024,42544.1
01647000,Алтайский край,Тальменский муниципальный район,Всего по обследуемым видам экономической деятельности,2022,36294.6
01647000,Алтайский край,Тальменский муниципальный район,Всего по обследуемым видам экономической деятельности,2023,42675.2
01647000,Алтайский край,Тальменский муниципальный район,Всего по обследуемым видам экономической деятельности,2024,51789.1
01648000,Алтайский край,Тогульский муниципальный район,Всего по обследуемым видам экономической деятельности,2022,35229.2
01648000,Алтайский край,Тогульский муниципальный район,Всего по обследуемым видам экономической деятельности,2023,40943.1
01648000,Алтайский край,Тогульский муниципальный район,Всего по обследуемым видам экономической деятельности,2024,47637.9
01649000,Алтайский край,Топчихинский муниципальный район,Всего по обследуемым видам экономической деятельности,2022,36546.4
01649000,Алтайский край,Топчихинский муниципальный район,Всего по обследуемым видам экономической деятельности,2023,41598.3
01649000,Алтайский край,Топчихинский муниципальный район,Всего по обследуемым видам экономической деятельности,2024,49388.8
01650000,Алтайский край,Третьяковский муниципальный район,Всего по обследуемым видам экономической деятельности,2022,31692.3
01650000,Алтайский край,Третьяковский муниципальный район,Всего по обследуемым видам экономической деятельности,2023,36965.1
01650000,Алтайский край,Третьяковский муниципальный район,Всего по обследуемым видам экономической деятельности,2024,43012.0
01651000,Алтайский край,Троицкий муниципальный район,Всего по обследуемым видам экономической деятельности,2022,34690.4
01651000,Алтайский край,Троицкий муниципальный район,Всего по обследуемым видам экономической деятельности,2023,39950.0
01651000,Алтайский край,Троицкий муниципальный район,Всего по обследуемым видам экономической деятельности,2024,46816.2
01652000,Алтайский край,Тюменцевский муниципальный район,Всего по обследуемым видам экономической деятельности,2022,29541.0
01652000,Алтайский край,Тюменцевский муниципальный район,Всего по обследуемым видам экономической деятельности,2023,33529.9
01652000,Алтайский край,Тюменцевский муниципальный район,Всего по обследуемым видам экономической деятельности,2024,40369.9
01653000,Алтайский край,Угловский муниципальный район,Всего по обследуемым видам экономической деятельности,2022,32249.6
01653000,Алтайский край,Угловский муниципальный район,Всего по обследуемым видам экономической деятельности,2023,36735.5
01653000,Алтайский край,Угловский муниципальный район,Всего по обследуемым видам экономической деятельности,2024,42524.8
01654000,Алтайский край,Усть-Калманский муниципальный район,Всего по обследуемым видам экономической деятельности,2022,33506.4
01654000,Алтайский край,Усть-Калманский муниципальный район,Всего по обследуемым видам экономической деятельности,2023,40218.6
01654000,Алтайский край,Усть-Калманский муниципальный район,Всего по обследуемым видам экономической деятельности,2024,46420.4
01655000,Алтайский край,Усть-Пристанский муниципальный район,Всего по обследуемым видам экономической деятельности,2022,30665.0
01655000,Алтайский край,Усть-Пристанский муниципальный район,Всего по обследуемым видам экономической деятельности,2023,35063.6
01655000,Алтайский край,Усть-Пристанский муниципальный район,Всего по обследуемым видам экономической деятельности,2024,40322.3
01656000,Алтайский край,Хабарский муниципальный район,Всего по обследуемым видам экономической деятельности,2022,32726.2
01656000,Алтайский край,Хабарский муниципальный район,Всего по обследуемым видам экономической деятельности,2023,37764.6
01656000,Алтайский край,Хабарский муниципальный район,Всего по обследуемым видам экономической деятельности,2024,44449.2
01657000,Алтайский край,Целинный муниципальный район,Всего по обследуемым видам экономической деятельности,2022,36049.5
01657000,Алтайский край,Целинный муниципальный район,Всего по обследуемым видам экономической деятельности,2023,42597.2
01657000,Алтайский край,Целинный муниципальный район,Всего по обследуемым видам экономической деятельности,2024,53093.3
01658000,Алтайский край,Чарышский муниципальный район,Всего по обследуемым видам экономической деятельности,2022,28829.0
01659000,Алтайский край,Шипуновский муниципальный район,Всего по обследуемым видам экономической деятельности,2022,34313.0
01659000,Алтайский край,Шипуновский муниципальный район,Всего по обследуемым видам экономической деятельности,2023,39260.0
01659000,Алтайский край,Шипуновский муниципальный район,Всего по обследуемым видам экономической деятельности,2024,45316.7
01660000,Алтайский край,Немецкий национальный муниципальный район,Всего по обследуемым видам экономической деятельности,2022,33267.6
01660000,Алтайский край,Немецкий национальный муниципальный район,Всего по обследуемым видам экономической деятельности,2023,39067.5
01660000,Алтайский край,Немецкий национальный муниципальный район,Всего по обследуемым видам экономической деятельности,2024,45594.7
01701000,Алтайский край,Город Барнаул,Всего по обследуемым видам экономической деятельности,2022,50582.9
01701000,Алтайский край,Город Барнаул,Всего по обследуемым видам экономической деятельности,2023,58747.8
01701000,Алтайский край,Город Барнаул,Всего по обследуемым видам экономической деятельности,2024,69580.5
01703000,Алтайский край,Город Алейск,Всего по обследуемым видам экономической деятельности,2022,42610.7
01703000,Алтайский край,Город Алейск,Всего по обследуемым видам экономической деятельности,2023,49221.9
01703000,Алтайский край,Город Алейск,Всего по обследуемым видам экономической деятельности,2024,58039.4
01704000,Алтайский край,Город Белокуриха,Всего по обследуемым видам экономической деятельности,2022,47381.6
01704000,Алтайский край,Город Белокуриха,Всего по обследуемым видам экономической деятельности,2023,55378.6
01704000,Алтайский край,Город Белокуриха,Всего по обследуемым видам экономической деятельности,2024,63592.4
01705000,Алтайский край,Город Бийск,Всего по обследуемым видам экономической деятельности,2022,41541.3
01705000,Алтайский край,Город Бийск,Всего по обследуемым видам экономической деятельности,2023,50561.2
01705000,Алтайский край,Город Бийск,Всего по обследуемым видам экономической деятельности,2024,63225.9
01706000,Алтайский край,Город Заринск,Всего по обследуемым видам экономической деятельности,2022,49263.6
01706000,Алтайский край,Город Заринск,Всего по обследуемым видам экономической деятельности,2023,53069.6
01706000,Алтайский край,Город Заринск,Всего по обследуемым видам экономической деятельности,2024,64679.3
01713000,Алтайский край,Город Новоалтайск,Всего по обследуемым видам экономической деятельности,2022,47798.0
01713000,Алтайский край,Город Новоалтайск,Всего по обследуемым видам экономической деятельности,2023,57788.2
01713000,Алтайский край,Город Новоалтайск,Всего по обследуемым видам экономической деятельности,2024,69360.9
01716000,Алтайский край,Город Рубцовск,Всего по обследуемым видам экономической деятельности,2022,37811.2
01716000,Алтайский край,Город Рубцовск,Всего по обследуемым видам экономической деятельности,2023,44377.4
01716000,Алтайский край,Город Рубцовск,Всего по обследуемым видам экономической деятельности,2024,52545.2
01719000,Алтайский край,Город Славгород,Всего по обследуемым видам экономической деятельности,2022,36364.3
01730000,Алтайский край,Город Яровое,Всего по обследуемым видам экономической деятельности,2022,33866.1
01730000,Алтайский край,Город Яровое,Всего по обследуемым видам экономической деятельности,2023,39385.2
01730000,Алтайский край,Город Яровое,Всего по обследуемым видам экономической деятельности,2024,46916.8
01755000,Алтайский край,ЗАТО Сибирский,Всего по обследуемым видам экономической деятельности,2022,32735.8
01755000,Алтайский край,ЗАТО Сибирский,Всего по обследуемым видам экономической деятельности,2023,35930.7
01755000,Алтайский край,ЗАТО Сибирский,Всего по обследуемым видам экономической деятельности,2024,42767.9
03601000,Краснодарский край,Абинский муниципальный район,Всего по обследуемым видам экономической деятельности,2022,45516.9
03601000,Краснодарский край,Абинский муниципальный район,Всего по обследуемым видам экономической деятельности,2023,52059.8
03601000,Краснодарский край,Абинский муниципальный район,Всего по обследуемым видам экономической деятельности,2024,63173.6
03605000,Краснодарский край,Апшеронский муниципальный район,Всего по обследуемым видам экономической деятельности,2022,39381.0
03605000,Краснодарский край,Апшеронский муниципальный район,Всего по обследуемым видам экономической деятельности,2023,44575.7
03605000,Краснодарский край,Апшеронский муниципальный район,Всего по обследуемым видам экономической деятельности,2024,52268.1
03607000,Краснодарский край,Белоглинский муниципальный район,Всего по обследуемым видам экономической деятельности,2022,40978.8
03607000,Краснодарский край,Белоглинский муниципальный район,Всего по обследуемым видам экономической деятельности,2023,47114.4
03607000,Краснодарский край,Белоглинский муниципальный район,Всего по обследуемым видам экономической деятельности,2024,56065.1
03608000,Краснодарский край,Белореченский муниципальный район,Всего по обследуемым видам экономической деятельности,2022,41921.0
03608000,Краснодарский край,Белореченский муниципальный район,Всего по обследуемым видам экономической деятельности,2023,48111.7
03608000,Краснодарский край,Белореченский муниципальный район,Всего по обследуемым видам экономической деятельности,2024,60408.3
03610000,Краснодарский край,Брюховецкий муниципальный район,Всего по обследуемым видам экономической деятельности,2022,40329.9
03610000,Краснодарский край,Брюховецкий муниципальный район,Всего по обследуемым видам экономической деятельности,2023,46226.4
03610000,Краснодарский край,Брюховецкий муниципальный район,Всего по обследуемым видам экономической деятельности,2024,53656.6
03612000,Краснодарский край,Выселковский муниципальный район,Всего по обследуемым видам экономической деятельности,2022,51339.0
03612000,Краснодарский край,Выселковский муниципальный район,Всего по обследуемым видам экономической деятельности,2023,58559.8
03612000,Краснодарский край,Выселковский муниципальный район,Всего по обследуемым видам экономической деятельности,2024,68907.5
03613000,Краснодарский край,Гулькевичский муниципальный район,Всего по обследуемым видам экономической деятельности,2022,42730.7
03613000,Краснодарский край,Гулькевичский муниципальный район,Всего по обследуемым видам экономической деятельности,2023,49731.5
03613000,Краснодарский край,Гулькевичский муниципальный район,Всего по обследуемым видам экономической деятельности,2024,59979.9
03614000,Краснодарский край,Динской муниципальный район,Всего по обследуемым видам экономической деятельности,2022,46754.9
03614000,Краснодарский край,Динской муниципальный район,Всего по обследуемым видам экономической деятельности,2023,51592.5
03614000,Краснодарский край,Динской муниципальный район,Всего по обследуемым видам экономической деятельности,2024,62887.8
03616000,Краснодарский край,Ейский муниципальный район,Всего по обследуемым видам экономической деятельности,2022,39134.5
03616000,Краснодарский край,Ейский муниципальный район,Всего по обследуемым видам экономической деятельности,2023,43955.0
03616000,Краснодарский край,Ейский муниципальный район,Всего по обследуемым видам экономической деятельности,2024,53876.6
03618000,Краснодарский край,Кавказский муниципальный район,Всего по обследуемым видам экономической деятельности,2022,41963.9
03618000,Краснодарский край,Кавказский муниципальный район,Всего по обследуемым видам экономической деятельности,2023,48847.2
03618000,Краснодарский край,Кавказский муниципальный район,Всего по обследуемым видам экономической деятельности,2024,59007.7
03619000,Краснодарский край,Калининский муниципальный район,Всего по обследуемым видам экономической деятельности,2022,37704.3
03619000,Краснодарский край,Калининский муниципальный район,Всего по обследуемым видам экономической деятельности,2023,43264.5
03619000,Краснодарский край,Калининский муниципальный район,Всего по обследуемым видам экономической деятельности,2024,52794.2
03620000,Краснодарский край,Каневской муниципальный район,Всего по обследуемым видам экономической деятельности,2022,43151.5
03620000,Краснодарский край,Каневской муниципальный район,Всего по обследуемым видам экономической деятельности,2023,48909.7
03620000,Краснодарский край,Каневской муниципальный район,Всего по обследуемым видам экономической деятельности,2024,59277.7
03621000,Краснодарский край,Кореновский муниципальный район,Всего по обследуемым видам экономической деятельности,2022,43272.1
03621000,Краснодарский край,Кореновский муниципальный район,Всего по обследуемым видам экономической деятельности,2023,50243.3
03621000,Краснодарский край,Кореновский муниципальный район,Всего по обследуемым видам экономической деятельности,2024,59126.4
03623000,Краснодарский край,Красноармейский муниципальный район,Всего по обследуемым видам экономической деятельности,2022,42080.2
03623000,Краснодарский край,Красноармейский муниципальный район,Всего по обследуемым видам экономической деятельности,2023,48659.9
03623000,Краснодарский край,Красноармейский муниципальный район,Всего по обследуемым видам экономической деятельности,2024,61254.6
03624000,Краснодарский край,Крыловский муниципальный район,Всего по обследуемым видам экономической деятельности,2022,37969.0
03624000,Краснодарский край,Крыловский муниципальный район,Всего по обследуемым видам экономической деятельности,2023,44140.0
03624000,Краснодарский край,Крыловский муниципальный район,Всего по обследуемым видам экономической деятельности,2024,54827.2
03625000,Краснодарский край,Крымский муниципальный район,Всего по обследуемым видам экономической деятельности,2022,46100.4
03625000,Краснодарский край,Крымский муниципальный район,Всего по обследуемым видам экономической деятельности,2023,51081.7
03625000,Краснодарский край,Крымский муниципальный район,Всего по обследуемым видам экономической деятельности,2024,60105.1
03627000,Краснодарский край,Курганинский муниципальный район,Всего по обследуемым видам экономической деятельности,2022,35879.6
03627000,Краснодарский край,Курганинский муниципальный район,Всего по обследуемым видам экономической деятельности,2023,41602.5
03627000,Краснодарский край,Курганинский муниципальный район,Всего по обследуемым видам экономической деятельности,2024,51512.1
03628000,Краснодарский край,Кущевский муниципальный район,Всего по обследуемым видам экономической деятельности,2022,43046.8
03628000,Краснодарский край,Кущевский муниципальный район,Всего по обследуемым видам экономической деятельности,2023,53297.9
03628000,Краснодарский край,Кущевский муниципальный район,Всего по обследуемым видам экономической деятельности,2024,63865.0
03630000,Краснодарский край,Лабинский муниципальный район,Всего по обследуемым видам экономической деятельности,2022,38513.0
03630000,Краснодарский край,Лабинский муниципальный район,Всего по обследуемым видам экономической деятельности,2023,43990.9
03630000,Краснодарский край,Лабинский муниципальный район,Всего по обследуемым видам экономической деятельности,2024,51461.3
03632000,Краснодарский край,Ленинградский муниципальный район,Всего по обследуемым видам экономической деятельности,2022,43906.9
03632000,Краснодарский край,Ленинградский муниципальный район,Всего по обследуемым видам экономической деятельности,2023,50944.2
03632000,Краснодарский край,Ленинградский муниципальный район,Всего по обследуемым видам экономической деятельности,2024,60204.2
03633000,Краснодарский край,Мостовский муниципальный район,Всего по обследуемым видам экономической деятельности,2022,39243.4
03633000,Краснодарский край,Мостовский муниципальный район,Всего по обследуемым видам экономической деятельности,2023,44236.6
03633000,Краснодарский край,Мостовский муниципальный район,Всего по обследуемым видам экономической деятельности,2024,52439.3
03634000,Краснодарский край,Новокубанский муниципальный район,Всего по обследуемым видам экономической деятельности,2022,42173.5
03634000,Краснодарский край,Новокубанский муниципальный район,Всего по обследуемым видам экономической деятельности,2023,47329.7
03634000,Краснодарский край,Новокубанский муниципальный район,Всего по обследуемым видам экономической деятельности,2024,58861.8
03635000,Краснодарский край,Новопокровский муниципальный район,Всего по обследуемым видам экономической деятельности,2022,37732.4
03635000,Краснодарский край,Новопокровский муниципальный район,Всего по обследуемым видам экономической деятельности,2023,43293.8
03635000,Краснодарский край,Новопокровский муниципальный район,Всего по обследуемым видам экономической деятельности,2024,53381.1
03637000,Краснодарский край,Отрадненский муниципальный район,Всего по обследуемым видам экономической деятельности,2022,38014.2
03637000,Краснодарский край,Отрадненский муниципальный район,Всего по обследуемым видам экономической деятельности,2023,42928.1
03637000,Краснодарский край,Отрадненский муниципальный район,Всего по обследуемым видам экономической деятельности,2024,52292.7
03639000,Краснодарский край,Павловский муниципальный район,Всего по обследуемым видам экономической деятельности,2022,41137.4
03639000,Краснодарский край,Павловский муниципальный район,Всего по обследуемым видам экономической деятельности,2023,47154.5
03639000,Краснодарский край,Павловский муниципальный район,Всего по обследуемым видам экономической деятельности,2024,56273.9
03641000,Краснодарский край,Приморско-Ахтарский муниципальный район,Всего по обследуемым видам экономической деятельности,2022,35835.1
03641000,Краснодарский край,Приморско-Ахтарский муниципальный район,Всего по обследуемым видам экономической деятельности,2023,40858.6
03641000,Краснодарский край,Приморско-Ахтарский муниципальный район,Всего по обследуемым видам экономической деятельности,2024,49020.7
03643000,Краснодарский край,Северский муниципальный район,Всего по обследуемым видам экономической деятельности,2022,53196.6
03643000,Краснодарский край,Северский муниципальный район,Всего по обследуемым видам экономической деятельности,2023,61314.5
03643000,Краснодарский край,Северский муниципальный район,Всего по обследуемым видам экономической деятельности,2024,79424.7
03645000,Краснодарский край,Славянский муниципальный район,Всего по обследуемым видам экономической деятельности,2022,49616.2
03645000,Краснодарский край,Славянский муниципальный район,Всего по обследуемым видам экономической деятельности,2023,57772.6
03645000,Краснодарский край,Славянский муниципальный район,Всего по обследуемым видам экономической деятельности,2024,71775.0
03647000,Краснодарский край,Староминский муниципальный район,Всего по обследуемым видам экономической деятельности,2022,40390.0
03647000,Краснодарский край,Староминский муниципальный район,Всего по обследуемым видам экономической деятельности,2023,46491.1
03647000,Краснодарский край,Староминский муниципальный район,Всего по обследуемым видам экономической деятельности,2024,55306.9
03649000,Краснодарский край,Тбилисский муниципальный район,Всего по обследуемым видам экономической деятельности,2022,40564.1
03649000,Краснодарский край,Тбилисский муниципальный район,Всего по обследуемым видам экономической деятельности,2023,46827.6
03649000,Краснодарский край,Тбилисский муниципальный район,Всего по обследуемым видам экономической деятельности,2024,56943.1
03651000,Краснодарский край,Темрюкский муниципальный район,Всего по обследуемым видам экономической деятельности,2022,58219.3
03651000,Краснодарский край,Темрюкский муниципальный район,Всего по обследуемым видам экономической деятельности,2023,68076.4
03651000,Краснодарский край,Темрюкский муниципальный район,Всего по обследуемым видам экономической деятельности,2024,84527.5
03653000,Краснодарский край,Тимашевский муниципальный район,Всего по обследуемым видам экономической деятельности,2022,49149.2
03653000,Краснодарский край,Тимашевский муниципальный район,Всего по обследуемым видам экономической деятельности,2023,56855.7
03653000,Краснодарский край,Тимашевский муниципальный район,Всего по обследуемым видам экономической деятельности,2024,67084.7
03654000,Краснодарский край,Тихорецкий муниципальный район,Всего по обследуемым видам экономической деятельности,2022,43240.2
03654000,Краснодарский край,Тихорецкий муниципальный район,Всего по обследуемым видам экономической деятельности,2023,50581.9
03654000,Краснодарский край,Тихорецкий муниципальный район,Всего по обследуемым видам экономической деятельности,2024,60215.9
03655000,Краснодарский край,Туапсинский муниципальный район,Всего по обследуемым видам экономической деятельности,2022,50544.6
03655000,Краснодарский край,Туапсинский муниципальный район,Всего по обследуемым видам экономической деятельности,2023,57665.9
03655000,Краснодарский край,Туапсинский муниципальный район,Всего по обследуемым видам экономической деятельности,2024,67926.8
03656000,Краснодарский край,Успенский муниципальный район,Всего по обследуемым видам экономической деятельности,2022,44073.4
03656000,Краснодарский край,Успенский муниципальный район,Всего по обследуемым видам экономической деятельности,2023,50351.0
03656000,Краснодарский край,Успенский муниципальный район,Всего по обследуемым видам экономической деятельности,2024,59136.8
03657000,Краснодарский край,Усть-Лабинский муниципальный район,Всего по обследуемым видам экономической деятельности,2022,42662.3
03657000,Краснодарский край,Усть-Лабинский муниципальный район,Всего по обследуемым видам экономической деятельности,2023,48832.2
03657000,Краснодарский край,Усть-Лабинский муниципальный район,Всего по обследуемым видам экономической деятельности,2024,59559.7
03659000,Краснодарский край,Щербиновский муниципальный район,Всего по обследуемым видам экономической деятельности,2022,40226.9
03659000,Краснодарский край,Щербиновский муниципальный район,Всего по обследуемым видам экономической деятельности,2023,45673.4
03659000,Краснодарский край,Щербиновский муниципальный район,Всего по обследуемым видам экономической деятельности,2024,54262.1
03701000,Краснодарский край,Город Краснодар,Всего по обследуемым видам экономической деятельности,2022,65505.9
03701000,Краснодарский край,Город Краснодар,Всего по обследуемым видам экономической деятельности,2023,75785.7
03701000,Краснодарский край,Город Краснодар,Всего по обследуемым видам экономической деятельности,2024,89499.9
03703000,Краснодарский край,Город-курорт Анапа,Всего по обследуемым видам экономической деятельности,2022,43705.8
03703000,Краснодарский край,Город-курорт Анапа,Всего по обследуемым видам экономической деятельности,2023,50869.5
03703000,Краснодарский край,Город-курорт Анапа,Всего по обследуемым видам экономической деятельности,2024,62611.5
03705000,Краснодарский край,Город Армавир,Всего по обследуемым видам экономической деятельности,2022,40364.6
03705000,Краснодарский край,Город Армавир,Всего по обследуемым видам экономической деятельности,2023,45877.5
03705000,Краснодарский край,Город Армавир,Всего по обследуемым видам экономической деятельности,2024,55466.1
03708000,Краснодарский край,Город-курорт Геленджик,Всего по обследуемым видам экономической деятельности,2022,49747.9
03708000,Краснодарский край,Город-курорт Геленджик,Всего по обследуемым видам экономической деятельности,2023,57743.6
03708000,Краснодарский край,Город-курорт Геленджик,Всего по обследуемым видам экономической деятельности,2024,74543.9
03709000,Краснодарский край,Город Горячий Ключ,Всего по обследуемым видам экономической деятельности,2022,39449.5
03709000,Краснодарский край,Город Горячий Ключ,Всего по обследуемым видам экономической деятельности,2023,44218.7
03709000,Краснодарский край,Город Горячий Ключ,Всего по обследуемым видам экономической деятельности,2024,52671.4
03720000,Краснодарский край,Город Новороссийск,Всего по обследуемым видам экономической деятельности,2022,62680.9
03720000,Краснодарский край,Город Новороссийск,Всего по обследуемым видам экономической деятельности,2023,72162.4
03720000,Краснодарский край,Город Новороссийск,Всего по обследуемым видам экономической деятельности,2024,86653.1
03726000,Краснодарский край,Город-курорт Сочи,Всего по обследуемым видам экономической деятельности,2022,58009.1
03726000,Краснодарский край,Город-курорт Сочи,Всего по обследуемым видам экономической деятельности,2023,67318.2
03726000,Краснодарский край,Город-курорт Сочи,Всего по обследуемым видам экономической деятельности,2024,80048.8
03731000,Краснодарский край,Сириус,Всего по обследуемым видам экономической деятельности,2022,84873.5
03731000,Краснодарский край,Сириус,Всего по обследуемым видам экономической деятельности,2023,106446.9
03731000,Краснодарский край,Сириус,Всего по обследуемым видам экономической деятельности,2024,133910.6
04545000,Красноярский край,Пировский муниципальный округ,Всего по обследуемым видам экономической деятельности,2022,45418.9
04545000,Красноярский край,Пировский муниципальный округ,Всего по обследуемым видам экономической деятельности,2023,49974.9
04545000,Красноярский край,Пировский муниципальный округ,Всего по обследуемым видам экономической деятельности,2024,58840.6
04555000,Красноярский край,Тюхтетский муниципальный округ,Всего по обследуемым видам экономической деятельности,2022,44758.5
04555000,Красноярский край,Тюхтетский муниципальный округ,Всего по обследуемым видам экономической деятельности,2023,50923.0
04555000,Красноярский край,Тюхтетский муниципальный округ,Всего по обследуемым видам экономической деятельности,2024,58910.8
04558000,Красноярский край,Шарыповский муниципальный округ,Всего по обследуемым видам экономической деятельности,2022,63504.8
04558000,Красноярский край,Шарыповский муниципальный округ,Всего по обследуемым видам экономической деятельности,2023,72164.3
04558000,Красноярский край,Шарыповский муниципальный округ,Всего по обследуемым видам экономической деятельности,2024,82687.4
04601000,Красноярский край,Абанский муниципальный район,Всего по обследуемым видам экономической деятельности,2022,42845.8
04601000,Красноярский край,Абанский муниципальный район,Всего по обследуемым видам экономической деятельности,2023,48979.7
04601000,Красноярский край,Абанский муниципальный район,Всего по обследуемым видам экономической деятельности,2024,57179.1
04603000,Красноярский край,Ачинский муниципальный район,Всего по обследуемым видам экономической деятельности,2022,53318.8
04603000,Красноярский край,Ачинский муниципальный район,Всего по обследуемым видам экономической деятельности,2023,61794.4
04603000,Красноярский край,Ачинский муниципальный район,Всего по обследуемым видам экономической деятельности,2024,72609.3
04604000,Красноярский край,Балахтинский муниципальный район,Всего по обследуемым видам экономической деятельности,2022,47342.7
04604000,Красноярский край,Балахтинский муниципальный район,Всего по обследуемым видам экономической деятельности,2023,55200.7
04604000,Красноярский край,Балахтинский муниципальный район,Всего по обследуемым видам экономической деятельности,2024,65358.9
04605000,Красноярский край,Березовский муниципальный район,Всего по обследуемым видам экономической деятельности,2022,56481.2
04605000,Красноярский край,Березовский муниципальный район,Всего по обследуемым видам экономической деятельности,2023,63829.9
04605000,Красноярский край,Березовский муниципальный район,Всего по обследуемым видам экономической деятельности,2024,74424.1
04606000,Красноярский край,Бирилюсский муниципальный район,Всего по обследуемым видам экономической деятельности,2022,46726.5
04606000,Красноярский край,Бирилюсский муниципальный район,Всего по обследуемым видам экономической деятельности,2023,52108.5
04606000,Красноярский край,Бирилюсский муниципальный район,Всего по обследуемым видам экономической деятельности,2024,59903.0
04608000,Красноярский край,Боготольский муниципальный район,Всего по обследуемым видам экономической деятельности,2022,46057.8
04608000,Красноярский край,Боготольский муниципальный район,Всего по обследуемым видам экономической деятельности,2023,53974.8
04608000,Красноярский край,Боготольский муниципальный район,Всего по обследуемым видам экономической деятельности,2024,62428.3
04609000,Красноярский край,Богучанский муниципальный район,Всего по обследуемым видам экономической деятельности,2022,66984.0
04609000,Красноярский край,Богучанский муниципальный район,Всего по обследуемым видам экономической деятельности,2023,75507.9
04609000,Красноярский край,Богучанский муниципальный район,Всего по обследуемым видам экономической деятельности,2024,86545.7
04610000,Красноярский край,Большемуртинский муниципальный район,Всего по обследуемым видам экономической деятельности,2022,46966.6
04610000,Красноярский край,Большемуртинский муниципальный район,Всего по обследуемым видам экономической деятельности,2023,53325.8
04610000,Красноярский край,Большемуртинский муниципальный район,Всего по обследуемым видам экономической деятельности,2024,62263.9
04611000,Красноярский край,Большеулуйский муниципальный район,Всего по обследуемым видам экономической деятельности,2022,80054.9
04611000,Красноярский край,Большеулуйский муниципальный район,Всего по обследуемым видам экономической деятельности,2023,90970.3
04611000,Красноярский край,Большеулуйский муниципальный район,Всего по обследуемым видам экономической деятельности,2024,108725.7
04613000,Красноярский край,Дзержинский муниципальный район,Всего по обследуемым видам экономической деятельности,2022,43359.0
04613000,Красноярский край,Дзержинский муниципальный район,Всего по обследуемым видам экономической деятельности,2023,48888.1
04613000,Красноярский край,Дзержинский муниципальный район,Всего по обследуемым видам экономической деятельности,2024,57387.7
04614000,Красноярский край,Емельяновский муниципальный район,Всего по обследуемым видам экономической деятельности,2022,65058.1
04614000,Красноярский край,Емельяновский муниципальный район,Всего по обследуемым видам экономической деятельности,2023,76918.3
04614000,Красноярский край,Емельяновский муниципальный район,Всего по обследуемым видам экономической деятельности,2024,93491.1
04615000,Красноярский край,Енисейский муниципальный район,Всего по обследуемым видам экономической деятельности,2022,59461.7
04615000,Красноярский край,Енисейский муниципальный район,Всего по обследуемым видам экономической деятельности,2023,66819.4
04615000,Красноярский край,Енисейский муниципальный район,Всего по обследуемым видам экономической деятельности,2024,79274.1
04616000,Красноярский край,Ермаковский муниципальный район,Всего по обследуемым видам экономической деятельности,2022,42749.4
04616000,Красноярский край,Ермаковский муниципальный район,Всего по обследуемым видам экономической деятельности,2023,49451.8
04616000,Красноярский край,Ермаковский муниципальный район,Всего по обследуемым видам экономической деятельности,2024,57832.4
04617000,Красноярский край,Идринский муниципальный район,Всего по обследуемым видам экономической деятельности,2022,44076.2
04617000,Красноярский край,Идринский муниципальный район,Всего по обследуемым видам экономической деятельности,2023,48869.5
04617000,Красноярский край,Идринский муниципальный район,Всего по обследуемым видам экономической деятельности,2024,56047.9
04618000,Красноярский край,Иланский муниципальный район,Всего по обследуемым видам экономической деятельности,2022,57577.7
04618000,Красноярский край,Иланский муниципальный район,Всего по обследуемым видам экономической деятельности,2023,65540.4
04618000,Красноярский край,Иланский муниципальный район,Всего по обследуемым видам экономической деятельности,2024,78793.0
04619000,Красноярский край,Ирбейский муниципальный район,Всего по обследуемым видам экономической деятельности,2022,51198.3
04619000,Красноярский край,Ирбейский муниципальный район,Всего по обследуемым видам экономической деятельности,2023,63167.5
04619000,Красноярский край,Ирбейский муниципальный район,Всего по обследуемым видам экономической деятельности,2024,75513.9
04620000,Красноярский край,Казачинский муниципальный район,Всего по обследуемым видам экономической деятельности,2022,42942.7
04620000,Красноярский край,Казачинский муниципальный район,Всего по обследуемым видам экономической деятельности,2023,48766.5
04620000,Красноярский край,Казачинский муниципальный район,Всего по обследуемым видам экономической деятельности,2024,57344.0
04621000,Красноярский край,Канский муниципальный район,Всего по обследуемым видам экономической деятельности,2022,42005.0
04621000,Красноярский край,Канский муниципальный район,Всего по обследуемым видам экономической деятельности,2023,46069.1
04621000,Красноярский край,Канский муниципальный район,Всего по обследуемым видам экономической деятельности,2024,53629.1
04622000,Красноярский край,Каратузский муниципальный район,Всего по обследуемым видам экономической деятельности,2022,43071.4
04622000,Красноярский край,Каратузский муниципальный район,Всего по обследуемым видам экономической деятельности,2023,49145.4
04622000,Красноярский край,Каратузский муниципальный район,Всего по обследуемым видам экономической деятельности,2024,60723.7
04624000,Красноярский край,Кежемский муниципальный район,Всего по обследуемым видам экономической деятельности,2022,72332.7
04624000,Красноярский край,Кежемский муниципальный район,Всего по обследуемым видам экономической деятельности,2023,80173.5
04624000,Красноярский край,Кежемский муниципальный район,Всего по обследуемым видам экономической деятельности,2024,96691.5
04626000,Красноярский край,Козульский муниципальный район,Всего по обследуемым видам экономической деятельности,2022,50209.5
04626000,Красноярский край,Козульский муниципальный район,Всего по обследуемым видам экономической деятельности,2023,56907.8
04626000,Красноярский край,Козульский муниципальный район,Всего по обследуемым видам экономической деятельности,2024,66336.4
04628000,Красноярский край,Краснотуранский муниципальный район,Всего по обследуемым видам экономической деятельности,2022,40820.0
04628000,Красноярский край,Краснотуранский муниципальный район,Всего по обследуемым видам экономической деятельности,2023,45489.2
04628000,Красноярский край,Краснотуранский муниципальный район,Всего по обследуемым видам экономической деятельности,2024,52475.8
04630000,Красноярский край,Курагинский муниципальный район,Всего по обследуемым видам экономической деятельности,2022,44585.1
04630000,Красноярский край,Курагинский муниципальный район,Всего по обследуемым видам экономической деятельности,2023,51439.7
04630000,Красноярский край,Курагинский муниципальный район,Всего по обследуемым видам экономической деятельности,2024,61814.0
04631000,Красноярский край,Манский муниципальный район,Всего по обследуемым видам экономической деятельности,2022,42712.9
04631000,Красноярский край,Манский муниципальный район,Всего по обследуемым видам экономической деятельности,2023,47917.8
04631000,Красноярский край,Манский муниципальный район,Всего по обследуемым видам экономической деятельности,2024,56676.4
04633000,Красноярский край,Минусинский муниципальный район,Всего по обследуемым видам экономической деятельности,2022,41905.6
04633000,Красноярский край,Минусинский муниципальный район,Всего по обследуемым видам экономической деятельности,2023,47006.3
04633000,Красноярский край,Минусинский муниципальный район,Всего по обследуемым видам экономической деятельности,2024,56414.6
04635000,Красноярский край,Мотыгинский муниципальный район,Всего по обследуемым видам экономической деятельности,2022,70719.6
04635000,Красноярский край,Мотыгинский муниципальный район,Всего по обследуемым видам экономической деятельности,2023,82637.1
04635000,Красноярский край,Мотыгинский муниципальный район,Всего по обследуемым видам экономической деятельности,2024,100468.3
04637000,Красноярский край,Назаровский муниципальный район,Всего по обследуемым видам экономической деятельности,2022,40655.5
04637000,Красноярский край,Назаровский муниципальный район,Всего по обследуемым видам экономической деятельности,2023,44502.6
04637000,Красноярский край,Назаровский муниципальный район,Всего по обследуемым видам экономической деятельности,2024,52695.7
04639000,Красноярский край,Нижнеингашский муниципальный район,Всего по обследуемым видам экономической деятельности,2022,43730.2
04639000,Красноярский край,Нижнеингашский муниципальный район,Всего по обследуемым видам экономической деятельности,2023,49782.7
04639000,Красноярский край,Нижнеингашский муниципальный район,Всего по обследуемым видам экономической деятельности,2024,59387.1
04641000,Красноярский край,Новоселовский муниципальный район,Всего по обследуемым видам экономической деятельности,2022,44093.9
04641000,Красноярский край,Новоселовский муниципальный район,Всего по обследуемым видам экономической деятельности,2023,49963.0
04641000,Красноярский край,Новоселовский муниципальный район,Всего по обследуемым видам экономической деятельности,2024,58707.4
04643000,Красноярский край,Партизанский муниципальный район,Всего по обследуемым видам экономической деятельности,2022,49217.1
04643000,Красноярский край,Партизанский муниципальный район,Всего по обследуемым видам экономической деятельности,2023,55688.7
04643000,Красноярский край,Партизанский муниципальный район,Всего по обследуемым видам экономической деятельности,2024,65385.3
04647000,Красноярский край,Рыбинский муниципальный район,Всего по обследуемым видам экономической деятельности,2022,52883.1
04647000,Красноярский край,Рыбинский муниципальный район,Всего по обследуемым видам экономической деятельности,2023,61650.4
04647000,Красноярский край,Рыбинский муниципальный район,Всего по обследуемым видам экономической деятельности,2024,71689.9
04648000,Красноярский край,Саянский муниципальный район,Всего по обследуемым видам экономической деятельности,2022,44194.9
04648000,Красноярский край,Саянский муниципальный район,Всего по обследуемым видам экономической деятельности,2023,49405.3
04648000,Красноярский край,Саянский муниципальный район,Всего по обследуемым видам экономической деятельности,2024,56506.0
04649000,Красноярский край,Северо-Енисейский муниципальный район,Всего по обследуемым видам экономической деятельности,2022,114928.5
04649000,Красноярский край,Северо-Енисейский муниципальный район,Всего по обследуемым видам экономической деятельности,2023,126881.5
04649000,Красноярский край,Северо-Енисейский муниципальный район,Всего по обследуемым видам экономической деятельности,2024,154150.8
04650000,Красноярский край,Эвенкийский муниципальный район,Всего по обследуемым видам экономической деятельности,2022,94206.6
04650000,Красноярский край,Эвенкийский муниципальный район,Всего по обследуемым видам экономической деятельности,2023,111886.4
04650000,Красноярский край,Эвенкийский муниципальный район,Всего по обследуемым видам экономической деятельности,2024,133246.0
04651000,Красноярский край,Сухобузимский муниципальный район,Всего по обследуемым видам экономической деятельности,2022,40996.8
04651000,Красноярский край,Сухобузимский муниципальный район,Всего по обследуемым видам экономической деятельности,2023,48272.4
04651000,Красноярский край,Сухобузимский муниципальный район,Всего по обследуемым видам экономической деятельности,2024,59181.9
04652000,Красноярский край,Тасеевский муниципальный район,Всего по обследуемым видам экономической деятельности,2022,43699.8
04652000,Красноярский край,Тасеевский муниципальный район,Всего по обследуемым видам экономической деятельности,2023,48877.7
04652000,Красноярский край,Тасеевский муниципальный район,Всего по обследуемым видам экономической деятельности,2024,56323.3
04653000,Красноярский край,Таймырский Долгано-Ненецкий муниципальный район,Всего по обследуемым видам экономической деятельности,2022,120708.1
04653000,Красноярский край,Таймырский Долгано-Ненецкий муниципальный район,Всего по обследуемым видам экономической деятельности,2023,135004.6
04653000,Красноярский край,Таймырский Долгано-Ненецкий муниципальный район,Всего по обследуемым видам экономической деятельности,2024,162835.1
04654000,Красноярский край,Туруханский муниципальный район,Всего по обследуемым видам экономической деятельности,2022,109059.9
04654000,Красноярский край,Туруханский муниципальный район,Всего по обследуемым видам экономической деятельности,2023,121725.1
04654000,Красноярский край,Туруханский муниципальный район,Всего по обследуемым видам экономической деятельности,2024,152563.2
04656000,Красноярский край,Ужурский муниципальный район,Всего по обследуемым видам экономической деятельности,2022,54730.9
04656000,Красноярский край,Ужурский муниципальный район,Всего по обследуемым видам экономической деятельности,2023,60386.4
04656000,Красноярский край,Ужурский муниципальный район,Всего по обследуемым видам экономической деятельности,2024,68907.9
04657000,Красноярский край,Уярский муниципальный район,Всего по обследуемым видам экономической деятельности,2022,44132.1
04657000,Красноярский край,Уярский муниципальный район,Всего по обследуемым видам экономической деятельности,2023,52226.8
04657000,Красноярский край,Уярский муниципальный район,Всего по обследуемым видам экономической деятельности,2024,63090.6
04659000,Красноярский край,Шушенский муниципальный район,Всего по обследуемым видам экономической деятельности,2022,42765.2
04659000,Красноярский край,Шушенский муниципальный район,Всего по обследуемым видам экономической деятельности,2023,48663.4
04659000,Красноярский край,Шушенский муниципальный район,Всего по обследуемым видам экономической деятельности,2024,58071.5
04701000,Красноярский край,Город Красноярск,Всего по обследуемым видам экономической деятельности,2022,73479.8
04701000,Красноярский край,Город Красноярск,Всего по обследуемым видам экономической деятельности,2023,83947.8
04701000,Красноярский край,Город Красноярск,Всего по обследуемым видам экономической деятельности,2024,98129.1
04703000,Красноярский край,Город Ачинск,Всего по обследуемым видам экономической деятельности,2022,60852.8
04703000,Красноярский край,Город Ачинск,Всего по обследуемым видам экономической деятельности,2023,67165.3
04703000,Красноярский край,Город Ачинск,Всего по обследуемым видам экономической деятельности,2024,77971.8
04706000,Красноярский край,Город Боготол,Всего по обследуемым видам экономической деятельности,2022,56909.3
04706000,Красноярский край,Город Боготол,Всего по обследуемым видам экономической деятельности,2023,63938.0
04706000,Красноярский край,Город Боготол,Всего по обследуемым видам экономической деятельности,2024,76854.3
04707000,Красноярский край,Город Бородино,Всего по обследуемым видам экономической деятельности,2022,56585.3
04707000,Красноярский край,Город Бородино,Всего по обследуемым видам экономической деятельности,2023,66142.0
04707000,Красноярский край,Город Бородино,Всего по обследуемым видам экономической деятельности,2024,76667.8
04709000,Красноярский край,Город Дивногорск,Всего по обследуемым видам экономической деятельности,2022,61916.8
04709000,Красноярский край,Город Дивногорск,Всего по обследуемым видам экономической деятельности,2023,70877.0
04709000,Красноярский край,Город Дивногорск,Всего по обследуемым видам экономической деятельности,2024,80847.9
04712000,Красноярский край,Город Енисейск,Всего по обследуемым видам экономической деятельности,2022,54548.0
04712000,Красноярский край,Город Енисейск,Всего по обследуемым видам экономической деятельности,2023,62151.0
04712000,Красноярский край,Город Енисейск,Всего по обследуемым видам экономической деятельности,2024,71515.6
04720000,Красноярский край,Город Канск,Всего по обследуемым видам экономической деятельности,2022,48730.4
04720000,Красноярский край,Город Канск,Всего по обследуемым видам экономической деятельности,2023,54955.9
04720000,Красноярский край,Город Канск,Всего по обследуемым видам экономической деятельности,2024,63207.1
04722000,Красноярский край,Город Лесосибирск,Всего по обследуемым видам экономической деятельности,2022,57723.4
04722000,Красноярский край,Город Лесосибирск,Всего по обследуемым видам экономической деятельности,2023,64895.3
04722000,Красноярский край,Город Лесосибирск,Всего по обследуемым видам экономической деятельности,2024,75147.0
04723000,Красноярский край,Город Минусинск,Всего по обследуемым видам экономической деятельности,2022,50498.0
04723000,Красноярский край,Город Минусинск,Всего по обследуемым видам экономической деятельности,2023,57331.2
04723000,Красноярский край,Город Минусинск,Всего по обследуемым видам экономической деятельности,2024,66414.1
04726000,Красноярский край,Город Назарово,Всего по обследуемым видам экономической деятельности,2022,51154.3
04726000,Красноярский край,Город Назарово,Всего по обследуемым видам экономической деятельности,2023,58023.4
04726000,Красноярский край,Город Назарово,Всего по обследуемым видам экономической деятельности,2024,69653.0
04729000,Красноярский край,Город Норильск,Всего по обследуемым видам экономической деятельности,2022,156851.8
04729000,Красноярский край,Город Норильск,Всего по обследуемым видам экономической деятельности,2023,163553.3
04729000,Красноярский край,Город Норильск,Всего по обследуемым видам экономической деятельности,2024,182860.4
04733000,Красноярский край,Город Сосновоборск,Всего по обследуемым видам экономической деятельности,2022,50967.7
04733000,Красноярский край,Город Сосновоборск,Всего по обследуемым видам экономической деятельности,2023,63408.9
04733000,Красноярский край,Город Сосновоборск,Всего по обследуемым видам экономической деятельности,2024,74461.4
04740000,Красноярский край,Город Шарыпово,Всего по обследуемым видам экономической деятельности,2022,41821.8
04740000,Красноярский край,Город Шарыпово,Всего по обследуемым видам экономической деятельности,2023,47815.5
04740000,Красноярский край,Город Шарыпово,Всего по обследуемым видам экономической деятельности,2024,53945.3
04775000,Красноярский край,Поселок Кедровый,Всего по обследуемым видам экономической деятельности,2022,41725.9
04775000,Красноярский край,Поселок Кедровый,Всего по обследуемым видам экономической деятельности,2023,47703.4
04775000,Красноярский край,Поселок Кедровый,Всего по обследуемым видам экономической деятельности,2024,54069.1
05502000,Приморский край,Анучинский муниципальный округ,Всего по обследуемым видам экономической деятельности,2022,55253.8
05502000,Приморский край,Анучинский муниципальный округ,Всего по обследуемым видам экономической деятельности,2023,65583.4
05502000,Приморский край,Анучинский муниципальный округ,Всего по обследуемым видам экономической деятельности,2024,76451.1
05510000,Приморский край,Кавалеровский муниципальный округ,Всего по обследуемым видам экономической деятельности,2023,60049.4
05510000,Приморский край,Кавалеровский муниципальный округ,Всего по обследуемым видам экономической деятельности,2024,72875.1
05514000,Приморский край,Красноармейский муниципальный округ,Всего по обследуемым видам экономической деятельности,2024,83864.8
05517000,Приморский край,Лазовский муниципальный округ,Всего по обследуемым видам экономической деятельности,2022,70736.0
05517000,Приморский край,Лазовский муниципальный округ,Всего по обследуемым видам экономической деятельности,2023,83597.8
05517000,Приморский край,Лазовский муниципальный округ,Всего по обследуемым видам экономической деятельности,2024,94966.2
05526000,Приморский край,Октябрьский муниципальный округ,Всего по обследуемым видам экономической деятельности,2022,56317.4
05526000,Приморский край,Октябрьский муниципальный округ,Всего по обследуемым видам экономической деятельности,2023,62802.4
05526000,Приморский край,Октябрьский муниципальный округ,Всего по обследуемым видам экономической деятельности,2024,68005.0
05528000,Приморский край,Ольгинский муниципальный округ,Всего по обследуемым видам экономической деятельности,2023,61906.4
05528000,Приморский край,Ольгинский муниципальный округ,Всего по обследуемым видам экономической деятельности,2024,81391.7
05530000,Приморский край,Партизанский муниципальный округ,Всего по обследуемым видам экономической деятельности,2024,69296.5
05532000,Приморский край,Пограничный муниципальный округ,Всего по обследуемым видам экономической деятельности,2022,46323.5
05532000,Приморский край,Пограничный муниципальный округ,Всего по обследуемым видам экономической деятельности,2023,56667.3
05532000,Приморский край,Пограничный муниципальный округ,Всего по обследуемым видам экономической деятельности,2024,71071.9
05534000,Приморский край,Пожарский муниципальный округ,Всего по обследуемым видам экономической деятельности,2023,74774.5
05534000,Приморский край,Пожарский муниципальный округ,Всего по обследуемым видам экономической деятельности,2024,99163.1
05540000,Приморский край,Тернейский муниципальный округ,Всего по обследуемым видам экономической деятельности,2022,64216.1
05540000,Приморский край,Тернейский муниципальный округ,Всего по обследуемым видам экономической деятельности,2023,68925.5
05540000,Приморский край,Тернейский муниципальный округ,Всего по обследуемым видам экономической деятельности,2024,77899.6
05546000,Приморский край,Ханкайский муниципальный округ,Всего по обследуемым видам экономической деятельности,2022,51285.7
05546000,Приморский край,Ханкайский муниципальный округ,Всего по обследуемым видам экономической деятельности,2023,57996.8
05546000,Приморский край,Ханкайский муниципальный округ,Всего по обследуемым видам экономической деятельности,2024,73387.7
05548000,Приморский край,Хасанский муниципальный округ,Всего по обследуемым видам экономической деятельности,2023,69159.1
05548000,Приморский край,Хасанский муниципальный округ,Всего по обследуемым видам экономической деятельности,2024,81322.3
05550000,Приморский край,Хорольский муниципальный округ,Всего по обследуемым видам экономической деятельности,2022,47139.4
05550000,Приморский край,Хорольский муниципальный округ,Всего по обследуемым видам экономической деятельности,2023,54942.5
05550000,Приморский край,Хорольский муниципальный округ,Всего по обследуемым видам экономической деятельности,2024,68059.6
05553000,Приморский край,Черниговский муниципальный округ,Всего по обследуемым видам экономической деятельности,2024,75280.0
05555000,Приморский край,Чугуевский муниципальный округ,Всего по обследуемым видам экономической деятельности,2022,45286.2
05555000,Приморский край,Чугуевский муниципальный округ,Всего по обследуемым видам экономической деятельности,2023,53068.5
05555000,Приморский край,Чугуевский муниципальный округ,Всего по обследуемым видам экономической деятельности,2024,64568.9
05557000,Приморский край,Шкотовский муниципальный округ,Всего по обследуемым видам экономической деятельности,2024,115314.5
05559000,Приморский край,Яковлевский муниципальный округ,Всего по обследуемым видам экономической деятельности,2024,67064.5
05607000,Приморский край,Дальнереченский муниципальный район,Всего по обследуемым видам экономической деятельности,2022,43781.7
05607000,Приморский край,Дальнереченский муниципальный район,Всего по обследуемым видам экономической деятельности,2023,50729.4
05607000,Приморский край,Дальнереченский муниципальный район,Всего по обследуемым видам экономической деятельности,2024,62363.5
05610000,Приморский край,Кавалеровский муниципальный район,Всего по обследуемым видам экономической деятельности,2022,52426.6
05612000,Приморский край,Кировский муниципальный район,Всего по обследуемым видам экономической деятельности,2022,45549.4
05612000,Приморский край,Кировский муниципальный район,Всего по обследуемым видам экономической деятельности,2023,52690.1
05612000,Приморский край,Кировский муниципальный район,Всего по обследуемым видам экономической деятельности,2024,64993.2
05614000,Приморский край,Красноармейский муниципальный район,Всего по обследуемым видам экономической деятельности,2022,60197.7
05614000,Приморский край,Красноармейский муниципальный район,Всего по обследуемым видам экономической деятельности,2023,67736.0
05620000,Приморский край,Михайловский муниципальный район,Всего по обследуемым видам экономической деятельности,2022,57797.5
05620000,Приморский край,Михайловский муниципальный район,Всего по обследуемым видам экономической деятельности,2023,66289.7
05620000,Приморский край,Михайловский муниципальный район,Всего по обследуемым видам экономической деятельности,2024,76951.3
05623000,Приморский край,Надеждинский муниципальный район,Всего по обследуемым видам экономической деятельности,2022,62063.4
05623000,Приморский край,Надеждинский муниципальный район,Всего по обследуемым видам экономической деятельности,2023,72739.1
05623000,Приморский край,Надеждинский муниципальный район,Всего по обследуемым видам экономической деятельности,2024,86783.2
05628000,Приморский край,Ольгинский муниципальный район,Всего по обследуемым видам экономической деятельности,2022,51233.8
05630000,Приморский край,Партизанский муниципальный район,Всего по обследуемым видам экономической деятельности,2022,49179.5
05630000,Приморский край,Партизанский муниципальный район,Всего по обследуемым видам экономической деятельности,2023,55394.6
05634000,Приморский край,Пожарский муниципальный район,Всего по обследуемым видам экономической деятельности,2022,60450.1
05637000,Приморский край,Спасский муниципальный район,Всего по обследуемым видам экономической деятельности,2022,52720.0
05637000,Приморский край,Спасский муниципальный район,Всего по обследуемым видам экономической деятельности,2023,61388.4
05637000,Приморский край,Спасский муниципальный район,Всего по обследуемым видам экономической деятельности,2024,74247.4
05648000,Приморский край,Хасанский муниципальный район,Всего по обследуемым видам экономической деятельности,2022,59248.4
05653000,Приморский край,Черниговский муниципальный район,Всего по обследуемым видам экономической деятельности,2022,52131.8
05653000,Приморский край,Черниговский муниципальный район,Всего по обследуемым видам экономической деятельности,2023,60211.4
05657000,Приморский край,Шкотовский муниципальный район,Всего по обследуемым видам экономической деятельности,2022,82328.0
05657000,Приморский край,Шкотовский муниципальный район,Всего по обследуемым видам экономической деятельности,2023,96334.4
05659000,Приморский край,Яковлевский муниципальный район,Всего по обследуемым видам экономической деятельности,2022,46267.1
05659000,Приморский край,Яковлевский муниципальный район,Всего по обследуемым видам экономической деятельности,2023,53147.1
05701000,Приморский край,Владивостокский,Всего по обследуемым видам экономической деятельности,2022,85376.7
05701000,Приморский край,Владивостокский,Всего по обследуемым видам экономической деятельности,2023,97875.7
05701000,Приморский край,Владивостокский,Всего по обследуемым видам экономической деятельности,2024,115583.5
05703000,Приморский край,Арсеньевский,Всего по обследуемым видам экономической деятельности,2022,58608.8
05703000,Приморский край,Арсеньевский,Всего по обследуемым видам экономической деятельности,2023,78837.4
05703000,Приморский край,Арсеньевский,Всего по обследуемым видам экономической деятельности,2024,95125.1
05705000,Приморский край,Артемовский,Всего по обследуемым видам экономической деятельности,2022,64600.1
05705000,Приморский край,Артемовский,Всего по обследуемым видам экономической деятельности,2023,74866.5
05705000,Приморский край,Артемовский,Всего по обследуемым видам экономической деятельности,2024,89562.8
05706000,Приморский край,Большой Камень,Всего по обследуемым видам экономической деятельности,2022,95627.8
05706000,Приморский край,Большой Камень,Всего по обследуемым видам экономической деятельности,2023,104789.5
05706000,Приморский край,Большой Камень,Всего по обследуемым видам экономической деятельности,2024,122281.3
05707000,Приморский край,Дальнегорский,Всего по обследуемым видам экономической деятельности,2022,55592.5
05707000,Приморский край,Дальнегорский,Всего по обследуемым видам экономической деятельности,2023,61750.7
05707000,Приморский край,Дальнегорский,Всего по обследуемым видам экономической деятельности,2024,73819.2
05708000,Приморский край,Дальнереченский,Всего по обследуемым видам экономической деятельности,2022,59979.2
05708000,Приморский край,Дальнереченский,Всего по обследуемым видам экономической деятельности,2023,70241.1
05708000,Приморский край,Дальнереченский,Всего по обследуемым видам экономической деятельности,2024,81576.1
05711000,Приморский край,Лесозаводский,Всего по обследуемым видам экономической деятельности,2022,57892.2
05711000,Приморский край,Лесозаводский,Всего по обследуемым видам экономической деятельности,2023,67739.1
05711000,Приморский край,Лесозаводский,Всего по обследуемым видам экономической деятельности,2024,84726.6
05714000,Приморский край,Находкинский,Всего по обследуемым видам экономической деятельности,2022,76420.9
05714000,Приморский край,Находкинский,Всего по обследуемым видам экономической деятельности,2023,89249.8
05714000,Приморский край,Находкинский,Всего по обследуемым видам экономической деятельности,2024,105573.6
05717000,Приморский край,Партизанский,Всего по обследуемым видам экономической деятельности,2022,60558.7
05717000,Приморский край,Партизанский,Всего по обследуемым видам экономической деятельности,2023,70381.4
05717000,Приморский край,Партизанский,Всего по обследуемым видам экономической деятельности,2024,87831.8
05720000,Приморский край,Спасск-Дальний,Всего по обследуемым видам экономической деятельности,2022,50233.4
05720000,Приморский край,Спасск-Дальний,Всего по обследуемым видам экономической деятельности,2023,57392.7
05720000,Приморский край,Спасск-Дальний,Всего по обследуемым видам экономической деятельности,2024,68238.9
05723000,Приморский край,Уссурийский,Всего по обследуемым видам экономической деятельности,2022,58810.0
05723000,Приморский край,Уссурийский,Всего по обследуемым видам экономической деятельности,2023,67785.6
05723000,Приморский край,Уссурийский,Всего по обследуемым видам экономической деятельности,2024,80481.1
05747000,Приморский край,ЗАТО Фокино,Всего по обследуемым видам экономической деятельности,2022,53914.8
05747000,Приморский край,ЗАТО Фокино,Всего по обследуемым видам экономической деятельности,2023,61422.3
07502000,Ставропольский край,Александровский муниципальный округ,Всего по обследуемым видам экономической деятельности,2022,35845.8
07502000,Ставропольский край,Александровский муниципальный округ,Всего по обследуемым видам экономической деятельности,2023,38338.8
07502000,Ставропольский край,Александровский муниципальный округ,Всего по обследуемым видам экономической деятельности,2024,44256.8
07503000,Ставропольский край,Андроповский муниципальный округ,Всего по обследуемым видам экономической деятельности,2022,34491.8
07503000,Ставропольский край,Андроповский муниципальный округ,Всего по обследуемым видам экономической деятельности,2023,38962.8
07503000,Ставропольский край,Андроповский муниципальный округ,Всего по обследуемым видам экономической деятельности,2024,47160.6
07505000,Ставропольский край,Апанасенковский муниципальный округ,Всего по обследуемым видам экономической деятельности,2022,35473.5
07505000,Ставропольский край,Апанасенковский муниципальный округ,Всего по обследуемым видам экономической деятельности,2023,38489.5
07505000,Ставропольский край,Апанасенковский муниципальный округ,Всего по обследуемым видам экономической деятельности,2024,42531.2
07507000,Ставропольский край,Арзгирский муниципальный округ,Всего по обследуемым видам экономической деятельности,2022,33679.1
07507000,Ставропольский край,Арзгирский муниципальный округ,Всего по обследуемым видам экономической деятельности,2023,38145.9
07507000,Ставропольский край,Арзгирский муниципальный округ,Всего по обследуемым видам экономической деятельности,2024,43853.2
07512000,Ставропольский край,Буденновский муниципальный округ,Всего по обследуемым видам экономической деятельности,2022,41414.6
07512000,Ставропольский край,Буденновский муниципальный округ,Всего по обследуемым видам экономической деятельности,2023,45340.5
07512000,Ставропольский край,Буденновский муниципальный округ,Всего по обследуемым видам экономической деятельности,2024,54769.5
07517000,Ставропольский край,Грачевский муниципальный округ,Всего по обследуемым видам экономической деятельности,2022,36686.7
07517000,Ставропольский край,Грачевский муниципальный округ,Всего по обследуемым видам экономической деятельности,2023,42035.7
07517000,Ставропольский край,Грачевский муниципальный округ,Всего по обследуемым видам экономической деятельности,2024,50188.1
07528000,Ставропольский край,Кочубеевский муниципальный округ,Всего по обследуемым видам экономической деятельности,2022,40964.1
07528000,Ставропольский край,Кочубеевский муниципальный округ,Всего по обследуемым видам экономической деятельности,2023,46483.3
07528000,Ставропольский край,Кочубеевский муниципальный округ,Всего по обследуемым видам экономической деятельности,2024,53915.3
07530000,Ставропольский край,Красногвардейский муниципальный округ,Всего по обследуемым видам экономической деятельности,2022,45908.5
07530000,Ставропольский край,Красногвардейский муниципальный округ,Всего по обследуемым видам экономической деятельности,2023,49816.0
07530000,Ставропольский край,Красногвардейский муниципальный округ,Всего по обследуемым видам экономической деятельности,2024,58768.1
07533000,Ставропольский край,Курский муниципальный округ,Всего по обследуемым видам экономической деятельности,2022,36744.7
07533000,Ставропольский край,Курский муниципальный округ,Всего по обследуемым видам экономической деятельности,2023,39246.1
07533000,Ставропольский край,Курский муниципальный округ,Всего по обследуемым видам экономической деятельности,2024,46725.1
07536000,Ставропольский край,Левокумский муниципальный округ,Всего по обследуемым видам экономической деятельности,2022,35018.8
07536000,Ставропольский край,Левокумский муниципальный округ,Всего по обследуемым видам экономической деятельности,2023,39368.7
07536000,Ставропольский край,Левокумский муниципальный округ,Всего по обследуемым видам экономической деятельности,2024,46735.3
07544000,Ставропольский край,Новоселицкий муниципальный округ,Всего по обследуемым видам экономической деятельности,2022,36832.7
07544000,Ставропольский край,Новоселицкий муниципальный округ,Всего по обследуемым видам экономической деятельности,2023,40853.8
07544000,Ставропольский край,Новоселицкий муниципальный округ,Всего по обследуемым видам экономической деятельности,2024,45695.6
07548000,Ставропольский край,Предгорный муниципальный округ,Всего по обследуемым видам экономической деятельности,2022,40583.5
07548000,Ставропольский край,Предгорный муниципальный округ,Всего по обследуемым видам экономической деятельности,2023,45909.1
07548000,Ставропольский край,Предгорный муниципальный округ,Всего по обследуемым видам экономической деятельности,2024,54992.4
07552000,Ставропольский край,Степновский муниципальный округ,Всего по обследуемым видам экономической деятельности,2022,34364.0
07552000,Ставропольский край,Степновский муниципальный округ,Всего по обследуемым видам экономической деятельности,2023,37601.5
07552000,Ставропольский край,Степновский муниципальный округ,Всего по обследуемым видам экономической деятельности,2024,45790.3
07554000,Ставропольский край,Труновский муниципальный округ,Всего по обследуемым видам экономической деятельности,2022,41675.3
07554000,Ставропольский край,Труновский муниципальный округ,Всего по обследуемым видам экономической деятельности,2023,45713.8
07554000,Ставропольский край,Труновский муниципальный округ,Всего по обследуемым видам экономической деятельности,2024,52560.6
07556000,Ставропольский край,Туркменский муниципальный округ,Всего по обследуемым видам экономической деятельности,2022,34189.5
07556000,Ставропольский край,Туркменский муниципальный округ,Всего по обследуемым видам экономической деятельности,2023,37743.7
07556000,Ставропольский край,Туркменский муниципальный округ,Всего по обследуемым видам экономической деятельности,2024,43555.6
07558000,Ставропольский край,Шпаковский муниципальный округ,Всего по обследуемым видам экономической деятельности,2022,44325.2
07558000,Ставропольский край,Шпаковский муниципальный округ,Всего по обследуемым видам экономической деятельности,2023,50199.6
07558000,Ставропольский край,Шпаковский муниципальный округ,Всего по обследуемым видам экономической деятельности,2024,59169.7
07701000,Ставропольский край,Город Ставрополь,Всего по обследуемым видам экономической деятельности,2022,50979.3
07701000,Ставропольский край,Город Ставрополь,Всего по обследуемым видам экономической деятельности,2023,60218.6
07701000,Ставропольский край,Город Ставрополь,Всего по обследуемым видам экономической деятельности,2024,73824.2
07705000,Ставропольский край,Благодарненский городской округ (с 2018 года),Всего по обследуемым видам экономической деятельности,2022,38716.4
07705000,Ставропольский край,Благодарненский городской округ (с 2018 года),Всего по обследуемым видам экономической деятельности,2023,44098.5
07707000,Ставропольский край,Город Георгиевск,Всего по обследуемым видам экономической деятельности,2022,35931.8
07707000,Ставропольский край,Город Георгиевск,Всего по обследуемым видам экономической деятельности,2023,39909.6
07710000,Ставропольский край,Город-курорт Ессентуки,Всего по обследуемым видам экономической деятельности,2022,44554.2
07710000,Ставропольский край,Город-курорт Ессентуки,Всего по обследуемым видам экономической деятельности,2023,53007.9
07710000,Ставропольский край,Город-курорт Ессентуки,Всего по обследуемым видам экономической деятельности,2024,64029.5
07712000,Ставропольский край,Город-курорт Железноводск,Всего по обследуемым видам экономической деятельности,2022,44081.1
07712000,Ставропольский край,Город-курорт Железноводск,Всего по обследуемым видам экономической деятельности,2023,50097.3
07712000,Ставропольский край,Город-курорт Железноводск,Всего по обследуемым видам экономической деятельности,2024,59471.7
07713000,Ставропольский край,Изобильненский городской округ (с 2018 года),Всего по обследуемым видам экономической деятельности,2022,51146.3
07713000,Ставропольский край,Изобильненский городской округ (с 2018 года),Всего по обследуемым видам экономической деятельности,2023,56945.6
07714000,Ставропольский край,Ипатовский городской округ (с 2018 года),Всего по обследуемым видам экономической деятельности,2022,37701.9
07714000,Ставропольский край,Ипатовский городской округ (с 2018 года),Всего по обследуемым видам экономической деятельности,2023,41631.1
07715000,Ставропольский край,Город-курорт Кисловодск,Всего по обследуемым видам экономической деятельности,2022,46245.1
07715000,Ставропольский край,Город-курорт Кисловодск,Всего по обследуемым видам экономической деятельности,2023,53557.5
07715000,Ставропольский край,Город-курорт Кисловодск,Всего по обследуемым видам экономической деятельности,2024,63656.5
07716000,Ставропольский край,Кировский городской округ (с 2018 года),Всего по обследуемым видам экономической деятельности,2022,35852.3
07716000,Ставропольский край,Кировский городской округ (с 2018 года),Всего по обследуемым видам экономической деятельности,2023,47405.9
07718000,Ставропольский край,Город Лермонтов,Всего по обследуемым видам экономической деятельности,2022,43178.0
07718000,Ставропольский край,Город Лермонтов,Всего по обследуемым видам экономической деятельности,2023,53261.6
07718000,Ставропольский край,Город Лермонтов,Всего по обследуемым видам экономической деятельности,2024,63479.7
07721000,Ставропольский край,Минераловодский городской округ (с 2017 года),Всего по обследуемым видам экономической деятельности,2022,46313.6
07721000,Ставропольский край,Минераловодский городской округ (с 2017 года),Всего по обследуемым видам экономической деятельности,2023,53145.5
07724000,Ставропольский край,Город Невинномысск,Всего по обследуемым видам экономической деятельности,2022,52496.8
07724000,Ставропольский край,Город Невинномысск,Всего по обследуемым видам экономической деятельности,2023,58310.0
07724000,Ставропольский край,Город Невинномысск,Всего по обследуемым видам экономической деятельности,2024,74252.0
07725000,Ставропольский край,Нефтекумский городской округ (с 2018 года),Всего по обследуемым видам экономической деятельности,2022,40254.0
07725000,Ставропольский край,Нефтекумский городской округ (с 2018 года),Всего по обследуемым видам экономической деятельности,2023,46082.3
07726000,Ставропольский край,Новоалександровский городской округ (с 2018 года),Всего по обследуемым видам экономической деятельности,2022,41315.1
07726000,Ставропольский край,Новоалександровский городской округ (с 2018 года),Всего по обследуемым видам экономической деятельности,2023,45458.0
07727000,Ставропольский край,Город-курорт Пятигорск,Всего по обследуемым видам экономической деятельности,2022,48553.8
07727000,Ставропольский край,Город-курорт Пятигорск,Всего по обследуемым видам экономической деятельности,2023,55713.2
07727000,Ставропольский край,Город-курорт Пятигорск,Всего по обследуемым видам экономической деятельности,2024,64260.2
07731000,Ставропольский край,Петровский городской округ (с 2018 года),Всего по обследуемым видам экономической деятельности,2022,38690.8
07731000,Ставропольский край,Петровский городской округ (с 2018 года),Всего по обследуемым видам экономической деятельности,2023,40774.6
07735000,Ставропольский край,Советский городской округ (с 2018 года),Всего по обследуемым видам экономической деятельности,2022,38573.7
07735000,Ставропольский край,Советский городской округ (с 2018 года),Всего по обследуемым видам экономической деятельности,2023,42653.2
08534000,Хабаровский край,Охотский муниципальный округ,Всего по обследуемым видам экономической деятельности,2024,128142.3
08603000,Хабаровский край,Амурский муниципальный район,Всего по обследуемым видам экономической деятельности,2022,69419.1
08603000,Хабаровский край,Амурский муниципальный район,Всего по обследуемым видам экономической деятельности,2023,79647.6
08603000,Хабаровский край,Амурский муниципальный район,Всего по обследуемым видам экономической деятельности,2024,93168.1
08606000,Хабаровский край,Аяно-Майский муниципальный район,Всего по обследуемым видам экономической деятельности,2022,155517.1
08606000,Хабаровский край,Аяно-Майский муниципальный район,Всего по обследуемым видам экономической деятельности,2023,168900.5
08606000,Хабаровский край,Аяно-Майский муниципальный район,Всего по обследуемым видам экономической деятельности,2024,193029.5
08609000,Хабаровский край,Бикинский муниципальный район,Всего по обследуемым видам экономической деятельности,2022,53016.5
08609000,Хабаровский край,Бикинский муниципальный район,Всего по обследуемым видам экономической деятельности,2023,59353.3
08609000,Хабаровский край,Бикинский муниципальный район,Всего по обследуемым видам экономической деятельности,2024,71458.5
08612000,Хабаровский край,Ванинский муниципальный район,Всего по обследуемым видам экономической деятельности,2022,89038.9
08612000,Хабаровский край,Ванинский муниципальный район,Всего по обследуемым видам экономической деятельности,2023,100201.5
08612000,Хабаровский край,Ванинский муниципальный район,Всего по обследуемым видам экономической деятельности,2024,115596.0
08614000,Хабаровский край,Верхнебуреинский муниципальный район,Всего по обследуемым видам экономической деятельности,2022,91921.2
08614000,Хабаровский край,Верхнебуреинский муниципальный район,Всего по обследуемым видам экономической деятельности,2023,107024.8
08614000,Хабаровский край,Верхнебуреинский муниципальный район,Всего по обследуемым видам экономической деятельности,2024,131180.9
08617000,Хабаровский край,Вяземский муниципальный район,Всего по обследуемым видам экономической деятельности,2022,45202.8
08617000,Хабаровский край,Вяземский муниципальный район,Всего по обследуемым видам экономической деятельности,2023,50213.2
08617000,Хабаровский край,Вяземский муниципальный район,Всего по обследуемым видам экономической деятельности,2024,60401.3
08620000,Хабаровский край,Комсомольский муниципальный район,Всего по обследуемым видам экономической деятельности,2022,66110.2
08620000,Хабаровский край,Комсомольский муниципальный район,Всего по обследуемым видам экономической деятельности,2023,77860.3
08620000,Хабаровский край,Комсомольский муниципальный район,Всего по обследуемым видам экономической деятельности,2024,95187.7
08624000,Хабаровский край,Муниципальный район имени Лазо,Всего по обследуемым видам экономической деятельности,2022,46763.0
08624000,Хабаровский край,Муниципальный район имени Лазо,Всего по обследуемым видам экономической деятельности,2023,51411.3
08624000,Хабаровский край,Муниципальный район имени Лазо,Всего по обследуемым видам экономической деятельности,2024,62910.4
08628000,Хабаровский край,Нанайский муниципальный район,Всего по обследуемым видам экономической деятельности,2022,70196.9
08628000,Хабаровский край,Нанайский муниципальный район,Всего по обследуемым видам экономической деятельности,2023,68773.4
08628000,Хабаровский край,Нанайский муниципальный район,Всего по обследуемым видам экономической деятельности,2024,98058.1
08631000,Хабаровский край,Николаевский муниципальный район,Всего по обследуемым видам экономической деятельности,2022,81955.8
08631000,Хабаровский край,Николаевский муниципальный район,Всего по обследуемым видам экономической деятельности,2023,93811.5
08631000,Хабаровский край,Николаевский муниципальный район,Всего по обследуемым видам экономической деятельности,2024,111410.9
08634000,Хабаровский край,Охотский муниципальный район,Всего по обследуемым видам экономической деятельности,2022,92677.8
08634000,Хабаровский край,Охотский муниципальный район,Всего по обследуемым видам экономической деятельности,2023,107745.8
08637000,Хабаровский край,Муниципальный район имени Полины Осипенко,Всего по обследуемым видам экономической деятельности,2022,125290.3
08637000,Хабаровский край,Муниципальный район имени Полины Осипенко,Всего по обследуемым видам экономической деятельности,2023,132239.2
08637000,Хабаровский край,Муниципальный район имени Полины Осипенко,Всего по обследуемым видам экономической деятельности,2024,158798.8
08642000,Хабаровский край,Советско-Гаванский муниципальный район,Всего по обследуемым видам экономической деятельности,2022,79993.7
08642000,Хабаровский край,Советско-Гаванский муниципальный район,Всего по обследуемым видам экономической деятельности,2023,88533.4
08642000,Хабаровский край,Советско-Гаванский муниципальный район,Всего по обследуемым видам экономической деятельности,2024,94696.8
08644000,Хабаровский край,Солнечный муниципальный район,Всего по обследуемым видам экономической деятельности,2022,67198.2
08644000,Хабаровский край,Солнечный муниципальный район,Всего по обследуемым видам экономической деятельности,2023,78340.9
08644000,Хабаровский край,Солнечный муниципальный район,Всего по обследуемым видам экономической деятельности,2024,93058.4
08646000,Хабаровский край,Тугуро-Чумиканский муниципальный район,Всего по обследуемым видам экономической деятельности,2022,64112.0
08646000,Хабаровский край,Тугуро-Чумиканский муниципальный район,Всего по обследуемым видам экономической деятельности,2023,77529.6
08646000,Хабаровский край,Тугуро-Чумиканский муниципальный район,Всего по обследуемым видам экономической деятельности,2024,135771.6
08650000,Хабаровский край,Ульчский муниципальный район,Всего по обследуемым видам экономической деятельности,2022,61053.5
08650000,Хабаровский край,Ульчский муниципальный район,Всего по обследуемым видам экономической деятельности,2023,70479.0
08650000,Хабаровский край,Ульчский муниципальный район,Всего по обследуемым видам экономической деятельности,2024,83409.1
08655000,Хабаровский край,Хабаровский муниципальный район,Всего по обследуемым видам экономической деятельности,2022,59910.1
08655000,Хабаровский край,Хабаровский муниципальный район,Всего по обследуемым видам экономической деятельности,2023,67779.7
08655000,Хабаровский край,Хабаровский муниципальный район,Всего по обследуемым видам экономической деятельности,2024,82059.1
08701000,Хабаровский край,Город Хабаровск,Всего по обследуемым видам экономической деятельности,2022,79236.0
08701000,Хабаровский край,Город Хабаровск,Всего по обследуемым видам экономической деятельности,2023,90275.7
08701000,Хабаровский край,Город Хабаровск,Всего по обследуемым видам экономической деятельности,2024,106096.5
08709000,Хабаровский край,Город Комсомольск-на-Амуре,Всего по обследуемым видам экономической деятельности,2022,70408.6
08709000,Хабаровский край,Город Комсомольск-на-Амуре,Всего по обследуемым видам экономической деятельности,2023,80493.4
08709000,Хабаровский край,Город Комсомольск-на-Амуре,Всего по обследуемым видам экономической деятельности,2024,97973.0
10505000,Амурская область,Архаринский муниципальный округ,Всего по обследуемым видам экономической деятельности,2023,59548.2
10505000,Амурская область,Архаринский муниципальный округ,Всего по обследуемым видам экономической деятельности,2024,86158.0
10508000,Амурская область,Белогорский муниципальный округ,Всего по обследуемым видам экономической деятельности,2022,42149.2
10508000,Амурская область,Белогорский муниципальный округ,Всего по обследуемым видам экономической деятельности,2023,52185.1
10508000,Амурская область,Белогорский муниципальный округ,Всего по обследуемым видам экономической деятельности,2024,66226.2
10511000,Амурская область,Благовещенский муниципальный округ,Всего по обследуемым видам экономической деятельности,2023,65152.6
10511000,Амурская область,Благовещенский муниципальный округ,Всего по обследуемым видам экономической деятельности,2024,77201.6
10515000,Амурская область,Бурейский муниципальный округ,Всего по обследуемым видам экономической деятельности,2022,63451.1
10515000,Амурская область,Бурейский муниципальный округ,Всего по обследуемым видам экономической деятельности,2023,70492.1
10515000,Амурская область,Бурейский муниципальный округ,Всего по обследуемым видам экономической деятельности,2024,95304.5
10521000,Амурская область,Завитинский муниципальный округ,Всего по обследуемым видам экономической деятельности,2022,54616.0
10521000,Амурская область,Завитинский муниципальный округ,Всего по обследуемым видам экономической деятельности,2023,60704.2
10521000,Амурская область,Завитинский муниципальный округ,Всего по обследуемым видам экономической деятельности,2024,71923.9
10525000,Амурская область,Зейский муниципальный округ,Всего по обследуемым видам экономической деятельности,2024,126833.2
10528000,Амурская область,Ивановский муниципальный округ,Всего по обследуемым видам экономической деятельности,2022,49254.5
10528000,Амурская область,Ивановский муниципальный округ,Всего по обследуемым видам экономической деятельности,2023,55075.3
10528000,Амурская область,Ивановский муниципальный округ,Всего по обследуемым видам экономической деятельности,2024,63576.6
10540000,Амурская область,Ромненский муниципальный округ,Всего по обследуемым видам экономической деятельности,2022,48046.3
10540000,Амурская область,Ромненский муниципальный округ,Всего по обследуемым видам экономической деятельности,2023,52475.7
10540000,Амурская область,Ромненский муниципальный округ,Всего по обследуемым видам экономической деятельности,2024,60963.8
10547000,Амурская область,Серышевский муниципальный округ,Всего по обследуемым видам экономической деятельности,2023,54397.2
10547000,Амурская область,Серышевский муниципальный округ,Всего по обследуемым видам экономической деятельности,2024,64016.9
10549000,Амурская область,Сковородинский муниципальный округ,Всего по обследуемым видам экономической деятельности,2023,94162.3
10549000,Амурская область,Сковородинский муниципальный округ,Всего по обследуемым видам экономической деятельности,2024,107406.7
10551000,Амурская область,Тамбовский муниципальный округ,Всего по обследуемым видам экономической деятельности,2023,61765.0
10551000,Амурская область,Тамбовский муниципальный округ,Всего по обследуемым видам экономической деятельности,2024,71069.5
10554000,Амурская область,Тындинский муниципальный округ,Всего по обследуемым видам экономической деятельности,2022,113434.6
10554000,Амурская область,Тындинский муниципальный округ,Всего по обследуемым видам экономической деятельности,2023,123059.9
10554000,Амурская область,Тындинский муниципальный округ,Всего по обследуемым видам экономической деятельности,2024,142195.3
10555000,Амурская область,Шимановский муниципальный округ,Всего по обследуемым видам экономической деятельности,2023,113320.1
10555000,Амурская область,Шимановский муниципальный округ,Всего по обследуемым видам экономической деятельности,2024,123760.6
10605000,Амурская область,Архаринский муниципальный район,Всего по обследуемым видам экономической деятельности,2022,52835.7
10611000,Амурская область,Благовещенский муниципальный район,Всего по обследуемым видам экономической деятельности,2022,59395.3
10625000,Амурская область,Зейский муниципальный район,Всего по обследуемым видам экономической деятельности,2022,83502.7
10625000,Амурская область,Зейский муниципальный район,Всего по обследуемым видам экономической деятельности,2023,104312.7
10630000,Амурская область,Константиновский муниципальный район,Всего по обследуемым видам экономической деятельности,2022,50392.6
10630000,Амурская область,Константиновский муниципальный район,Всего по обследуемым видам экономической деятельности,2023,57586.2
10630000,Амурская область,Константиновский муниципальный район,Всего по обследуемым видам экономической деятельности,2024,68337.8
10631000,Амурская область,Магдагачинский муниципальный район,Всего по обследуемым видам экономической деятельности,2022,94571.1
10631000,Амурская область,Магдагачинский муниципальный район,Всего по обследуемым видам экономической деятельности,2023,105473.2
10631000,Амурская область,Магдагачинский муниципальный район,Всего по обследуемым видам экономической деятельности,2024,119224.4
10632000,Амурская область,Мазановский муниципальный район,Всего по обследуемым видам экономической деятельности,2022,49311.0
10632000,Амурская область,Мазановский муниципальный район,Всего по обследуемым видам экономической деятельности,2023,53243.4
10632000,Амурская область,Мазановский муниципальный район,Всего по обследуемым видам экономической деятельности,2024,65854.3
10635000,Амурская область,Михайловский муниципальный район,Всего по обследуемым видам экономической деятельности,2022,54598.6
10635000,Амурская область,Михайловский муниципальный район,Всего по обследуемым видам экономической деятельности,2023,61195.1
10635000,Амурская область,Михайловский муниципальный район,Всего по обследуемым видам экономической деятельности,2024,70692.2
10638000,Амурская область,Октябрьский муниципальный район,Всего по обследуемым видам экономической деятельности,2022,55677.3
10638000,Амурская область,Октябрьский муниципальный район,Всего по обследуемым видам экономической деятельности,2023,63898.2
10638000,Амурская область,Октябрьский муниципальный район,Всего по обследуемым видам экономической деятельности,2024,74927.2
10642000,Амурская область,Свободненский муниципальный район,Всего по обследуемым видам экономической деятельности,2022,168954.8
10642000,Амурская область,Свободненский муниципальный район,Всего по обследуемым видам экономической деятельности,2023,186125.9
10642000,Амурская область,Свободненский муниципальный район,Всего по обследуемым видам экономической деятельности,2024,227512.1
10645000,Амурская область,Селемджинский муниципальный район,Всего по обследуемым видам экономической деятельности,2022,90080.8
10645000,Амурская область,Селемджинский муниципальный район,Всего по обследуемым видам экономической деятельности,2023,107736.9
10645000,Амурская область,Селемджинский муниципальный район,Всего по обследуемым видам экономической деятельности,2024,129060.5
10647000,Амурская область,Серышевский муниципальный район,Всего по обследуемым видам экономической деятельности,2022,48368.2
10649000,Амурская область,Сковородинский муниципальный район,Всего по обследуемым видам экономической деятельности,2022,83530.9
10651000,Амурская область,Тамбовский муниципальный район,Всего по обследуемым видам экономической деятельности,2022,55101.3
10655000,Амурская область,Шимановский муниципальный район,Всего по обследуемым видам экономической деятельности,2022,70045.2
10701000,Амурская область,Город Благовещенск,Всего по обследуемым видам экономической деятельности,2022,68607.9
10701000,Амурская область,Город Благовещенск,Всего по обследуемым видам экономической деятельности,2023,77291.3
10701000,Амурская область,Город Благовещенск,Всего по обследуемым видам экономической деятельности,2024,88876.3
10710000,Амурская область,Город Белогорск,Всего по обследуемым видам экономической деятельности,2022,63680.0
10710000,Амурская область,Город Белогорск,Всего по обследуемым видам экономической деятельности,2023,72611.1
10710000,Амурская область,Город Белогорск,Всего по обследуемым видам экономической деятельности,2024,86576.5
10712000,Амурская область,Город Зея,Всего по обследуемым видам экономической деятельности,2022,74104.0
10712000,Амурская область,Город Зея,Всего по обследуемым видам экономической деятельности,2023,86005.0
10712000,Амурская область,Город Зея,Всего по обследуемым видам экономической деятельности,2024,100191.8
10720000,Амурская область,Город Райчихинск,Всего по обследуемым видам экономической деятельности,2022,48847.1
10720000,Амурская область,Город Райчихинск,Всего по обследуемым видам экономической деятельности,2023,54933.2
10720000,Амурская область,Город Райчихинск,Всего по обследуемым видам экономической деятельности,2024,64430.9
10730000,Амурская область,Город Свободный,Всего по обследуемым видам экономической деятельности,2022,89054.8
10730000,Амурская область,Город Свободный,Всего по обследуемым видам экономической деятельности,2023,99187.1
10730000,Амурская область,Город Свободный,Всего по обследуемым видам экономической деятельности,2024,118579.7
10732000,Амурская область,Город Тында,Всего по обследуемым видам экономической деятельности,2022,94823.8
10732000,Амурская область,Город Тында,Всего по обследуемым видам экономической деятельности,2023,109617.0
10732000,Амурская область,Город Тында,Всего по обследуемым видам экономической деятельности,2024,128264.9
10740000,Амурская область,Город Шимановск,Всего по обследуемым видам экономической деятельности,2022,57840.5
10740000,Амурская область,Город Шимановск,Всего по обследуемым видам экономической деятельности,2023,64919.9
10740000,Амурская область,Город Шимановск,Всего по обследуемым видам экономической деятельности,2024,74312.0
10775000,Амурская область,Рабочий поселок (поселок городского типа) Прогресс,Всего по обследуемым видам экономической деятельности,2022,54061.6
10775000,Амурская область,Рабочий поселок (поселок городского типа) Прогресс,Всего по обследуемым видам экономической деятельности,2023,61444.5
10775000,Амурская область,Рабочий поселок (поселок городского типа) Прогресс,Всего по обследуемым видам экономической деятельности,2024,70704.7
11508000,Архангельская область,Верхнетоемский муниципальный округ,Всего по обследуемым видам экономической деятельности,2022,51762.0
11508000,Архангельская область,Верхнетоемский муниципальный округ,Всего по обследуемым видам экономической деятельности,2023,56414.2
11508000,Архангельская область,Верхнетоемский муниципальный округ,Всего по обследуемым видам экономической деятельности,2024,65286.4
11511000,Архангельская область,Вилегодский муниципальный округ,Всего по обследуемым видам экономической деятельности,2022,52297.4
11511000,Архангельская область,Вилегодский муниципальный округ,Всего по обследуемым видам экономической деятельности,2023,57524.5
11511000,Архангельская область,Вилегодский муниципальный округ,Всего по обследуемым видам экономической деятельности,2024,63714.0
11514000,Архангельская область,Виноградовский муниципальный округ,Всего по обследуемым видам экономической деятельности,2022,50254.9
11514000,Архангельская область,Виноградовский муниципальный округ,Всего по обследуемым видам экономической деятельности,2023,55903.5
11514000,Архангельская область,Виноградовский муниципальный округ,Всего по обследуемым видам экономической деятельности,2024,64888.9
11518000,Архангельская область,Каргопольский муниципальный округ,Всего по обследуемым видам экономической деятельности,2022,46459.4
11518000,Архангельская область,Каргопольский муниципальный округ,Всего по обследуемым видам экономической деятельности,2023,53090.2
11518000,Архангельская область,Каргопольский муниципальный округ,Всего по обследуемым видам экономической деятельности,2024,59758.9
11527000,Архангельская область,Котласский муниципальный округ,Всего по обследуемым видам экономической деятельности,2023,84159.6
11527000,Архангельская область,Котласский муниципальный округ,Всего по обследуемым видам экономической деятельности,2024,94195.2
11530000,Архангельская область,Красноборский муниципальный округ,Всего по обследуемым видам экономической деятельности,2024,66348.3
11538000,Архангельская область,Лешуконский муниципальный округ,Всего по обследуемым видам экономической деятельности,2023,66925.9
11538000,Архангельская область,Лешуконский муниципальный округ,Всего по обследуемым видам экономической деятельности,2024,76135.6
11542000,Архангельская область,Мезенский муниципальный округ,Всего по обследуемым видам экономической деятельности,2023,98169.4
11542000,Архангельская область,Мезенский муниципальный округ,Всего по обследуемым видам экономической деятельности,2024,106476.5
11544000,Архангельская область,Няндомский муниципальный округ,Всего по обследуемым видам экономической деятельности,2023,68390.7
11544000,Архангельская область,Няндомский муниципальный округ,Всего по обследуемым видам экономической деятельности,2024,80817.5
11548000,Архангельская область,Пинежский муниципальный округ,Всего по обследуемым видам экономической деятельности,2024,85401.6
11550000,Архангельская область,Плесецкий муниципальный округ,Всего по обследуемым видам экономической деятельности,2022,53048.2
11550000,Архангельская область,Плесецкий муниципальный округ,Всего по обследуемым видам экономической деятельности,2023,61068.2
11550000,Архангельская область,Плесецкий муниципальный округ,Всего по обследуемым видам экономической деятельности,2024,70221.1
11552000,Архангельская область,Приморский муниципальный округ,Всего по обследуемым видам экономической деятельности,2024,86680.3
11554000,Архангельская область,Устьянский муниципальный округ,Всего по обследуемым видам экономической деятельности,2023,75095.9
11554000,Архангельская область,Устьянский муниципальный округ,Всего по обследуемым видам экономической деятельности,2024,75235.7
11556000,Архангельская область,Холмогорский муниципальный округ,Всего по обследуемым видам экономической деятельности,2023,60700.7
11556000,Архангельская область,Холмогорский муниципальный округ,Всего по обследуемым видам экономической деятельности,2024,71012.4
11558000,Архангельская область,Шенкурский муниципальный округ,Всего по обследуемым видам экономической деятельности,2023,53830.3
11558000,Архангельская область,Шенкурский муниципальный округ,Всего по обследуемым видам экономической деятельности,2024,60597.0
11605000,Архангельская область,Вельский муниципальный район,Всего по обследуемым видам экономической деятельности,2022,55431.8
11605000,Архангельская область,Вельский муниципальный район,Всего по обследуемым видам экономической деятельности,2023,62033.6
11605000,Архангельская область,Вельский муниципальный район,Всего по обследуемым видам экономической деятельности,2024,71844.4
11622000,Архангельская область,Коношский муниципальный район,Всего по обследуемым видам экономической деятельности,2022,54992.9
11622000,Архангельская область,Коношский муниципальный район,Всего по обследуемым видам экономической деятельности,2023,62546.4
11622000,Архангельская область,Коношский муниципальный район,Всего по обследуемым видам экономической деятельности,2024,73751.9
11627000,Архангельская область,Котласский муниципальный район,Всего по обследуемым видам экономической деятельности,2022,74164.7
11630000,Архангельская область,Красноборский муниципальный район,Всего по обследуемым видам экономической деятельности,2022,50561.7
11630000,Архангельская область,Красноборский муниципальный район,Всего по обследуемым видам экономической деятельности,2023,57666.4
11635000,Архангельская область,Ленский муниципальный район,Всего по обследуемым видам экономической деятельности,2022,72927.1
11635000,Архангельская область,Ленский муниципальный район,Всего по обследуемым видам экономической деятельности,2023,79741.0
11635000,Архангельская область,Ленский муниципальный район,Всего по обследуемым видам экономической деятельности,2024,87595.2
11638000,Архангельская область,Лешуконский муниципальный район,Всего по обследуемым видам экономической деятельности,2022,58946.7
11642000,Архангельская область,Мезенский муниципальный район,Всего по обследуемым видам экономической деятельности,2022,88632.9
11644000,Архангельская область,Няндомский муниципальный район,Всего по обследуемым видам экономической деятельности,2022,60719.9
11646000,Архангельская область,Онежский муниципальный район,Всего по обследуемым видам экономической деятельности,2022,54825.5
11646000,Архангельская область,Онежский муниципальный район,Всего по обследуемым видам экономической деятельности,2023,62386.2
11646000,Архангельская область,Онежский муниципальный район,Всего по обследуемым видам экономической деятельности,2024,73165.6
11648000,Архангельская область,Пинежский муниципальный район,Всего по обследуемым видам экономической деятельности,2022,70429.4
11648000,Архангельская область,Пинежский муниципальный район,Всего по обследуемым видам экономической деятельности,2023,75274.4
11652000,Архангельская область,Приморский муниципальный район,Всего по обследуемым видам экономической деятельности,2022,71424.1
11652000,Архангельская область,Приморский муниципальный район,Всего по обследуемым видам экономической деятельности,2023,76505.2
11654000,Архангельская область,Устьянский муниципальный район,Всего по обследуемым видам экономической деятельности,2022,74893.3
11656000,Архангельская область,Холмогорский муниципальный район,Всего по обследуемым видам экономической деятельности,2022,54090.3
11658000,Архангельская область,Шенкурский муниципальный район,Всего по обследуемым видам экономической деятельности,2022,46925.1
11701000,Архангельская область без автономного округа,Город Архангельск,Всего по обследуемым видам экономической деятельности,2022,70460.2
11701000,Архангельская область без автономного округа,Город Архангельск,Всего по обследуемым видам экономической деятельности,2023,80965.2
11701000,Архангельская область без автономного округа,Город Архангельск,Всего по обследуемым видам экономической деятельности,2024,91197.6
11708000,Архангельская область без автономного округа,Город Коряжма,Всего по обследуемым видам экономической деятельности,2022,59200.9
11708000,Архангельская область без автономного округа,Город Коряжма,Всего по обследуемым видам экономической деятельности,2023,64165.2
11708000,Архангельская область без автономного округа,Город Коряжма,Всего по обследуемым видам экономической деятельности,2024,73622.2
11710000,Архангельская область без автономного округа,Котлас,Всего по обследуемым видам экономической деятельности,2022,58863.4
11710000,Архангельская область без автономного округа,Котлас,Всего по обследуемым видам экономической деятельности,2023,68057.4
11710000,Архангельская область без автономного округа,Котлас,Всего по обследуемым видам экономической деятельности,2024,78418.5
11712000,Архангельская область без автономного округа,Новая Земля,Всего по обследуемым видам экономической деятельности,2022,111185.1
11712000,Архангельская область без автономного округа,Новая Земля,Всего по обследуемым видам экономической деятельности,2023,126848.2
11712000,Архангельская область без автономного округа,Новая Земля,Всего по обследуемым видам экономической деятельности,2024,152989.3
11715000,Архангельская область без автономного округа,Город Новодвинск,Всего по обследуемым видам экономической деятельности,2022,60880.6
11715000,Архангельская область без автономного округа,Город Новодвинск,Всего по обследуемым видам экономической деятельности,2023,66657.3
11715000,Архангельская область без автономного округа,Город Новодвинск,Всего по обследуемым видам экономической деятельности,2024,80850.2
11725000,Архангельская область без автономного округа,ЗАТО Мирный,Всего по обследуемым видам экономической деятельности,2022,56667.3
11725000,Архангельская область без автономного округа,ЗАТО Мирный,Всего по обследуемым видам экономической деятельности,2023,62518.8
11730000,Архангельская область без автономного округа,Северодвинск,Всего по обследуемым видам экономической деятельности,2022,76465.0
11730000,Архангельская область без автономного округа,Северодвинск,Всего по обследуемым видам экономической деятельности,2023,84534.7
11730000,Архангельская область без автономного округа,Северодвинск,Всего по обследуемым видам экономической деятельности,2024,92164.9
11811000,Ненецкий автономный округ,Муниципальный район Заполярный район,Всего по обследуемым видам экономической деятельности,2022,120896.2
11811000,Ненецкий автономный округ,Муниципальный район Заполярный район,Всего по обследуемым видам экономической деятельности,2023,135956.6
11811000,Ненецкий автономный округ,Муниципальный район Заполярный район,Всего по обследуемым видам экономической деятельности,2024,158968.4
11851000,Ненецкий автономный округ,Город Нарьян-Мар,Всего по обследуемым видам экономической деятельности,2022,95496.2
11851000,Ненецкий автономный округ,Город Нарьян-Мар,Всего по обследуемым видам экономической деятельности,2023,102791.3
11851000,Ненецкий автономный округ,Город Нарьян-Мар,Всего по обследуемым видам экономической деятельности,2024,113701.9
12605000,Астраханская область,Ахтубинский муниципальный район,Всего по обследуемым видам экономической деятельности,2022,40306.4
12605000,Астраханская область,Ахтубинский муниципальный район,Всего по обследуемым видам экономической деятельности,2023,46591.3
12605000,Астраханская область,Ахтубинский муниципальный район,Всего по обследуемым видам экономической деятельности,2024,54862.5
12610000,Астраханская область,Володарский муниципальный район,Всего по обследуемым видам экономической деятельности,2022,29598.3
12610000,Астраханская область,Володарский муниципальный район,Всего по обследуемым видам экономической деятельности,2023,33702.0
12610000,Астраханская область,Володарский муниципальный район,Всего по обследуемым видам экономической деятельности,2024,40133.1
12615000,Астраханская область,Енотаевский муниципальный район,Всего по обследуемым видам экономической деятельности,2022,62508.0
12615000,Астраханская область,Енотаевский муниципальный район,Всего по обследуемым видам экономической деятельности,2023,67411.6
12615000,Астраханская область,Енотаевский муниципальный район,Всего по обследуемым видам экономической деятельности,2024,69842.0
12620000,Астраханская область,Икрянинский муниципальный район,Всего по обследуемым видам экономической деятельности,2022,31291.4
12620000,Астраханская область,Икрянинский муниципальный район,Всего по обследуемым видам экономической деятельности,2023,34476.3
12620000,Астраханская область,Икрянинский муниципальный район,Всего по обследуемым видам экономической деятельности,2024,40442.6
12625000,Астраханская область,Камызякский муниципальный район,Всего по обследуемым видам экономической деятельности,2022,30264.2
12625000,Астраханская область,Камызякский муниципальный район,Всего по обследуемым видам экономической деятельности,2023,34113.7
12625000,Астраханская область,Камызякский муниципальный район,Всего по обследуемым видам экономической деятельности,2024,39760.6
12630000,Астраханская область,Красноярский муниципальный район,Всего по обследуемым видам экономической деятельности,2022,91448.4
12630000,Астраханская область,Красноярский муниципальный район,Всего по обследуемым видам экономической деятельности,2023,100709.9
12630000,Астраханская область,Красноярский муниципальный район,Всего по обследуемым видам экономической деятельности,2024,109649.2
12635000,Астраханская область,Лиманский муниципальный район,Всего по обследуемым видам экономической деятельности,2022,38655.8
12635000,Астраханская область,Лиманский муниципальный район,Всего по обследуемым видам экономической деятельности,2023,43505.3
12635000,Астраханская область,Лиманский муниципальный район,Всего по обследуемым видам экономической деятельности,2024,49802.5
12640000,Астраханская область,Наримановский муниципальный район,Всего по обследуемым видам экономической деятельности,2022,56646.9
12640000,Астраханская область,Наримановский муниципальный район,Всего по обследуемым видам экономической деятельности,2023,67655.1
12640000,Астраханская область,Наримановский муниципальный район,Всего по обследуемым видам экономической деятельности,2024,78100.7
12642000,Астраханская область,Приволжский муниципальный район,Всего по обследуемым видам экономической деятельности,2022,40359.8
12642000,Астраханская область,Приволжский муниципальный район,Всего по обследуемым видам экономической деятельности,2023,44449.1
12642000,Астраханская область,Приволжский муниципальный район,Всего по обследуемым видам экономической деятельности,2024,50571.5
12645000,Астраханская область,Харабалинский муниципальный район,Всего по обследуемым видам экономической деятельности,2022,35896.0
12645000,Астраханская область,Харабалинский муниципальный район,Всего по обследуемым видам экономической деятельности,2023,40889.6
12645000,Астраханская область,Харабалинский муниципальный район,Всего по обследуемым видам экономической деятельности,2024,51867.3
12650000,Астраханская область,Черноярский муниципальный район,Всего по обследуемым видам экономической деятельности,2022,41291.5
12650000,Астраханская область,Черноярский муниципальный район,Всего по обследуемым видам экономической деятельности,2023,48866.1
12650000,Астраханская область,Черноярский муниципальный район,Всего по обследуемым видам экономической деятельности,2024,51028.8
12701000,Астраханская область,Город Астрахань,Всего по обследуемым видам экономической деятельности,2022,51023.8
12701000,Астраханская область,Город Астрахань,Всего по обследуемым видам экономической деятельности,2023,56972.7
12701000,Астраханская область,Город Астрахань,Всего по обследуемым видам экономической деятельности,2024,66194.2
12719000,Астраханская область,ЗАТО Знаменск,Всего по обследуемым видам экономической деятельности,2022,33398.9
12719000,Астраханская область,ЗАТО Знаменск,Всего по обследуемым видам экономической деятельности,2023,37204.6
12719000,Астраханская область,ЗАТО Знаменск,Всего по обследуемым видам экономической деятельности,2024,46010.7
14610000,Белгородская область,Белгородский муниципальный район,Всего по обследуемым видам экономической деятельности,2022,45702.4
14610000,Белгородская область,Белгородский муниципальный район,Всего по обследуемым видам экономической деятельности,2023,53120.2
14610000,Белгородская область,Белгородский муниципальный район,Всего по обследуемым видам экономической деятельности,2024,63362.0
14615000,Белгородская область,Борисовский муниципальный район,Всего по обследуемым видам экономической деятельности,2022,45529.1
14615000,Белгородская область,Борисовский муниципальный район,Всего по обследуемым видам экономической деятельности,2023,51116.9
14615000,Белгородская область,Борисовский муниципальный район,Всего по обследуемым видам экономической деятельности,2024,60732.8
14625000,Белгородская область,Вейделевский муниципальный район,Всего по обследуемым видам экономической деятельности,2022,39891.6
14625000,Белгородская область,Вейделевский муниципальный район,Всего по обследуемым видам экономической деятельности,2023,45658.4
14625000,Белгородская область,Вейделевский муниципальный район,Всего по обследуемым видам экономической деятельности,2024,54349.3
14630000,Белгородская область,Волоконовский муниципальный район,Всего по обследуемым видам экономической деятельности,2022,41935.0
14630000,Белгородская область,Волоконовский муниципальный район,Всего по обследуемым видам экономической деятельности,2023,49024.7
14630000,Белгородская область,Волоконовский муниципальный район,Всего по обследуемым видам экономической деятельности,2024,57573.7
14638000,Белгородская область,Ивнянский муниципальный район,Всего по обследуемым видам экономической деятельности,2022,43939.9
14638000,Белгородская область,Ивнянский муниципальный район,Всего по обследуемым видам экономической деятельности,2023,49498.2
14638000,Белгородская область,Ивнянский муниципальный район,Всего по обследуемым видам экономической деятельности,2024,58060.5
14640000,Белгородская область,Корочанский муниципальный район,Всего по обследуемым видам экономической деятельности,2022,48185.3
14640000,Белгородская область,Корочанский муниципальный район,Всего по обследуемым видам экономической деятельности,2023,55864.5
14640000,Белгородская область,Корочанский муниципальный район,Всего по обследуемым видам экономической деятельности,2024,69186.8
14641000,Белгородская область,Красненский муниципальный район,Всего по обследуемым видам экономической деятельности,2022,40560.6
14641000,Белгородская область,Красненский муниципальный район,Всего по обследуемым видам экономической деятельности,2023,45323.0
14641000,Белгородская область,Красненский муниципальный район,Всего по обследуемым видам экономической деятельности,2024,53612.5
14642000,Белгородская область,Красногвардейский муниципальный район,Всего по обследуемым видам экономической деятельности,2022,46897.3
14642000,Белгородская область,Красногвардейский муниципальный район,Всего по обследуемым видам экономической деятельности,2023,52696.8
14642000,Белгородская область,Красногвардейский муниципальный район,Всего по обследуемым видам экономической деятельности,2024,62814.8
14643000,Белгородская область,Краснояружский муниципальный район,Всего по обследуемым видам экономической деятельности,2022,42736.8
14643000,Белгородская область,Краснояружский муниципальный район,Всего по обследуемым видам экономической деятельности,2023,50332.1
14643000,Белгородская область,Краснояружский муниципальный район,Всего по обследуемым видам экономической деятельности,2024,62084.6
14646000,Белгородская область,Прохоровский муниципальный район,Всего по обследуемым видам экономической деятельности,2022,45203.5
14646000,Белгородская область,Прохоровский муниципальный район,Всего по обследуемым видам экономической деятельности,2023,52382.3
14646000,Белгородская область,Прохоровский муниципальный район,Всего по обследуемым видам экономической деятельности,2024,61492.5
14648000,Белгородская область,Ракитянский муниципальный район,Всего по обследуемым видам экономической деятельности,2022,51353.1
14648000,Белгородская область,Ракитянский муниципальный район,Всего по обследуемым видам экономической деятельности,2023,56548.5
14648000,Белгородская область,Ракитянский муниципальный район,Всего по обследуемым видам экономической деятельности,2024,69185.7
14650000,Белгородская область,Ровеньский муниципальный район,Всего по обследуемым видам экономической деятельности,2022,37204.7
14650000,Белгородская область,Ровеньский муниципальный район,Всего по обследуемым видам экономической деятельности,2023,41322.7
14650000,Белгородская область,Ровеньский муниципальный район,Всего по обследуемым видам экономической деятельности,2024,47693.2
14654000,Белгородская область,Чернянский муниципальный район,Всего по обследуемым видам экономической деятельности,2022,43453.5
14654000,Белгородская область,Чернянский муниципальный район,Всего по обследуемым видам экономической деятельности,2023,48823.9
14654000,Белгородская область,Чернянский муниципальный район,Всего по обследуемым видам экономической деятельности,2024,56748.2
14701000,Белгородская область,Город Белгород,Всего по обследуемым видам экономической деятельности,2022,54544.8
14701000,Белгородская область,Город Белгород,Всего по обследуемым видам экономической деятельности,2023,63142.3
14701000,Белгородская область,Город Белгород,Всего по обследуемым видам экономической деятельности,2024,75388.0
14710000,Белгородская область,Алексеевский,Всего по обследуемым видам экономической деятельности,2022,47969.9
14710000,Белгородская область,Алексеевский,Всего по обследуемым видам экономической деятельности,2023,57242.8
14710000,Белгородская область,Алексеевский,Всего по обследуемым видам экономической деятельности,2024,68610.1
14720000,Белгородская область,Валуйский,Всего по обследуемым видам экономической деятельности,2022,40023.2
14720000,Белгородская область,Валуйский,Всего по обследуемым видам экономической деятельности,2023,49398.6
14720000,Белгородская область,Валуйский,Всего по обследуемым видам экономической деятельности,2024,58210.9
14725000,Белгородская область,Грайворонский,Всего по обследуемым видам экономической деятельности,2022,38967.4
14725000,Белгородская область,Грайворонский,Всего по обследуемым видам экономической деятельности,2023,44732.4
14725000,Белгородская область,Грайворонский,Всего по обследуемым видам экономической деятельности,2024,53381.6
14730000,Белгородская область,Губкинский,Всего по обследуемым видам экономической деятельности,2022,55570.5
14730000,Белгородская область,Губкинский,Всего по обследуемым видам экономической деятельности,2023,62124.2
14730000,Белгородская область,Губкинский,Всего по обследуемым видам экономической деятельности,2024,79037.6
14735000,Белгородская область,Новооскольский,Всего по обследуемым видам экономической деятельности,2022,47007.2
14735000,Белгородская область,Новооскольский,Всего по обследуемым видам экономической деятельности,2023,56395.1
14735000,Белгородская область,Новооскольский,Всего по обследуемым видам экономической деятельности,2024,66422.8
14740000,Белгородская область,Старооскольский,Всего по обследуемым видам экономической деятельности,2022,55330.2
14740000,Белгородская область,Старооскольский,Всего по обследуемым видам экономической деятельности,2023,60938.0
14740000,Белгородская область,Старооскольский,Всего по обследуемым видам экономической деятельности,2024,76663.8
14750000,Белгородская область,Шебекинский,Всего по обследуемым видам экономической деятельности,2022,46266.3
14750000,Белгородская область,Шебекинский,Всего по обследуемым видам экономической деятельности,2023,50436.8
14750000,Белгородская область,Шебекинский,Всего по обследуемым видам экономической деятельности,2024,61864.4
14755000,Белгородская область,Яковлевский,Всего по обследуемым видам экономической деятельности,2022,53706.4
14755000,Белгородская область,Яковлевский,Всего по обследуемым видам экономической деятельности,2023,59177.5
14755000,Белгородская область,Яковлевский,Всего по обследуемым видам экономической деятельности,2024,72911.0
15501000,Брянская область,Стародубский,Всего по обследуемым видам экономической деятельности,2022,37045.8
15501000,Брянская область,Стародубский,Всего по обследуемым видам экономической деятельности,2023,43457.6
15501000,Брянская область,Стародубский,Всего по обследуемым видам экономической деятельности,2024,51087.7
15502000,Брянская область,Жуковский,Всего по обследуемым видам экономической деятельности,2022,34428.1
15502000,Брянская область,Жуковский,Всего по обследуемым видам экономической деятельности,2023,40261.5
15502000,Брянская область,Жуковский,Всего по обследуемым видам экономической деятельности,2024,50825.8
15604000,Брянская область,Брасовский муниципальный район,Всего по обследуемым видам экономической деятельности,2022,32065.3
15604000,Брянская область,Брасовский муниципальный район,Всего по обследуемым видам экономической деятельности,2023,38770.2
15604000,Брянская область,Брасовский муниципальный район,Всего по обследуемым видам экономической деятельности,2024,46664.9
15608000,Брянская область,Брянский муниципальный район,Всего по обследуемым видам экономической деятельности,2022,45673.0
15608000,Брянская область,Брянский муниципальный район,Всего по обследуемым видам экономической деятельности,2023,52777.7
15608000,Брянская область,Брянский муниципальный район,Всего по обследуемым видам экономической деятельности,2024,65720.7
15610000,Брянская область,Выгоничский муниципальный район,Всего по обследуемым видам экономической деятельности,2022,49827.6
15610000,Брянская область,Выгоничский муниципальный район,Всего по обследуемым видам экономической деятельности,2023,58365.9
15610000,Брянская область,Выгоничский муниципальный район,Всего по обследуемым видам экономической деятельности,2024,73382.1
15611000,Брянская область,Гордеевский муниципальный район,Всего по обследуемым видам экономической деятельности,2022,30260.1
15611000,Брянская область,Гордеевский муниципальный район,Всего по обследуемым видам экономической деятельности,2023,34148.2
15611000,Брянская область,Гордеевский муниципальный район,Всего по обследуемым видам экономической деятельности,2024,39598.9
15612000,Брянская область,Дубровский муниципальный район,Всего по обследуемым видам экономической деятельности,2022,31023.0
15612000,Брянская область,Дубровский муниципальный район,Всего по обследуемым видам экономической деятельности,2023,34777.9
15612000,Брянская область,Дубровский муниципальный район,Всего по обследуемым видам экономической деятельности,2024,42379.3
15616000,Брянская область,Дятьковский муниципальный район,Всего по обследуемым видам экономической деятельности,2022,36009.6
15616000,Брянская область,Дятьковский муниципальный район,Всего по обследуемым видам экономической деятельности,2023,43367.2
15616000,Брянская область,Дятьковский муниципальный район,Всего по обследуемым видам экономической деятельности,2024,50764.1
15620000,Брянская область,Жирятинский муниципальный район,Всего по обследуемым видам экономической деятельности,2022,39813.1
15620000,Брянская область,Жирятинский муниципальный район,Всего по обследуемым видам экономической деятельности,2023,46958.2
15620000,Брянская область,Жирятинский муниципальный район,Всего по обследуемым видам экономической деятельности,2024,56418.0
15623000,Брянская область,Злынковский муниципальный район,Всего по обследуемым видам экономической деятельности,2022,29939.6
15623000,Брянская область,Злынковский муниципальный район,Всего по обследуемым видам экономической деятельности,2023,34049.5
15623000,Брянская область,Злынковский муниципальный район,Всего по обследуемым видам экономической деятельности,2024,41941.8
15624000,Брянская область,Карачевский муниципальный район,Всего по обследуемым видам экономической деятельности,2022,40352.3
15624000,Брянская область,Карачевский муниципальный район,Всего по обследуемым видам экономической деятельности,2023,56289.4
15624000,Брянская область,Карачевский муниципальный район,Всего по обследуемым видам экономической деятельности,2024,66203.7
15626000,Брянская область,Клетнянский муниципальный район,Всего по обследуемым видам экономической деятельности,2022,31418.8
15626000,Брянская область,Клетнянский муниципальный район,Всего по обследуемым видам экономической деятельности,2023,35025.3
15626000,Брянская область,Клетнянский муниципальный район,Всего по обследуемым видам экономической деятельности,2024,42216.2
15628000,Брянская область,Климовский муниципальный район,Всего по обследуемым видам экономической деятельности,2022,33732.7
15628000,Брянская область,Климовский муниципальный район,Всего по обследуемым видам экономической деятельности,2023,39928.7
15628000,Брянская область,Климовский муниципальный район,Всего по обследуемым видам экономической деятельности,2024,49559.0
15630000,Брянская область,Клинцовский муниципальный район,Всего по обследуемым видам экономической деятельности,2022,33779.5
15630000,Брянская область,Клинцовский муниципальный район,Всего по обследуемым видам экономической деятельности,2023,42301.9
15630000,Брянская область,Клинцовский муниципальный район,Всего по обследуемым видам экономической деятельности,2024,52237.0
15632000,Брянская область,Комаричский муниципальный район,Всего по обследуемым видам экономической деятельности,2022,33036.6
15632000,Брянская область,Комаричский муниципальный район,Всего по обследуемым видам экономической деятельности,2023,37112.5
15632000,Брянская область,Комаричский муниципальный район,Всего по обследуемым видам экономической деятельности,2024,44557.2
15634000,Брянская область,Красногорский муниципальный район,Всего по обследуемым видам экономической деятельности,2022,29369.2
15634000,Брянская область,Красногорский муниципальный район,Всего по обследуемым видам экономической деятельности,2023,32640.3
15634000,Брянская область,Красногорский муниципальный район,Всего по обследуемым видам экономической деятельности,2024,39843.0
15636000,Брянская область,Мглинский муниципальный район,Всего по обследуемым видам экономической деятельности,2022,31011.3
15636000,Брянская область,Мглинский муниципальный район,Всего по обследуемым видам экономической деятельности,2023,35142.4
15636000,Брянская область,Мглинский муниципальный район,Всего по обследуемым видам экономической деятельности,2024,41933.7
15638000,Брянская область,Навлинский муниципальный район,Всего по обследуемым видам экономической деятельности,2022,36751.6
15638000,Брянская область,Навлинский муниципальный район,Всего по обследуемым видам экономической деятельности,2023,43416.4
15638000,Брянская область,Навлинский муниципальный район,Всего по обследуемым видам экономической деятельности,2024,53223.1
15642000,Брянская область,Погарский муниципальный район,Всего по обследуемым видам экономической деятельности,2022,37487.7
15642000,Брянская область,Погарский муниципальный район,Всего по обследуемым видам экономической деятельности,2023,43800.7
15642000,Брянская область,Погарский муниципальный район,Всего по обследуемым видам экономической деятельности,2024,50133.4
15644000,Брянская область,Почепский муниципальный район,Всего по обследуемым видам экономической деятельности,2022,35870.3
15644000,Брянская область,Почепский муниципальный район,Всего по обследуемым видам экономической деятельности,2023,42024.8
15644000,Брянская область,Почепский муниципальный район,Всего по обследуемым видам экономической деятельности,2024,50793.3
15646000,Брянская область,Рогнединский муниципальный район,Всего по обследуемым видам экономической деятельности,2022,39278.3
15646000,Брянская область,Рогнединский муниципальный район,Всего по обследуемым видам экономической деятельности,2023,41784.2
15646000,Брянская область,Рогнединский муниципальный район,Всего по обследуемым видам экономической деятельности,2024,48598.9
15648000,Брянская область,Севский муниципальный район,Всего по обследуемым видам экономической деятельности,2022,41322.0
15648000,Брянская область,Севский муниципальный район,Всего по обследуемым видам экономической деятельности,2023,50741.0
15648000,Брянская область,Севский муниципальный район,Всего по обследуемым видам экономической деятельности,2024,64392.7
15652000,Брянская область,Суземский муниципальный район,Всего по обследуемым видам экономической деятельности,2022,35784.3
15652000,Брянская область,Суземский муниципальный район,Всего по обследуемым видам экономической деятельности,2023,42994.7
15652000,Брянская область,Суземский муниципальный район,Всего по обследуемым видам экономической деятельности,2024,52440.2
15654000,Брянская область,Суражский муниципальный район,Всего по обследуемым видам экономической деятельности,2022,42858.0
15654000,Брянская область,Суражский муниципальный район,Всего по обследуемым видам экономической деятельности,2023,48746.9
15654000,Брянская область,Суражский муниципальный район,Всего по обследуемым видам экономической деятельности,2024,58932.8
15656000,Брянская область,Трубчевский муниципальный район,Всего по обследуемым видам экономической деятельности,2022,34563.3
15656000,Брянская область,Трубчевский муниципальный район,Всего по обследуемым видам экономической деятельности,2023,40181.1
15656000,Брянская область,Трубчевский муниципальный район,Всего по обследуемым видам экономической деятельности,2024,48234.2
15658000,Брянская область,Унечский муниципальный район,Всего по обследуемым видам экономической деятельности,2022,43860.5
15658000,Брянская область,Унечский муниципальный район,Всего по обследуемым видам экономической деятельности,2023,50280.2
15658000,Брянская область,Унечский муниципальный район,Всего по обследуемым видам экономической деятельности,2024,56720.2
15701000,Брянская область,Город Брянск,Всего по обследуемым видам экономической деятельности,2022,47913.3
15701000,Брянская область,Город Брянск,Всего по обследуемым видам экономической деятельности,2023,55590.4
15701000,Брянская область,Город Брянск,Всего по обследуемым видам экономической деятельности,2024,66357.9
15710000,Брянская область,Город Фокино,Всего по обследуемым видам экономической деятельности,2022,47676.3
15710000,Брянская область,Город Фокино,Всего по обследуемым видам экономической деятельности,2023,54081.1
15710000,Брянская область,Город Фокино,Всего по обследуемым видам экономической деятельности,2024,69722.0
15715000,Брянская область,Город Клинцы,Всего по обследуемым видам экономической деятельности,2022,34901.5
15715000,Брянская область,Город Клинцы,Всего по обследуемым видам экономической деятельности,2023,39985.3
15715000,Брянская область,Город Клинцы,Всего по обследуемым видам экономической деятельности,2024,48168.9
15720000,Брянская область,Новозыбковский,Всего по обследуемым видам экономической деятельности,2022,32520.0
15720000,Брянская область,Новозыбковский,Всего по обследуемым видам экономической деятельности,2023,37899.5
15720000,Брянская область,Новозыбковский,Всего по обследуемым видам экономической деятельности,2024,44944.7
15725000,Брянская область,Город Сельцо,Всего по обследуемым видам экономической деятельности,2022,45477.3
15725000,Брянская область,Город Сельцо,Всего по обследуемым видам экономической деятельности,2023,80350.6
15725000,Брянская область,Город Сельцо,Всего по обследуемым видам экономической деятельности,2024,98044.1
17605000,Владимирская область,Александровский муниципальный район,Всего по обследуемым видам экономической деятельности,2022,46064.6
17605000,Владимирская область,Александровский муниципальный район,Всего по обследуемым видам экономической деятельности,2023,52800.3
17605000,Владимирская область,Александровский муниципальный район,Всего по обследуемым видам экономической деятельности,2024,63364.6
17610000,Владимирская область,Вязниковский муниципальный район,Всего по обследуемым видам экономической деятельности,2022,35065.3
17610000,Владимирская область,Вязниковский муниципальный район,Всего по обследуемым видам экономической деятельности,2023,40268.2
17610000,Владимирская область,Вязниковский муниципальный район,Всего по обследуемым видам экономической деятельности,2024,49634.9
17615000,Владимирская область,Гороховецкий муниципальный район,Всего по обследуемым видам экономической деятельности,2022,43643.8
17615000,Владимирская область,Гороховецкий муниципальный район,Всего по обследуемым видам экономической деятельности,2023,50534.8
17615000,Владимирская область,Гороховецкий муниципальный район,Всего по обследуемым видам экономической деятельности,2024,62567.8
17620000,Владимирская область,Гусь-Хрустальный муниципальный район,Всего по обследуемым видам экономической деятельности,2022,43169.3
17620000,Владимирская область,Гусь-Хрустальный муниципальный район,Всего по обследуемым видам экономической деятельности,2023,48147.3
17620000,Владимирская область,Гусь-Хрустальный муниципальный район,Всего по обследуемым видам экономической деятельности,2024,56544.8
17625000,Владимирская область,Камешковский муниципальный район,Всего по обследуемым видам экономической деятельности,2022,45999.1
17625000,Владимирская область,Камешковский муниципальный район,Всего по обследуемым видам экономической деятельности,2023,53401.8
17625000,Владимирская область,Камешковский муниципальный район,Всего по обследуемым видам экономической деятельности,2024,65450.0
17630000,Владимирская область,Киржачский муниципальный район,Всего по обследуемым видам экономической деятельности,2022,53291.0
17630000,Владимирская область,Киржачский муниципальный район,Всего по обследуемым видам экономической деятельности,2023,63559.6
17630000,Владимирская область,Киржачский муниципальный район,Всего по обследуемым видам экономической деятельности,2024,77759.5
17635000,Владимирская область,Ковровский муниципальный район,Всего по обследуемым видам экономической деятельности,2022,36566.4
17635000,Владимирская область,Ковровский муниципальный район,Всего по обследуемым видам экономической деятельности,2023,43250.8
17635000,Владимирская область,Ковровский муниципальный район,Всего по обследуемым видам экономической деятельности,2024,55760.8
17640000,Владимирская область,Кольчугинский муниципальный район,Всего по обследуемым видам экономической деятельности,2022,46364.3
17640000,Владимирская область,Кольчугинский муниципальный район,Всего по обследуемым видам экономической деятельности,2023,53756.3
17640000,Владимирская область,Кольчугинский муниципальный район,Всего по обследуемым видам экономической деятельности,2024,65080.0
17642000,Владимирская область,Меленковский муниципальный район,Всего по обследуемым видам экономической деятельности,2022,35278.6
17642000,Владимирская область,Меленковский муниципальный район,Всего по обследуемым видам экономической деятельности,2023,40868.6
17642000,Владимирская область,Меленковский муниципальный район,Всего по обследуемым видам экономической деятельности,2024,50159.1
17644000,Владимирская область,Муромский муниципальный район,Всего по обследуемым видам экономической деятельности,2022,38019.8
17644000,Владимирская область,Муромский муниципальный район,Всего по обследуемым видам экономической деятельности,2023,40557.4
17644000,Владимирская область,Муромский муниципальный район,Всего по обследуемым видам экономической деятельности,2024,48983.6
17646000,Владимирская область,Петушинский муниципальный район,Всего по обследуемым видам экономической деятельности,2022,60385.0
17646000,Владимирская область,Петушинский муниципальный район,Всего по обследуемым видам экономической деятельности,2023,68462.1
17646000,Владимирская область,Петушинский муниципальный район,Всего по обследуемым видам экономической деятельности,2024,78611.2
17648000,Владимирская область,Селивановский муниципальный район,Всего по обследуемым видам экономической деятельности,2022,37033.4
17648000,Владимирская область,Селивановский муниципальный район,Всего по обследуемым видам экономической деятельности,2023,43500.1
17648000,Владимирская область,Селивановский муниципальный район,Всего по обследуемым видам экономической деятельности,2024,52714.3
17650000,Владимирская область,Собинский муниципальный район,Всего по обследуемым видам экономической деятельности,2022,53236.3
17650000,Владимирская область,Собинский муниципальный район,Всего по обследуемым видам экономической деятельности,2023,59855.3
17650000,Владимирская область,Собинский муниципальный район,Всего по обследуемым видам экономической деятельности,2024,68552.5
17652000,Владимирская область,Судогодский муниципальный район,Всего по обследуемым видам экономической деятельности,2022,41456.9
17652000,Владимирская область,Судогодский муниципальный район,Всего по обследуемым видам экономической деятельности,2023,45776.5
17652000,Владимирская область,Судогодский муниципальный район,Всего по обследуемым видам экономической деятельности,2024,53831.4
17654000,Владимирская область,Суздальский муниципальный район,Всего по обследуемым видам экономической деятельности,2022,43885.1
17654000,Владимирская область,Суздальский муниципальный район,Всего по обследуемым видам экономической деятельности,2023,51039.7
17654000,Владимирская область,Суздальский муниципальный район,Всего по обследуемым видам экономической деятельности,2024,63652.3
17656000,Владимирская область,Юрьев-Польский муниципальный район,Всего по обследуемым видам экономической деятельности,2022,40674.5
17656000,Владимирская область,Юрьев-Польский муниципальный район,Всего по обследуемым видам экономической деятельности,2023,49084.8
17656000,Владимирская область,Юрьев-Польский муниципальный район,Всего по обследуемым видам экономической деятельности,2024,58722.3
17701000,Владимирская область,Город Владимир,Всего по обследуемым видам экономической деятельности,2022,52900.7
17701000,Владимирская область,Город Владимир,Всего по обследуемым видам экономической деятельности,2023,61288.3
17701000,Владимирская область,Город Владимир,Всего по обследуемым видам экономической деятельности,2024,73898.5
17720000,Владимирская область,Город Гусь-Хрустальный,Всего по обследуемым видам экономической деятельности,2022,45798.8
17720000,Владимирская область,Город Гусь-Хрустальный,Всего по обследуемым видам экономической деятельности,2023,51096.1
17720000,Владимирская область,Город Гусь-Хрустальный,Всего по обследуемым видам экономической деятельности,2024,62463.2
17725000,Владимирская область,Город Ковров,Всего по обследуемым видам экономической деятельности,2022,53308.7
17725000,Владимирская область,Город Ковров,Всего по обследуемым видам экономической деятельности,2023,60408.0
17725000,Владимирская область,Город Ковров,Всего по обследуемым видам экономической деятельности,2024,72958.9
17735000,Владимирская область,Округ Муром,Всего по обследуемым видам экономической деятельности,2022,44946.4
17735000,Владимирская область,Округ Муром,Всего по обследуемым видам экономической деятельности,2023,53801.1
17735000,Владимирская область,Округ Муром,Всего по обследуемым видам экономической деятельности,2024,66886.9
18602000,Волгоградская область,Алексеевский муниципальный район,Всего по обследуемым видам экономической деятельности,2022,43193.2
18602000,Волгоградская область,Алексеевский муниципальный район,Всего по обследуемым видам экономической деятельности,2023,47446.1
18602000,Волгоградская область,Алексеевский муниципальный район,Всего по обследуемым видам экономической деятельности,2024,56323.5
18604000,Волгоградская область,Быковский муниципальный район,Всего по обследуемым видам экономической деятельности,2022,34621.3
18604000,Волгоградская область,Быковский муниципальный район,Всего по обследуемым видам экономической деятельности,2023,40147.0
18604000,Волгоградская область,Быковский муниципальный район,Всего по обследуемым видам экономической деятельности,2024,47241.5
18605000,Волгоградская область,Городищенский муниципальный район,Всего по обследуемым видам экономической деятельности,2022,45366.0
18605000,Волгоградская область,Городищенский муниципальный район,Всего по обследуемым видам экономической деятельности,2023,53591.1
18605000,Волгоградская область,Городищенский муниципальный район,Всего по обследуемым видам экономической деятельности,2024,64417.6
18606000,Волгоградская область,Даниловский муниципальный район,Всего по обследуемым видам экономической деятельности,2022,33483.6
18606000,Волгоградская область,Даниловский муниципальный район,Всего по обследуемым видам экономической деятельности,2023,38757.1
18606000,Волгоградская область,Даниловский муниципальный район,Всего по обследуемым видам экономической деятельности,2024,46810.3
18608000,Волгоградская область,Дубовский муниципальный район,Всего по обследуемым видам экономической деятельности,2022,43909.3
18608000,Волгоградская область,Дубовский муниципальный район,Всего по обследуемым видам экономической деятельности,2023,56717.5
18608000,Волгоградская область,Дубовский муниципальный район,Всего по обследуемым видам экономической деятельности,2024,59846.7
18610000,Волгоградская область,Еланский муниципальный район,Всего по обследуемым видам экономической деятельности,2022,37247.5
18610000,Волгоградская область,Еланский муниципальный район,Всего по обследуемым видам экономической деятельности,2023,44298.1
18610000,Волгоградская область,Еланский муниципальный район,Всего по обследуемым видам экономической деятельности,2024,53337.8
18612000,Волгоградская область,Жирновский муниципальный район,Всего по обследуемым видам экономической деятельности,2022,40847.7
18612000,Волгоградская область,Жирновский муниципальный район,Всего по обследуемым видам экономической деятельности,2023,47690.6
18612000,Волгоградская область,Жирновский муниципальный район,Всего по обследуемым видам экономической деятельности,2024,51685.6
18614000,Волгоградская область,Иловлинский муниципальный район,Всего по обследуемым видам экономической деятельности,2022,41142.7
18614000,Волгоградская область,Иловлинский муниципальный район,Всего по обследуемым видам экономической деятельности,2023,46818.3
18614000,Волгоградская область,Иловлинский муниципальный район,Всего по обследуемым видам экономической деятельности,2024,55517.8
18616000,Волгоградская область,Калачевский муниципальный район,Всего по обследуемым видам экономической деятельности,2022,36760.0
18616000,Волгоградская область,Калачевский муниципальный район,Всего по обследуемым видам экономической деятельности,2023,42881.6
18616000,Волгоградская область,Калачевский муниципальный район,Всего по обследуемым видам экономической деятельности,2024,50032.6
18618000,Волгоградская область,Камышинский муниципальный район,Всего по обследуемым видам экономической деятельности,2022,43023.1
18618000,Волгоградская область,Камышинский муниципальный район,Всего по обследуемым видам экономической деятельности,2023,48629.2
18618000,Волгоградская область,Камышинский муниципальный район,Всего по обследуемым видам экономической деятельности,2024,56569.5
18620000,Волгоградская область,Киквидзенский муниципальный район,Всего по обследуемым видам экономической деятельности,2022,33165.7
18620000,Волгоградская область,Киквидзенский муниципальный район,Всего по обследуемым видам экономической деятельности,2023,38124.7
18620000,Волгоградская область,Киквидзенский муниципальный район,Всего по обследуемым видам экономической деятельности,2024,44522.5
18622000,Волгоградская область,Клетский муниципальный район,Всего по обследуемым видам экономической деятельности,2022,41135.8
18622000,Волгоградская область,Клетский муниципальный район,Всего по обследуемым видам экономической деятельности,2023,45363.7
18622000,Волгоградская область,Клетский муниципальный район,Всего по обследуемым видам экономической деятельности,2024,48814.3
18624000,Волгоградская область,Котельниковский муниципальный район,Всего по обследуемым видам экономической деятельности,2022,63778.8
18624000,Волгоградская область,Котельниковский муниципальный район,Всего по обследуемым видам экономической деятельности,2023,69754.6
18624000,Волгоградская область,Котельниковский муниципальный район,Всего по обследуемым видам экономической деятельности,2024,91629.7
18626000,Волгоградская область,Котовский муниципальный район,Всего по обследуемым видам экономической деятельности,2022,41830.7
18626000,Волгоградская область,Котовский муниципальный район,Всего по обследуемым видам экономической деятельности,2023,47446.2
18626000,Волгоградская область,Котовский муниципальный район,Всего по обследуемым видам экономической деятельности,2024,57339.3
18630000,Волгоградская область,Ленинский муниципальный район,Всего по обследуемым видам экономической деятельности,2022,31153.2
18630000,Волгоградская область,Ленинский муниципальный район,Всего по обследуемым видам экономической деятельности,2023,35943.1
18630000,Волгоградская область,Ленинский муниципальный район,Всего по обследуемым видам экономической деятельности,2024,42144.1
18634000,Волгоградская область,Нехаевский муниципальный район,Всего по обследуемым видам экономической деятельности,2022,34855.3
18634000,Волгоградская область,Нехаевский муниципальный район,Всего по обследуемым видам экономической деятельности,2023,39969.5
18634000,Волгоградская область,Нехаевский муниципальный район,Всего по обследуемым видам экономической деятельности,2024,46399.0
18636000,Волгоградская область,Николаевский муниципальный район,Всего по обследуемым видам экономической деятельности,2022,35665.5
18636000,Волгоградская область,Николаевский муниципальный район,Всего по обследуемым видам экономической деятельности,2023,40479.4
18636000,Волгоградская область,Николаевский муниципальный район,Всего по обследуемым видам экономической деятельности,2024,48588.8
18638000,Волгоградская область,Новоаннинский муниципальный район,Всего по обследуемым видам экономической деятельности,2022,36616.0
18638000,Волгоградская область,Новоаннинский муниципальный район,Всего по обследуемым видам экономической деятельности,2023,42393.3
18638000,Волгоградская область,Новоаннинский муниципальный район,Всего по обследуемым видам экономической деятельности,2024,48591.7
18640000,Волгоградская область,Новониколаевский муниципальный район,Всего по обследуемым видам экономической деятельности,2022,37423.8
18640000,Волгоградская область,Новониколаевский муниципальный район,Всего по обследуемым видам экономической деятельности,2023,43787.3
18640000,Волгоградская область,Новониколаевский муниципальный район,Всего по обследуемым видам экономической деятельности,2024,48614.9
18642000,Волгоградская область,Октябрьский муниципальный район,Всего по обследуемым видам экономической деятельности,2022,38368.0
18642000,Волгоградская область,Октябрьский муниципальный район,Всего по обследуемым видам экономической деятельности,2023,44882.8
18642000,Волгоградская область,Октябрьский муниципальный район,Всего по обследуемым видам экономической деятельности,2024,51795.1
18643000,Волгоградская область,Ольховский муниципальный район,Всего по обследуемым видам экономической деятельности,2022,41789.1
18643000,Волгоградская область,Ольховский муниципальный район,Всего по обследуемым видам экономической деятельности,2023,53710.0
18643000,Волгоградская область,Ольховский муниципальный район,Всего по обследуемым видам экономической деятельности,2024,57618.6
18645000,Волгоградская область,Палласовский муниципальный район,Всего по обследуемым видам экономической деятельности,2022,33362.3
18645000,Волгоградская область,Палласовский муниципальный район,Всего по обследуемым видам экономической деятельности,2023,38905.2
18645000,Волгоградская область,Палласовский муниципальный район,Всего по обследуемым видам экономической деятельности,2024,45990.7
18646000,Волгоградская область,Кумылженский муниципальный район,Всего по обследуемым видам экономической деятельности,2022,33237.2
18646000,Волгоградская область,Кумылженский муниципальный район,Всего по обследуемым видам экономической деятельности,2023,38756.9
18646000,Волгоградская область,Кумылженский муниципальный район,Всего по обследуемым видам экономической деятельности,2024,46230.3
18647000,Волгоградская область,Руднянский муниципальный район,Всего по обследуемым видам экономической деятельности,2022,33316.0
18647000,Волгоградская область,Руднянский муниципальный район,Всего по обследуемым видам экономической деятельности,2023,38424.7
18647000,Волгоградская область,Руднянский муниципальный район,Всего по обследуемым видам экономической деятельности,2024,45232.0
18649000,Волгоградская область,Светлоярский муниципальный район,Всего по обследуемым видам экономической деятельности,2022,43061.8
18649000,Волгоградская область,Светлоярский муниципальный район,Всего по обследуемым видам экономической деятельности,2023,50467.1
18649000,Волгоградская область,Светлоярский муниципальный район,Всего по обследуемым видам экономической деятельности,2024,60865.2
18650000,Волгоградская область,Серафимовичский муниципальный район,Всего по обследуемым видам экономической деятельности,2022,33915.3
18650000,Волгоградская область,Серафимовичский муниципальный район,Всего по обследуемым видам экономической деятельности,2023,39081.3
18650000,Волгоградская область,Серафимовичский муниципальный район,Всего по обследуемым видам экономической деятельности,2024,47142.2
18651000,Волгоградская область,Среднеахтубинский муниципальный район,Всего по обследуемым видам экономической деятельности,2022,38240.0
18651000,Волгоградская область,Среднеахтубинский муниципальный район,Всего по обследуемым видам экономической деятельности,2023,55501.8
18651000,Волгоградская область,Среднеахтубинский муниципальный район,Всего по обследуемым видам экономической деятельности,2024,63569.6
18652000,Волгоградская область,Старополтавский муниципальный район,Всего по обследуемым видам экономической деятельности,2022,34584.1
18652000,Волгоградская область,Старополтавский муниципальный район,Всего по обследуемым видам экономической деятельности,2023,39385.9
18652000,Волгоградская область,Старополтавский муниципальный район,Всего по обследуемым видам экономической деятельности,2024,45600.5
18653000,Волгоградская область,Суровикинский муниципальный район,Всего по обследуемым видам экономической деятельности,2022,32551.3
18653000,Волгоградская область,Суровикинский муниципальный район,Всего по обследуемым видам экономической деятельности,2023,36634.3
18653000,Волгоградская область,Суровикинский муниципальный район,Всего по обследуемым видам экономической деятельности,2024,41045.0
18654000,Волгоградская область,Урюпинский муниципальный район,Всего по обследуемым видам экономической деятельности,2022,41550.4
18654000,Волгоградская область,Урюпинский муниципальный район,Всего по обследуемым видам экономической деятельности,2023,45851.9
18654000,Волгоградская область,Урюпинский муниципальный район,Всего по обследуемым видам экономической деятельности,2024,53134.0
18656000,Волгоградская область,Фроловский муниципальный район,Всего по обследуемым видам экономической деятельности,2022,32151.2
18656000,Волгоградская область,Фроловский муниципальный район,Всего по обследуемым видам экономической деятельности,2023,37672.6
18656000,Волгоградская область,Фроловский муниципальный район,Всего по обследуемым видам экономической деятельности,2024,42626.3
18658000,Волгоградская область,Чернышковский муниципальный район,Всего по обследуемым видам экономической деятельности,2022,33600.9
18658000,Волгоградская область,Чернышковский муниципальный район,Всего по обследуемым видам экономической деятельности,2023,40694.0
18658000,Волгоградская область,Чернышковский муниципальный район,Всего по обследуемым видам экономической деятельности,2024,47213.5
18701000,Волгоградская область,Город-герой Волгоград,Всего по обследуемым видам экономической деятельности,2022,50206.3
18701000,Волгоградская область,Город-герой Волгоград,Всего по обследуемым видам экономической деятельности,2023,59328.7
18701000,Волгоградская область,Город-герой Волгоград,Всего по обследуемым видам экономической деятельности,2024,68989.9
18710000,Волгоградская область,Город Волжский,Всего по обследуемым видам экономической деятельности,2022,49493.1
18710000,Волгоградская область,Город Волжский,Всего по обследуемым видам экономической деятельности,2023,57695.2
18710000,Волгоградская область,Город Волжский,Всего по обследуемым видам экономической деятельности,2024,67975.6
18715000,Волгоградская область,Город Камышин,Всего по обследуемым видам экономической деятельности,2022,37708.4
18715000,Волгоградская область,Город Камышин,Всего по обследуемым видам экономической деятельности,2023,42500.5
18715000,Волгоградская область,Город Камышин,Всего по обследуемым видам экономической деятельности,2024,50409.5
18720000,Волгоградская область,Город Михайловка,Всего по обследуемым видам экономической деятельности,2022,39273.5
18720000,Волгоградская область,Город Михайловка,Всего по обследуемым видам экономической деятельности,2023,44342.3
18720000,Волгоградская область,Город Михайловка,Всего по обследуемым видам экономической деятельности,2024,51608.4
18725000,Волгоградская область,Город Урюпинск,Всего по обследуемым видам экономической деятельности,2022,36362.1
18725000,Волгоградская область,Город Урюпинск,Всего по обследуемым видам экономической деятельности,2023,40781.2
18725000,Волгоградская область,Город Урюпинск,Всего по обследуемым видам экономической деятельности,2024,47746.3
18728000,Волгоградская область,Город Фролово,Всего по обследуемым видам экономической деятельности,2022,39202.7
18728000,Волгоградская область,Город Фролово,Всего по обследуемым видам экономической деятельности,2023,43909.9
18728000,Волгоградская область,Город Фролово,Всего по обследуемым видам экономической деятельности,2024,52506.0
19500000,Вологодская область,Муниципальные округа Вологодской области,Всего по обследуемым видам экономической деятельности,2023,52639.7
19500000,Вологодская область,Муниципальные округа Вологодской области,Всего по обследуемым видам экономической деятельности,2024,60754.0
19505000,Вологодская область,Бабаевский муниципальный округ,Всего по обследуемым видам экономической деятельности,2023,60549.3
19505000,Вологодская область,Бабаевский муниципальный округ,Всего по обследуемым видам экономической деятельности,2024,72929.0
19508000,Вологодская область,Бабушкинский муниципальный округ,Всего по обследуемым видам экономической деятельности,2023,46377.2
19508000,Вологодская область,Бабушкинский муниципальный округ,Всего по обследуемым видам экономической деятельности,2024,54216.2
19510000,Вологодская область,Белозерский муниципальный округ,Всего по обследуемым видам экономической деятельности,2023,49311.6
19510000,Вологодская область,Белозерский муниципальный округ,Всего по обследуемым видам экономической деятельности,2024,58608.9
19512000,Вологодская область,Вашкинский муниципальный округ,Всего по обследуемым видам экономической деятельности,2024,56126.7
19514000,Вологодская область,Великоустюгский муниципальный округ,Всего по обследуемым видам экономической деятельности,2023,47792.4
19514000,Вологодская область,Великоустюгский муниципальный округ,Всего по обследуемым видам экономической деятельности,2024,55556.5
19516000,Вологодская область,Верховажский муниципальный округ,Всего по обследуемым видам экономической деятельности,2023,46414.8
19516000,Вологодская область,Верховажский муниципальный округ,Всего по обследуемым видам экономической деятельности,2024,50373.1
19518000,Вологодская область,Вожегодский муниципальный округ,Всего по обследуемым видам экономической деятельности,2023,51194.7
19518000,Вологодская область,Вожегодский муниципальный округ,Всего по обследуемым видам экономической деятельности,2024,61437.4
19520000,Вологодская область,Вологодский муниципальный округ,Всего по обследуемым видам экономической деятельности,2023,52374.6
19520000,Вологодская область,Вологодский муниципальный округ,Всего по обследуемым видам экономической деятельности,2024,62777.5
19524000,Вологодская область,Грязовецкий муниципальный округ,Всего по обследуемым видам экономической деятельности,2023,60791.6
19524000,Вологодская область,Грязовецкий муниципальный округ,Всего по обследуемым видам экономической деятельности,2024,70749.0
19526000,Вологодская область,Кадуйский муниципальный округ,Всего по обследуемым видам экономической деятельности,2023,64212.2
19526000,Вологодская область,Кадуйский муниципальный округ,Всего по обследуемым видам экономической деятельности,2024,72910.8
19528000,Вологодская область,Кирилловский муниципальный округ,Всего по обследуемым видам экономической деятельности,2024,55213.1
19530000,Вологодская область,Кичменгско-Городецкий муниципальный округ,Всего по обследуемым видам экономической деятельности,2023,41364.8
19530000,Вологодская область,Кичменгско-Городецкий муниципальный округ,Всего по обследуемым видам экономической деятельности,2024,47517.9
19532000,Вологодская область,Междуреченский муниципальный округ,Всего по обследуемым видам экономической деятельности,2023,43424.2
19532000,Вологодская область,Междуреченский муниципальный округ,Всего по обследуемым видам экономической деятельности,2024,51162.5
19534000,Вологодская область,Никольский муниципальный округ,Всего по обследуемым видам экономической деятельности,2024,48311.4
19536000,Вологодская область,Нюксенский муниципальный округ,Всего по обследуемым видам экономической деятельности,2023,65125.5
19536000,Вологодская область,Нюксенский муниципальный округ,Всего по обследуемым видам экономической деятельности,2024,71691.6
19538000,Вологодская область,Сокольский муниципальный округ,Всего по обследуемым видам экономической деятельности,2023,51232.8
19538000,Вологодская область,Сокольский муниципальный округ,Всего по обследуемым видам экономической деятельности,2024,60325.8
19540000,Вологодская область,Сямженский муниципальный округ,Всего по обследуемым видам экономической деятельности,2023,51772.7
19540000,Вологодская область,Сямженский муниципальный округ,Всего по обследуемым видам экономической деятельности,2024,58762.2
19542000,Вологодская область,Тарногский муниципальный округ,Всего по обследуемым видам экономической деятельности,2023,46248.5
19542000,Вологодская область,Тарногский муниципальный округ,Всего по обследуемым видам экономической деятельности,2024,53705.2
19546000,Вологодская область,Тотемский муниципальный округ,Всего по обследуемым видам экономической деятельности,2023,53940.3
19546000,Вологодская область,Тотемский муниципальный округ,Всего по обследуемым видам экономической деятельности,2024,62840.2
19548000,Вологодская область,Усть-Кубинский муниципальный округ,Всего по обследуемым видам экономической деятельности,2023,47032.4
19548000,Вологодская область,Усть-Кубинский муниципальный округ,Всего по обследуемым видам экономической деятельности,2024,52990.2
19550000,Вологодская область,Устюженский муниципальный округ,Всего по обследуемым видам экономической деятельности,2023,44615.7
19550000,Вологодская область,Устюженский муниципальный округ,Всего по обследуемым видам экономической деятельности,2024,51007.9
19552000,Вологодская область,Харовский муниципальный округ,Всего по обследуемым видам экономической деятельности,2023,47231.8
19552000,Вологодская область,Харовский муниципальный округ,Всего по обследуемым видам экономической деятельности,2024,56509.7
19554000,Вологодская область,Чагодощенский муниципальный округ,Всего по обследуемым видам экономической деятельности,2023,54119.5
19554000,Вологодская область,Чагодощенский муниципальный округ,Всего по обследуемым видам экономической деятельности,2024,65786.9
19600000,Вологодская область,Муниципальные районы Вологодской области,Всего по обследуемым видам экономической деятельности,2023,53713.3
19600000,Вологодская область,Муниципальные районы Вологодской области,Всего по обследуемым видам экономической деятельности,2024,69622.0
19605000,Вологодская область,Бабаевский муниципальный район,Всего по обследуемым видам экономической деятельности,2022,54698.0
19608000,Вологодская область,Бабушкинский муниципальный район,Всего по обследуемым видам экономической деятельности,2022,41829.4
19610000,Вологодская область,Белозерский муниципальный район,Всего по обследуемым видам экономической деятельности,2022,44119.5
19612000,Вологодская область,Вашкинский муниципальный район,Всего по обследуемым видам экономической деятельности,2022,40754.1
19612000,Вологодская область,Вашкинский муниципальный район,Всего по обследуемым видам экономической деятельности,2023,46030.3
19614000,Вологодская область,Великоустюгский муниципальный район,Всего по обследуемым видам экономической деятельности,2022,43262.4
19616000,Вологодская область,Верховажский муниципальный район,Всего по обследуемым видам экономической деятельности,2022,43767.2
19618000,Вологодская область,Вожегодский муниципальный район,Всего по обследуемым видам экономической деятельности,2022,45281.1
19620000,Вологодская область,Вологодский муниципальный район,Всего по обследуемым видам экономической деятельности,2022,47578.0
19622000,Вологодская область,Вытегорский муниципальный район,Всего по обследуемым видам экономической деятельности,2022,53141.8
19622000,Вологодская область,Вытегорский муниципальный район,Всего по обследуемым видам экономической деятельности,2023,57707.6
19622000,Вологодская область,Вытегорский муниципальный район,Всего по обследуемым видам экономической деятельности,2024,70995.3
19624000,Вологодская область,Грязовецкий муниципальный район,Всего по обследуемым видам экономической деятельности,2022,53684.9
19626000,Вологодская область,Кадуйский муниципальный район,Всего по обследуемым видам экономической деятельности,2022,61820.8
19628000,Вологодская область,Кирилловский муниципальный район,Всего по обследуемым видам экономической деятельности,2022,42031.5
19628000,Вологодская область,Кирилловский муниципальный район,Всего по обследуемым видам экономической деятельности,2023,47364.2
19630000,Вологодская область,Кичменгско-Городецкий муниципальный район,Всего по обследуемым видам экономической деятельности,2022,37574.3
19632000,Вологодская область,Междуреченский муниципальный район,Всего по обследуемым видам экономической деятельности,2022,38847.6
19634000,Вологодская область,Никольский муниципальный район,Всего по обследуемым видам экономической деятельности,2022,37432.3
19634000,Вологодская область,Никольский муниципальный район,Всего по обследуемым видам экономической деятельности,2023,41036.5
19636000,Вологодская область,Нюксенский муниципальный район,Всего по обследуемым видам экономической деятельности,2022,58033.5
19638000,Вологодская область,Сокольский муниципальный район,Всего по обследуемым видам экономической деятельности,2022,46836.1
19640000,Вологодская область,Сямженский муниципальный район,Всего по обследуемым видам экономической деятельности,2022,49754.0
19642000,Вологодская область,Тарногский муниципальный район,Всего по обследуемым видам экономической деятельности,2022,42001.0
19646000,Вологодская область,Тотемский муниципальный район,Всего по обследуемым видам экономической деятельности,2022,49435.7
19648000,Вологодская область,Усть-Кубинский муниципальный район,Всего по обследуемым видам экономической деятельности,2022,42807.8
19650000,Вологодская область,Устюженский муниципальный район,Всего по обследуемым видам экономической деятельности,2022,40219.8
19652000,Вологодская область,Харовский муниципальный район,Всего по обследуемым видам экономической деятельности,2022,43161.9
19654000,Вологодская область,Чагодощенский муниципальный район,Всего по обследуемым видам экономической деятельности,2022,48670.5
19656000,Вологодская область,Череповецкий муниципальный район,Всего по обследуемым видам экономической деятельности,2022,56075.3
19656000,Вологодская область,Череповецкий муниципальный район,Всего по обследуемым видам экономической деятельности,2023,64616.8
19656000,Вологодская область,Череповецкий муниципальный район,Всего по обследуемым видам экономической деятельности,2024,77639.9
19658000,Вологодская область,Шекснинский муниципальный район,Всего по обследуемым видам экономической деятельности,2022,47585.3
19658000,Вологодская область,Шекснинский муниципальный район,Всего по обследуемым видам экономической деятельности,2023,53402.6
19658000,Вологодская область,Шекснинский муниципальный район,Всего по обследуемым видам экономической деятельности,2024,64438.2
19700000,Вологодская область,Городские округа Вологодской области,Всего по обследуемым видам экономической деятельности,2023,71947.8
19700000,Вологодская область,Городские округа Вологодской области,Всего по обследуемым видам экономической деятельности,2024,86926.5
19701000,Вологодская область,Город Вологда,Всего по обследуемым видам экономической деятельности,2022,59111.6
19701000,Вологодская область,Город Вологда,Всего по обследуемым видам экономической деятельности,2023,64505.5
19701000,Вологодская область,Город Вологда,Всего по обследуемым видам экономической деятельности,2024,73934.8
19730000,Вологодская область,Город Череповец,Всего по обследуемым видам экономической деятельности,2022,70184.2
19730000,Вологодская область,Город Череповец,Всего по обследуемым видам экономической деятельности,2023,79312.7
19730000,Вологодская область,Город Череповец,Всего по обследуемым видам экономической деятельности,2024,99580.4
20602000,Воронежская область,Аннинский муниципальный район,Всего по обследуемым видам экономической деятельности,2022,38653.1
20602000,Воронежская область,Аннинский муниципальный район,Всего по обследуемым видам экономической деятельности,2023,45097.1
20602000,Воронежская область,Аннинский муниципальный район,Всего по обследуемым видам экономической деятельности,2024,51475.6
20604000,Воронежская область,Бобровский муниципальный район,Всего по обследуемым видам экономической деятельности,2022,43811.1
20604000,Воронежская область,Бобровский муниципальный район,Всего по обследуемым видам экономической деятельности,2023,51222.0
20604000,Воронежская область,Бобровский муниципальный район,Всего по обследуемым видам экономической деятельности,2024,63411.3
20605000,Воронежская область,Богучарский муниципальный район,Всего по обследуемым видам экономической деятельности,2022,36375.9
20605000,Воронежская область,Богучарский муниципальный район,Всего по обследуемым видам экономической деятельности,2023,41940.1
20605000,Воронежская область,Богучарский муниципальный район,Всего по обследуемым видам экономической деятельности,2024,49964.6
20608000,Воронежская область,Бутурлиновский муниципальный район,Всего по обследуемым видам экономической деятельности,2022,37256.7
20608000,Воронежская область,Бутурлиновский муниципальный район,Всего по обследуемым видам экономической деятельности,2023,42530.0
20608000,Воронежская область,Бутурлиновский муниципальный район,Всего по обследуемым видам экономической деятельности,2024,50081.2
20610000,Воронежская область,Верхнемамонский муниципальный район,Всего по обследуемым видам экономической деятельности,2022,38323.7
20610000,Воронежская область,Верхнемамонский муниципальный район,Всего по обследуемым видам экономической деятельности,2023,45412.5
20610000,Воронежская область,Верхнемамонский муниципальный район,Всего по обследуемым видам экономической деятельности,2024,53006.0
20611000,Воронежская область,Верхнехавский муниципальный район,Всего по обследуемым видам экономической деятельности,2022,42185.4
20611000,Воронежская область,Верхнехавский муниципальный район,Всего по обследуемым видам экономической деятельности,2023,49480.6
20611000,Воронежская область,Верхнехавский муниципальный район,Всего по обследуемым видам экономической деятельности,2024,60194.7
20612000,Воронежская область,Воробьёвский муниципальный район,Всего по обследуемым видам экономической деятельности,2022,37663.4
20612000,Воронежская область,Воробьёвский муниципальный район,Всего по обследуемым видам экономической деятельности,2023,43882.4
20612000,Воронежская область,Воробьёвский муниципальный район,Всего по обследуемым видам экономической деятельности,2024,51915.1
20613000,Воронежская область,Грибановский муниципальный район,Всего по обследуемым видам экономической деятельности,2022,36729.4
20613000,Воронежская область,Грибановский муниципальный район,Всего по обследуемым видам экономической деятельности,2023,42942.3
20613000,Воронежская область,Грибановский муниципальный район,Всего по обследуемым видам экономической деятельности,2024,51383.3
20615000,Воронежская область,Калачеевский муниципальный район,Всего по обследуемым видам экономической деятельности,2022,38878.4
20615000,Воронежская область,Калачеевский муниципальный район,Всего по обследуемым видам экономической деятельности,2023,44779.9
20615000,Воронежская область,Калачеевский муниципальный район,Всего по обследуемым видам экономической деятельности,2024,52348.3
20617000,Воронежская область,Каменский муниципальный район,Всего по обследуемым видам экономической деятельности,2022,38725.7
20617000,Воронежская область,Каменский муниципальный район,Всего по обследуемым видам экономической деятельности,2023,45875.7
20617000,Воронежская область,Каменский муниципальный район,Всего по обследуемым видам экономической деятельности,2024,54851.6
20619000,Воронежская область,Кантемировский муниципальный район,Всего по обследуемым видам экономической деятельности,2022,40183.7
20619000,Воронежская область,Кантемировский муниципальный район,Всего по обследуемым видам экономической деятельности,2023,46671.1
20619000,Воронежская область,Кантемировский муниципальный район,Всего по обследуемым видам экономической деятельности,2024,55051.2
20620000,Воронежская область,Каширский муниципальный район,Всего по обследуемым видам экономической деятельности,2022,45845.8
20620000,Воронежская область,Каширский муниципальный район,Всего по обследуемым видам экономической деятельности,2023,53667.1
20620000,Воронежская область,Каширский муниципальный район,Всего по обследуемым видам экономической деятельности,2024,60055.0
20621000,Воронежская область,Лискинский муниципальный район,Всего по обследуемым видам экономической деятельности,2022,47224.3
20621000,Воронежская область,Лискинский муниципальный район,Всего по обследуемым видам экономической деятельности,2023,55591.1
20621000,Воронежская область,Лискинский муниципальный район,Всего по обследуемым видам экономической деятельности,2024,67412.2
20623000,Воронежская область,Нижнедевицкий муниципальный район,Всего по обследуемым видам экономической деятельности,2022,46050.1
20623000,Воронежская область,Нижнедевицкий муниципальный район,Всего по обследуемым видам экономической деятельности,2023,55360.7
20623000,Воронежская область,Нижнедевицкий муниципальный район,Всего по обследуемым видам экономической деятельности,2024,65742.5
20625000,Воронежская область,Новоусманский муниципальный район,Всего по обследуемым видам экономической деятельности,2022,45500.3
20625000,Воронежская область,Новоусманский муниципальный район,Всего по обследуемым видам экономической деятельности,2023,54892.4
20625000,Воронежская область,Новоусманский муниципальный район,Всего по обследуемым видам экономической деятельности,2024,68246.1
20627000,Воронежская область,Новохопёрский муниципальный район,Всего по обследуемым видам экономической деятельности,2022,37312.4
20627000,Воронежская область,Новохопёрский муниципальный район,Всего по обследуемым видам экономической деятельности,2023,44111.8
20627000,Воронежская область,Новохопёрский муниципальный район,Всего по обследуемым видам экономической деятельности,2024,52507.6
20629000,Воронежская область,Ольховатский муниципальный район,Всего по обследуемым видам экономической деятельности,2022,38619.7
20629000,Воронежская область,Ольховатский муниципальный район,Всего по обследуемым видам экономической деятельности,2023,47464.7
20629000,Воронежская область,Ольховатский муниципальный район,Всего по обследуемым видам экономической деятельности,2024,56898.3
20631000,Воронежская область,Острогожский муниципальный район,Всего по обследуемым видам экономической деятельности,2022,41224.3
20631000,Воронежская область,Острогожский муниципальный район,Всего по обследуемым видам экономической деятельности,2023,48063.8
20631000,Воронежская область,Острогожский муниципальный район,Всего по обследуемым видам экономической деятельности,2024,55166.8
20633000,Воронежская область,Павловский муниципальный район,Всего по обследуемым видам экономической деятельности,2022,44199.5
20633000,Воронежская область,Павловский муниципальный район,Всего по обследуемым видам экономической деятельности,2023,52518.7
20633000,Воронежская область,Павловский муниципальный район,Всего по обследуемым видам экономической деятельности,2024,65628.3
20635000,Воронежская область,Панинский муниципальный район,Всего по обследуемым видам экономической деятельности,2022,36576.7
20635000,Воронежская область,Панинский муниципальный район,Всего по обследуемым видам экономической деятельности,2023,44685.4
20635000,Воронежская область,Панинский муниципальный район,Всего по обследуемым видам экономической деятельности,2024,55138.4
20637000,Воронежская область,Петропавловский муниципальный район,Всего по обследуемым видам экономической деятельности,2022,35682.0
20637000,Воронежская область,Петропавловский муниципальный район,Всего по обследуемым видам экономической деятельности,2023,41692.6
20637000,Воронежская область,Петропавловский муниципальный район,Всего по обследуемым видам экономической деятельности,2024,49471.8
20639000,Воронежская область,Поворинский муниципальный район,Всего по обследуемым видам экономической деятельности,2022,40257.7
20639000,Воронежская область,Поворинский муниципальный район,Всего по обследуемым видам экономической деятельности,2023,47259.3
20639000,Воронежская область,Поворинский муниципальный район,Всего по обследуемым видам экономической деятельности,2024,57641.2
20641000,Воронежская область,Подгоренский муниципальный район,Всего по обследуемым видам экономической деятельности,2022,40271.9
20641000,Воронежская область,Подгоренский муниципальный район,Всего по обследуемым видам экономической деятельности,2023,46885.1
20641000,Воронежская область,Подгоренский муниципальный район,Всего по обследуемым видам экономической деятельности,2024,58831.8
20643000,Воронежская область,Рамонский муниципальный район,Всего по обследуемым видам экономической деятельности,2022,54029.4
20643000,Воронежская область,Рамонский муниципальный район,Всего по обследуемым видам экономической деятельности,2023,65383.6
20643000,Воронежская область,Рамонский муниципальный район,Всего по обследуемым видам экономической деятельности,2024,81515.3
20645000,Воронежская область,Репьёвский муниципальный район,Всего по обследуемым видам экономической деятельности,2022,37918.0
20645000,Воронежская область,Репьёвский муниципальный район,Всего по обследуемым видам экономической деятельности,2023,45451.7
20645000,Воронежская область,Репьёвский муниципальный район,Всего по обследуемым видам экономической деятельности,2024,52959.6
20647000,Воронежская область,Россошанский муниципальный район,Всего по обследуемым видам экономической деятельности,2022,42625.2
20647000,Воронежская область,Россошанский муниципальный район,Всего по обследуемым видам экономической деятельности,2023,50217.6
20647000,Воронежская область,Россошанский муниципальный район,Всего по обследуемым видам экономической деятельности,2024,59474.1
20649000,Воронежская область,Семилукский муниципальный район,Всего по обследуемым видам экономической деятельности,2022,47012.6
20649000,Воронежская область,Семилукский муниципальный район,Всего по обследуемым видам экономической деятельности,2023,54994.7
20649000,Воронежская область,Семилукский муниципальный район,Всего по обследуемым видам экономической деятельности,2024,64002.0
20651000,Воронежская область,Таловский муниципальный район,Всего по обследуемым видам экономической деятельности,2022,38734.5
20651000,Воронежская область,Таловский муниципальный район,Всего по обследуемым видам экономической деятельности,2023,44373.9
20651000,Воронежская область,Таловский муниципальный район,Всего по обследуемым видам экономической деятельности,2024,51646.8
20654000,Воронежская область,Терновский муниципальный район,Всего по обследуемым видам экономической деятельности,2022,35215.0
20654000,Воронежская область,Терновский муниципальный район,Всего по обследуемым видам экономической деятельности,2023,42614.2
20654000,Воронежская область,Терновский муниципальный район,Всего по обследуемым видам экономической деятельности,2024,49817.9
20656000,Воронежская область,Хохольский муниципальный район,Всего по обследуемым видам экономической деятельности,2022,41011.0
20656000,Воронежская область,Хохольский муниципальный район,Всего по обследуемым видам экономической деятельности,2023,49396.0
20656000,Воронежская область,Хохольский муниципальный район,Всего по обследуемым видам экономической деятельности,2024,58509.5
20658000,Воронежская область,Эртильский муниципальный район,Всего по обследуемым видам экономической деятельности,2022,36170.1
20658000,Воронежская область,Эртильский муниципальный район,Всего по обследуемым видам экономической деятельности,2023,43628.2
20658000,Воронежская область,Эртильский муниципальный район,Всего по обследуемым видам экономической деятельности,2024,52534.5
20701000,Воронежская область,Город Воронеж,Всего по обследуемым видам экономической деятельности,2022,56402.2
20701000,Воронежская область,Город Воронеж,Всего по обследуемым видам экономической деятельности,2023,65730.1
20701000,Воронежская область,Город Воронеж,Всего по обследуемым видам экономической деятельности,2024,77685.8
20710000,Воронежская область,Борисоглебский,Всего по обследуемым видам экономической деятельности,2022,37711.8
20710000,Воронежская область,Борисоглебский,Всего по обследуемым видам экономической деятельности,2023,44075.4
20710000,Воронежская область,Борисоглебский,Всего по обследуемым видам экономической деятельности,2024,53968.5
20727000,Воронежская область,Город Нововоронеж,Всего по обследуемым видам экономической деятельности,2022,69893.3
20727000,Воронежская область,Город Нововоронеж,Всего по обследуемым видам экономической деятельности,2023,78582.8
20727000,Воронежская область,Город Нововоронеж,Всего по обследуемым видам экономической деятельности,2024,91163.7
22502000,Нижегородская область,Ардатовский муниципальный округ,Всего по обследуемым видам экономической деятельности,2023,45503.9
22502000,Нижегородская область,Ардатовский муниципальный округ,Всего по обследуемым видам экономической деятельности,2024,51079.9
22505000,Нижегородская область,Балахнинский муниципальный округ,Всего по обследуемым видам экономической деятельности,2022,42861.7
22505000,Нижегородская область,Балахнинский муниципальный округ,Всего по обследуемым видам экономической деятельности,2023,50509.3
22505000,Нижегородская область,Балахнинский муниципальный округ,Всего по обследуемым видам экономической деятельности,2024,64085.0
22507000,Нижегородская область,Богородский муниципальный округ,Всего по обследуемым видам экономической деятельности,2022,39471.9
22507000,Нижегородская область,Богородский муниципальный округ,Всего по обследуемым видам экономической деятельности,2023,44806.2
22507000,Нижегородская область,Богородский муниципальный округ,Всего по обследуемым видам экономической деятельности,2024,54887.8
22509000,Нижегородская область,Большеболдинский муниципальный округ,Всего по обследуемым видам экономической деятельности,2023,44374.6
22509000,Нижегородская область,Большеболдинский муниципальный округ,Всего по обследуемым видам экономической деятельности,2024,52302.9
22510000,Нижегородская область,Большемурашкинский муниципальный округ,Всего по обследуемым видам экономической деятельности,2023,44934.2
22510000,Нижегородская область,Большемурашкинский муниципальный округ,Всего по обследуемым видам экономической деятельности,2024,54463.0
22512000,Нижегородская область,Бутурлинский муниципальный округ,Всего по обследуемым видам экономической деятельности,2022,37036.5
22512000,Нижегородская область,Бутурлинский муниципальный округ,Всего по обследуемым видам экономической деятельности,2023,42892.3
22512000,Нижегородская область,Бутурлинский муниципальный округ,Всего по обследуемым видам экономической деятельности,2024,50073.9
22514000,Нижегородская область,Вадский муниципальный округ,Всего по обследуемым видам экономической деятельности,2022,41344.3
22514000,Нижегородская область,Вадский муниципальный округ,Всего по обследуемым видам экономической деятельности,2023,62346.4
22514000,Нижегородская область,Вадский муниципальный округ,Всего по обследуемым видам экономической деятельности,2024,60421.0
22515000,Нижегородская область,Варнавинский муниципальный округ,Всего по обследуемым видам экономической деятельности,2023,35441.7
22515000,Нижегородская область,Варнавинский муниципальный округ,Всего по обследуемым видам экономической деятельности,2024,42530.2
22517000,Нижегородская область,Вачский муниципальный округ,Всего по обследуемым видам экономической деятельности,2023,39573.6
22517000,Нижегородская область,Вачский муниципальный округ,Всего по обследуемым видам экономической деятельности,2024,47172.5
22518000,Нижегородская область,Ветлужский муниципальный округ,Всего по обследуемым видам экономической деятельности,2023,37144.8
22518000,Нижегородская область,Ветлужский муниципальный округ,Всего по обследуемым видам экономической деятельности,2024,43677.4
22519000,Нижегородская область,Вознесенский муниципальный округ,Всего по обследуемым видам экономической деятельности,2023,39256.1
22519000,Нижегородская область,Вознесенский муниципальный округ,Всего по обследуемым видам экономической деятельности,2024,46674.6
22520000,Нижегородская область,Володарский муниципальный округ,Всего по обследуемым видам экономической деятельности,2023,50994.8
22520000,Нижегородская область,Володарский муниципальный округ,Всего по обследуемым видам экономической деятельности,2024,65717.5
22522000,Нижегородская область,Воскресенский муниципальный округ,Всего по обследуемым видам экономической деятельности,2023,39339.1
22522000,Нижегородская область,Воскресенский муниципальный округ,Всего по обследуемым видам экономической деятельности,2024,47142.8
22526000,Нижегородская область,Гагинский муниципальный округ,Всего по обследуемым видам экономической деятельности,2023,39867.3
22526000,Нижегородская область,Гагинский муниципальный округ,Всего по обследуемым видам экономической деятельности,2024,47769.7
22528000,Нижегородская область,Городецкий муниципальный округ,Всего по обследуемым видам экономической деятельности,2023,47181.2
22528000,Нижегородская область,Городецкий муниципальный округ,Всего по обследуемым видам экономической деятельности,2024,62205.1
22530000,Нижегородская область,Дальнеконстантиновский муниципальный округ,Всего по обследуемым видам экономической деятельности,2023,45860.9
22530000,Нижегородская область,Дальнеконстантиновский муниципальный округ,Всего по обследуемым видам экономической деятельности,2024,54917.0
22532000,Нижегородская область,Дивеевский муниципальный округ,Всего по обследуемым видам экономической деятельности,2022,36869.0
22532000,Нижегородская область,Дивеевский муниципальный округ,Всего по обследуемым видам экономической деятельности,2023,42746.7
22532000,Нижегородская область,Дивеевский муниципальный округ,Всего по обследуемым видам экономической деятельности,2024,50658.3
22533000,Нижегородская область,Княгининский муниципальный округ,Всего по обследуемым видам экономической деятельности,2023,49470.6
22533000,Нижегородская область,Княгининский муниципальный округ,Всего по обследуемым видам экономической деятельности,2024,59292.5
22534000,Нижегородская область,Ковернинский муниципальный округ,Всего по обследуемым видам экономической деятельности,2022,37229.5
22534000,Нижегородская область,Ковернинский муниципальный округ,Всего по обследуемым видам экономической деятельности,2023,42719.5
22534000,Нижегородская область,Ковернинский муниципальный округ,Всего по обследуемым видам экономической деятельности,2024,50912.6
22535000,Нижегородская область,Краснобаковский муниципальный округ,Всего по обследуемым видам экономической деятельности,2023,37775.3
22535000,Нижегородская область,Краснобаковский муниципальный округ,Всего по обследуемым видам экономической деятельности,2024,46131.5
22536000,Нижегородская область,Краснооктябрьский муниципальный округ,Всего по обследуемым видам экономической деятельности,2023,34375.2
22536000,Нижегородская область,Краснооктябрьский муниципальный округ,Всего по обследуемым видам экономической деятельности,2024,41238.2
22537000,Нижегородская область,Кстовский муниципальный округ,Всего по обследуемым видам экономической деятельности,2023,70340.2
22537000,Нижегородская область,Кстовский муниципальный округ,Всего по обследуемым видам экономической деятельности,2024,84669.9
22539000,Нижегородская область,Лукояновский муниципальный округ,Всего по обследуемым видам экономической деятельности,2023,37174.1
22539000,Нижегородская область,Лукояновский муниципальный округ,Всего по обследуемым видам экономической деятельности,2024,44283.8
22540000,Нижегородская область,Лысковский муниципальный округ,Всего по обследуемым видам экономической деятельности,2022,35107.0
22540000,Нижегородская область,Лысковский муниципальный округ,Всего по обследуемым видам экономической деятельности,2023,40693.1
22540000,Нижегородская область,Лысковский муниципальный округ,Всего по обследуемым видам экономической деятельности,2024,50198.4
22542000,Нижегородская область,Павловский муниципальный округ,Всего по обследуемым видам экономической деятельности,2022,45987.6
22542000,Нижегородская область,Павловский муниципальный округ,Всего по обследуемым видам экономической деятельности,2023,58700.8
22542000,Нижегородская область,Павловский муниципальный округ,Всего по обследуемым видам экономической деятельности,2024,80613.9
22545000,Нижегородская область,Пильнинский муниципальный округ,Всего по обследуемым видам экономической деятельности,2023,47631.6
22545000,Нижегородская область,Пильнинский муниципальный округ,Всего по обследуемым видам экономической деятельности,2024,49832.0
22546000,Нижегородская область,Починковский муниципальный округ,Всего по обследуемым видам экономической деятельности,2022,38934.6
22546000,Нижегородская область,Починковский муниципальный округ,Всего по обследуемым видам экономической деятельности,2023,44046.8
22546000,Нижегородская область,Починковский муниципальный округ,Всего по обследуемым видам экономической деятельности,2024,51450.7
22548000,Нижегородская область,Сергачский муниципальный округ,Всего по обследуемым видам экономической деятельности,2023,51830.0
22548000,Нижегородская область,Сергачский муниципальный округ,Всего по обследуемым видам экономической деятельности,2024,56148.0
22549000,Нижегородская область,Сеченовский муниципальный округ,Всего по обследуемым видам экономической деятельности,2023,45891.1
22549000,Нижегородская область,Сеченовский муниципальный округ,Всего по обследуемым видам экономической деятельности,2024,52087.9
22550000,Нижегородская область,Сосновский муниципальный округ,Всего по обследуемым видам экономической деятельности,2023,43361.1
22550000,Нижегородская область,Сосновский муниципальный округ,Всего по обследуемым видам экономической деятельности,2024,56960.6
22551000,Нижегородская область,Спасский муниципальный округ,Всего по обследуемым видам экономической деятельности,2023,37217.9
22551000,Нижегородская область,Спасский муниципальный округ,Всего по обследуемым видам экономической деятельности,2024,44624.7
22552000,Нижегородская область,Тонкинский муниципальный округ,Всего по обследуемым видам экономической деятельности,2023,37211.0
22552000,Нижегородская область,Тонкинский муниципальный округ,Всего по обследуемым видам экономической деятельности,2024,43416.7
22553000,Нижегородская область,Тоншаевский муниципальный округ,Всего по обследуемым видам экономической деятельности,2022,34395.1
22553000,Нижегородская область,Тоншаевский муниципальный округ,Всего по обследуемым видам экономической деятельности,2023,37418.8
22553000,Нижегородская область,Тоншаевский муниципальный округ,Всего по обследуемым видам экономической деятельности,2024,43387.0
22554000,Нижегородская область,Уренский муниципальный округ,Всего по обследуемым видам экономической деятельности,2022,36635.1
22554000,Нижегородская область,Уренский муниципальный округ,Всего по обследуемым видам экономической деятельности,2023,41856.6
22554000,Нижегородская область,Уренский муниципальный округ,Всего по обследуемым видам экономической деятельности,2024,49860.5
22556000,Нижегородская область,Шарангский муниципальный округ,Всего по обследуемым видам экономической деятельности,2023,38475.2
22556000,Нижегородская область,Шарангский муниципальный округ,Всего по обследуемым видам экономической деятельности,2024,44175.6
22557000,Нижегородская область,Шатковский муниципальный округ,Всего по обследуемым видам экономической деятельности,2023,40502.2
22557000,Нижегородская область,Шатковский муниципальный округ,Всего по обследуемым видам экономической деятельности,2024,48417.6
22602000,Нижегородская область,Ардатовский муниципальный район,Всего по обследуемым видам экономической деятельности,2022,42675.4
22603000,Нижегородская область,Арзамасский муниципальный район,Всего по обследуемым видам экономической деятельности,2022,46310.5
22609000,Нижегородская область,Большеболдинский муниципальный район,Всего по обследуемым видам экономической деятельности,2022,37828.5
22610000,Нижегородская область,Большемурашкинский муниципальный район,Всего по обследуемым видам экономической деятельности,2022,38743.0
22615000,Нижегородская область,Варнавинский муниципальный район,Всего по обследуемым видам экономической деятельности,2022,30605.0
22617000,Нижегородская область,Вачский муниципальный район,Всего по обследуемым видам экономической деятельности,2022,33660.1
22618000,Нижегородская область,Ветлужский муниципальный район,Всего по обследуемым видам экономической деятельности,2022,33156.3
22619000,Нижегородская область,Вознесенский муниципальный район,Всего по обследуемым видам экономической деятельности,2022,34220.5
22622000,Нижегородская область,Воскресенский муниципальный район,Всего по обследуемым видам экономической деятельности,2022,33423.5
22626000,Нижегородская область,Гагинский муниципальный район,Всего по обследуемым видам экономической деятельности,2022,33971.5
22628000,Нижегородская область,Городецкий муниципальный район,Всего по обследуемым видам экономической деятельности,2022,39474.0
22630000,Нижегородская область,Дальнеконстантиновский муниципальный район,Всего по обследуемым видам экономической деятельности,2022,40394.9
22631000,Нижегородская область,Володарский муниципальный район,Всего по обследуемым видам экономической деятельности,2022,37340.7
22633000,Нижегородская область,Княгининский муниципальный район,Всего по обследуемым видам экономической деятельности,2022,43771.2
22635000,Нижегородская область,Краснобаковский муниципальный район,Всего по обследуемым видам экономической деятельности,2022,31970.5
22636000,Нижегородская область,Краснооктябрьский муниципальный район,Всего по обследуемым видам экономической деятельности,2022,30052.9
22637000,Нижегородская область,Кстовский муниципальный район,Всего по обследуемым видам экономической деятельности,2022,61320.2
22639000,Нижегородская область,Лукояновский муниципальный район,Всего по обследуемым видам экономической деятельности,2022,33100.5
22645000,Нижегородская область,Пильнинский муниципальный район,Всего по обследуемым видам экономической деятельности,2022,41123.5
22648000,Нижегородская область,Сергачский муниципальный район,Всего по обследуемым видам экономической деятельности,2022,43102.7
22649000,Нижегородская область,Сеченовский муниципальный район,Всего по обследуемым видам экономической деятельности,2022,41250.8
22650000,Нижегородская область,Сосновский муниципальный район,Всего по обследуемым видам экономической деятельности,2022,36741.7
22651000,Нижегородская область,Спасский муниципальный район,Всего по обследуемым видам экономической деятельности,2022,33099.3
22652000,Нижегородская область,Тонкинский муниципальный район,Всего по обследуемым видам экономической деятельности,2022,32357.6
22656000,Нижегородская область,Шарангский муниципальный район,Всего по обследуемым видам экономической деятельности,2022,33236.3
22657000,Нижегородская область,Шатковский муниципальный район,Всего по обследуемым видам экономической деятельности,2022,34961.0
22701000,Нижегородская область,Город Нижний Новгород,Всего по обследуемым видам экономической деятельности,2022,65446.0
22701000,Нижегородская область,Город Нижний Новгород,Всего по обследуемым видам экономической деятельности,2023,76098.7
22701000,Нижегородская область,Город Нижний Новгород,Всего по обследуемым видам экономической деятельности,2024,91812.7
22703000,Нижегородская область,Город Арзамас,Всего по обследуемым видам экономической деятельности,2022,47037.3
22703000,Нижегородская область,Город Арзамас,Всего по обследуемым видам экономической деятельности,2023,57160.2
22703000,Нижегородская область,Город Арзамас,Всего по обследуемым видам экономической деятельности,2024,69530.0
22704000,Нижегородская область,ЗАТО город Саров,Всего по обследуемым видам экономической деятельности,2022,51488.2
22704000,Нижегородская область,ЗАТО город Саров,Всего по обследуемым видам экономической деятельности,2023,58162.8
22712000,Нижегородская область,Город Бор,Всего по обследуемым видам экономической деятельности,2022,47999.9
22712000,Нижегородская область,Город Бор,Всего по обследуемым видам экономической деятельности,2023,56674.9
22712000,Нижегородская область,Город Бор,Всего по обследуемым видам экономической деятельности,2024,70599.6
22715000,Нижегородская область,Город Выкса,Всего по обследуемым видам экономической деятельности,2022,61591.4
22715000,Нижегородская область,Город Выкса,Всего по обследуемым видам экономической деятельности,2023,74002.4
22715000,Нижегородская область,Город Выкса,Всего по обследуемым видам экономической деятельности,2024,91080.7
22719000,Нижегородская область,Воротынский,Всего по обследуемым видам экономической деятельности,2022,39151.6
22719000,Нижегородская область,Воротынский,Всего по обследуемым видам экономической деятельности,2023,44702.0
22719000,Нижегородская область,Воротынский,Всего по обследуемым видам экономической деятельности,2024,52483.8
22721000,Нижегородская область,Город Дзержинск,Всего по обследуемым видам экономической деятельности,2022,52072.3
22721000,Нижегородская область,Город Дзержинск,Всего по обследуемым видам экономической деятельности,2023,63929.8
22721000,Нижегородская область,Город Дзержинск,Всего по обследуемым видам экономической деятельности,2024,81689.3
22727000,Нижегородская область,Город Кулебаки,Всего по обследуемым видам экономической деятельности,2022,44485.4
22727000,Нижегородская область,Город Кулебаки,Всего по обследуемым видам экономической деятельности,2023,56417.2
22727000,Нижегородская область,Город Кулебаки,Всего по обследуемым видам экономической деятельности,2024,69693.7
22730000,Нижегородская область,Навашинский,Всего по обследуемым видам экономической деятельности,2022,48871.0
22730000,Нижегородская область,Навашинский,Всего по обследуемым видам экономической деятельности,2023,54256.6
22730000,Нижегородская область,Навашинский,Всего по обследуемым видам экономической деятельности,2024,63569.1
22734000,Нижегородская область,Город Первомайск,Всего по обследуемым видам экономической деятельности,2022,36831.7
22734000,Нижегородская область,Город Первомайск,Всего по обследуемым видам экономической деятельности,2023,50009.9
22734000,Нижегородская область,Город Первомайск,Всего по обследуемым видам экономической деятельности,2024,63925.0
22737000,Нижегородская область,Семеновский,Всего по обследуемым видам экономической деятельности,2022,36307.9
22737000,Нижегородская область,Семеновский,Всего по обследуемым видам экономической деятельности,2023,41859.8
22737000,Нижегородская область,Семеновский,Всего по обследуемым видам экономической деятельности,2024,52030.2
22739000,Нижегородская область,Перевозский,Всего по обследуемым видам экономической деятельности,2022,37779.7
22739000,Нижегородская область,Перевозский,Всего по обследуемым видам экономической деятельности,2023,43381.5
22739000,Нижегородская область,Перевозский,Всего по обследуемым видам экономической деятельности,2024,51293.7
22749000,Нижегородская область,Сокольский,Всего по обследуемым видам экономической деятельности,2022,40374.6
22749000,Нижегородская область,Сокольский,Всего по обследуемым видам экономической деятельности,2023,47651.7
22749000,Нижегородская область,Сокольский,Всего по обследуемым видам экономической деятельности,2024,55072.0
22755000,Нижегородская область,Город Чкаловск,Всего по обследуемым видам экономической деятельности,2022,36547.2
22755000,Нижегородская область,Город Чкаловск,Всего по обследуемым видам экономической деятельности,2023,43342.9
22755000,Нижегородская область,Город Чкаловск,Всего по обследуемым видам экономической деятельности,2024,51333.1
22758000,Нижегородская область,Город Шахунья,Всего по обследуемым видам экономической деятельности,2022,37133.0
22758000,Нижегородская область,Город Шахунья,Всего по обследуемым видам экономической деятельности,2023,42310.1
22758000,Нижегородская область,Город Шахунья,Всего по обследуемым видам экономической деятельности,2024,50743.1
24601000,Ивановская область,Вичугский муниципальный район,Всего по обследуемым видам экономической деятельности,2022,26789.9
24601000,Ивановская область,Вичугский муниципальный район,Всего по обследуемым видам экономической деятельности,2023,31533.5
24601000,Ивановская область,Вичугский муниципальный район,Всего по обследуемым видам экономической деятельности,2024,39526.4
24602000,Ивановская область,Верхнеландеховский муниципальный район,Всего по обследуемым видам экономической деятельности,2022,28792.2
24602000,Ивановская область,Верхнеландеховский муниципальный район,Всего по обследуемым видам экономической деятельности,2023,32342.1
24602000,Ивановская область,Верхнеландеховский муниципальный район,Всего по обследуемым видам экономической деятельности,2024,37983.1
24603000,Ивановская область,Гаврилово-Посадский муниципальный район,Всего по обследуемым видам экономической деятельности,2022,34664.8
24603000,Ивановская область,Гаврилово-Посадский муниципальный район,Всего по обследуемым видам экономической деятельности,2023,39552.9
24603000,Ивановская область,Гаврилово-Посадский муниципальный район,Всего по обследуемым видам экономической деятельности,2024,47938.5
24605000,Ивановская область,Заволжский муниципальный район,Всего по обследуемым видам экономической деятельности,2022,30723.7
24605000,Ивановская область,Заволжский муниципальный район,Всего по обследуемым видам экономической деятельности,2023,34564.8
24605000,Ивановская область,Заволжский муниципальный район,Всего по обследуемым видам экономической деятельности,2024,41322.1
24607000,Ивановская область,Ивановский муниципальный район,Всего по обследуемым видам экономической деятельности,2022,47485.2
24607000,Ивановская область,Ивановский муниципальный район,Всего по обследуемым видам экономической деятельности,2023,52033.2
24607000,Ивановская область,Ивановский муниципальный район,Всего по обследуемым видам экономической деятельности,2024,62846.8
24609000,Ивановская область,Ильинский муниципальный район,Всего по обследуемым видам экономической деятельности,2022,30206.2
24609000,Ивановская область,Ильинский муниципальный район,Всего по обследуемым видам экономической деятельности,2023,35612.4
24609000,Ивановская область,Ильинский муниципальный район,Всего по обследуемым видам экономической деятельности,2024,42474.4
24611000,Ивановская область,Кинешемский муниципальный район,Всего по обследуемым видам экономической деятельности,2022,33674.5
24611000,Ивановская область,Кинешемский муниципальный район,Всего по обследуемым видам экономической деятельности,2023,39095.1
24611000,Ивановская область,Кинешемский муниципальный район,Всего по обследуемым видам экономической деятельности,2024,43331.1
24613000,Ивановская область,Комсомольский муниципальный район,Всего по обследуемым видам экономической деятельности,2022,40823.5
24613000,Ивановская область,Комсомольский муниципальный район,Всего по обследуемым видам экономической деятельности,2023,46664.6
24613000,Ивановская область,Комсомольский муниципальный район,Всего по обследуемым видам экономической деятельности,2024,55184.8
24614000,Ивановская область,Лежневский муниципальный район,Всего по обследуемым видам экономической деятельности,2022,34607.1
24614000,Ивановская область,Лежневский муниципальный район,Всего по обследуемым видам экономической деятельности,2023,47128.0
24614000,Ивановская область,Лежневский муниципальный район,Всего по обследуемым видам экономической деятельности,2024,58888.5
24615000,Ивановская область,Лухский муниципальный район,Всего по обследуемым видам экономической деятельности,2022,31225.6
24615000,Ивановская область,Лухский муниципальный район,Всего по обследуемым видам экономической деятельности,2023,35729.8
24615000,Ивановская область,Лухский муниципальный район,Всего по обследуемым видам экономической деятельности,2024,40833.5
24617000,Ивановская область,Палехский муниципальный район,Всего по обследуемым видам экономической деятельности,2022,33210.6
24617000,Ивановская область,Палехский муниципальный район,Всего по обследуемым видам экономической деятельности,2023,38909.2
24617000,Ивановская область,Палехский муниципальный район,Всего по обследуемым видам экономической деятельности,2024,48758.0
24619000,Ивановская область,Пестяковский муниципальный район,Всего по обследуемым видам экономической деятельности,2022,32711.9
24619000,Ивановская область,Пестяковский муниципальный район,Всего по обследуемым видам экономической деятельности,2023,36857.2
24619000,Ивановская область,Пестяковский муниципальный район,Всего по обследуемым видам экономической деятельности,2024,42939.3
24620000,Ивановская область,Приволжский муниципальный район,Всего по обследуемым видам экономической деятельности,2022,36946.3
24620000,Ивановская область,Приволжский муниципальный район,Всего по обследуемым видам экономической деятельности,2023,42798.7
24620000,Ивановская область,Приволжский муниципальный район,Всего по обследуемым видам экономической деятельности,2024,49070.0
24621000,Ивановская область,Пучежский муниципальный район,Всего по обследуемым видам экономической деятельности,2022,31146.5
24621000,Ивановская область,Пучежский муниципальный район,Всего по обследуемым видам экономической деятельности,2023,35715.8
24621000,Ивановская область,Пучежский муниципальный район,Всего по обследуемым видам экономической деятельности,2024,42853.9
24623000,Ивановская область,Родниковский муниципальный район,Всего по обследуемым видам экономической деятельности,2022,30802.7
24623000,Ивановская область,Родниковский муниципальный район,Всего по обследуемым видам экономической деятельности,2023,35720.7
24623000,Ивановская область,Родниковский муниципальный район,Всего по обследуемым видам экономической деятельности,2024,44956.0
24625000,Ивановская область,Савинский муниципальный район,Всего по обследуемым видам экономической деятельности,2022,33408.0
24625000,Ивановская область,Савинский муниципальный район,Всего по обследуемым видам экономической деятельности,2023,38868.1
24625000,Ивановская область,Савинский муниципальный район,Всего по обследуемым видам экономической деятельности,2024,44763.1
24629000,Ивановская область,Тейковский муниципальный район,Всего по обследуемым видам экономической деятельности,2022,30598.4
24629000,Ивановская область,Тейковский муниципальный район,Всего по обследуемым видам экономической деятельности,2023,34608.6
24629000,Ивановская область,Тейковский муниципальный район,Всего по обследуемым видам экономической деятельности,2024,41697.3
24631000,Ивановская область,Фурмановский муниципальный район,Всего по обследуемым видам экономической деятельности,2022,37982.3
24631000,Ивановская область,Фурмановский муниципальный район,Всего по обследуемым видам экономической деятельности,2023,44632.0
24631000,Ивановская область,Фурмановский муниципальный район,Всего по обследуемым видам экономической деятельности,2024,55508.6
24633000,Ивановская область,Шуйский муниципальный район,Всего по обследуемым видам экономической деятельности,2022,29428.7
24633000,Ивановская область,Шуйский муниципальный район,Всего по обследуемым видам экономической деятельности,2023,34512.1
24633000,Ивановская область,Шуйский муниципальный район,Всего по обследуемым видам экономической деятельности,2024,42714.8
24635000,Ивановская область,Южский муниципальный район,Всего по обследуемым видам экономической деятельности,2022,35956.3
24635000,Ивановская область,Южский муниципальный район,Всего по обследуемым видам экономической деятельности,2023,39999.7
24635000,Ивановская область,Южский муниципальный район,Всего по обследуемым видам экономической деятельности,2024,46097.5
24637000,Ивановская область,Юрьевецкий муниципальный район,Всего по обследуемым видам экономической деятельности,2022,35181.1
24637000,Ивановская область,Юрьевецкий муниципальный район,Всего по обследуемым видам экономической деятельности,2023,35415.9
24637000,Ивановская область,Юрьевецкий муниципальный район,Всего по обследуемым видам экономической деятельности,2024,39515.0
24701000,Ивановская область,Иваново,Всего по обследуемым видам экономической деятельности,2022,44912.7
24701000,Ивановская область,Иваново,Всего по обследуемым видам экономической деятельности,2023,51303.2
24701000,Ивановская область,Иваново,Всего по обследуемым видам экономической деятельности,2024,60499.5
24703000,Ивановская область,Вичуга,Всего по обследуемым видам экономической деятельности,2022,27993.7
24703000,Ивановская область,Вичуга,Всего по обследуемым видам экономической деятельности,2023,32515.6
24703000,Ивановская область,Вичуга,Всего по обследуемым видам экономической деятельности,2024,38989.2
24705000,Ивановская область,Кинешма,Всего по обследуемым видам экономической деятельности,2022,32726.7
24705000,Ивановская область,Кинешма,Всего по обследуемым видам экономической деятельности,2023,38188.8
24705000,Ивановская область,Кинешма,Всего по обследуемым видам экономической деятельности,2024,45411.7
24706000,Ивановская область,Кохма,Всего по обследуемым видам экономической деятельности,2022,34284.7
24706000,Ивановская область,Кохма,Всего по обследуемым видам экономической деятельности,2023,40774.4
24706000,Ивановская область,Кохма,Всего по обследуемым видам экономической деятельности,2024,48308.4
24707000,Ивановская область,Тейково,Всего по обследуемым видам экономической деятельности,2022,33884.9
24707000,Ивановская область,Тейково,Всего по обследуемым видам экономической деятельности,2023,37174.5
24707000,Ивановская область,Тейково,Всего по обследуемым видам экономической деятельности,2024,43157.2
24711000,Ивановская область,Шуя,Всего по обследуемым видам экономической деятельности,2022,37473.5
24711000,Ивановская область,Шуя,Всего по обследуемым видам экономической деятельности,2023,44356.1
24711000,Ивановская область,Шуя,Всего по обследуемым видам экономической деятельности,2024,53084.6
25601000,Иркутская область,Балаганский муниципальный район,Всего по обследуемым видам экономической деятельности,2022,49172.7
25601000,Иркутская область,Балаганский муниципальный район,Всего по обследуемым видам экономической деятельности,2023,56063.5
25601000,Иркутская область,Балаганский муниципальный район,Всего по обследуемым видам экономической деятельности,2024,62240.4
25602000,Иркутская область,Бодайбинский муниципальный район,Всего по обследуемым видам экономической деятельности,2022,115228.8
25602000,Иркутская область,Бодайбинский муниципальный район,Всего по обследуемым видам экономической деятельности,2023,129480.4
25602000,Иркутская область,Бодайбинский муниципальный район,Всего по обследуемым видам экономической деятельности,2024,167671.4
25604000,Иркутская область,Братский муниципальный район,Всего по обследуемым видам экономической деятельности,2022,68768.4
25604000,Иркутская область,Братский муниципальный район,Всего по обследуемым видам экономической деятельности,2023,76529.5
25604000,Иркутская область,Братский муниципальный район,Всего по обследуемым видам экономической деятельности,2024,87830.9
25605000,Иркутская область,Аларский муниципальный район,Всего по обследуемым видам экономической деятельности,2022,45929.3
25605000,Иркутская область,Аларский муниципальный район,Всего по обследуемым видам экономической деятельности,2023,53784.8
25605000,Иркутская область,Аларский муниципальный район,Всего по обследуемым видам экономической деятельности,2024,61995.6
25606000,Иркутская область,Жигаловский муниципальный район,Всего по обследуемым видам экономической деятельности,2022,105260.3
25606000,Иркутская область,Жигаловский муниципальный район,Всего по обследуемым видам экономической деятельности,2023,118757.1
25606000,Иркутская область,Жигаловский муниципальный район,Всего по обследуемым видам экономической деятельности,2024,126671.1
25607000,Иркутская область,Баяндаевский муниципальный район,Всего по обследуемым видам экономической деятельности,2022,47345.0
25607000,Иркутская область,Баяндаевский муниципальный район,Всего по обследуемым видам экономической деятельности,2023,54876.0
25607000,Иркутская область,Баяндаевский муниципальный район,Всего по обследуемым видам экономической деятельности,2024,63986.9
25608000,Иркутская область,Заларинский муниципальный район,Всего по обследуемым видам экономической деятельности,2022,48446.9
25608000,Иркутская область,Заларинский муниципальный район,Всего по обследуемым видам экономической деятельности,2023,56023.3
25608000,Иркутская область,Заларинский муниципальный район,Всего по обследуемым видам экономической деятельности,2024,63924.6
25609000,Иркутская область,Боханский муниципальный район,Всего по обследуемым видам экономической деятельности,2022,44398.5
25609000,Иркутская область,Боханский муниципальный район,Всего по обследуемым видам экономической деятельности,2023,51166.3
25609000,Иркутская область,Боханский муниципальный район,Всего по обследуемым видам экономической деятельности,2024,60665.0
25610000,Иркутская область,Зиминский муниципальный район,Всего по обследуемым видам экономической деятельности,2022,44329.0
25610000,Иркутская область,Зиминский муниципальный район,Всего по обследуемым видам экономической деятельности,2023,53170.0
25610000,Иркутская область,Зиминский муниципальный район,Всего по обследуемым видам экономической деятельности,2024,61874.5
25612000,Иркутская область,Иркутский муниципальный район,Всего по обследуемым видам экономической деятельности,2022,48512.5
25612000,Иркутская область,Иркутский муниципальный район,Всего по обследуемым видам экономической деятельности,2023,55622.4
25612000,Иркутская область,Иркутский муниципальный район,Всего по обследуемым видам экономической деятельности,2024,65699.5
25614000,Иркутская область,Казачинско-Ленский муниципальный район,Всего по обследуемым видам экономической деятельности,2022,95648.4
25614000,Иркутская область,Казачинско-Ленский муниципальный район,Всего по обследуемым видам экономической деятельности,2023,100721.9
25614000,Иркутская область,Казачинско-Ленский муниципальный район,Всего по обследуемым видам экономической деятельности,2024,121226.2
25616000,Иркутская область,Катангский муниципальный район,Всего по обследуемым видам экономической деятельности,2022,112656.4
25616000,Иркутская область,Катангский муниципальный район,Всего по обследуемым видам экономической деятельности,2023,127045.0
25616000,Иркутская область,Катангский муниципальный район,Всего по обследуемым видам экономической деятельности,2024,153356.8
25618000,Иркутская область,Качугский муниципальный район,Всего по обследуемым видам экономической деятельности,2022,47040.0
25618000,Иркутская область,Качугский муниципальный район,Всего по обследуемым видам экономической деятельности,2023,55390.7
25618000,Иркутская область,Качугский муниципальный район,Всего по обследуемым видам экономической деятельности,2024,62604.1
25620000,Иркутская область,Киренский муниципальный район,Всего по обследуемым видам экономической деятельности,2022,87087.9
25620000,Иркутская область,Киренский муниципальный район,Всего по обследуемым видам экономической деятельности,2023,97991.1
25620000,Иркутская область,Киренский муниципальный район,Всего по обследуемым видам экономической деятельности,2024,117123.7
25622000,Иркутская область,Куйтунский муниципальный район,Всего по обследуемым видам экономической деятельности,2022,46024.2
25622000,Иркутская область,Куйтунский муниципальный район,Всего по обследуемым видам экономической деятельности,2023,53008.6
25622000,Иркутская область,Куйтунский муниципальный район,Всего по обследуемым видам экономической деятельности,2024,60342.8
25624000,Иркутская область,Мамско-Чуйский муниципальный район,Всего по обследуемым видам экономической деятельности,2022,73825.7
25624000,Иркутская область,Мамско-Чуйский муниципальный район,Всего по обследуемым видам экономической деятельности,2023,84569.8
25624000,Иркутская область,Мамско-Чуйский муниципальный район,Всего по обследуемым видам экономической деятельности,2024,95371.6
25626000,Иркутская область,Нижнеилимский муниципальный район,Всего по обследуемым видам экономической деятельности,2022,73429.4
25626000,Иркутская область,Нижнеилимский муниципальный район,Всего по обследуемым видам экономической деятельности,2023,80748.3
25626000,Иркутская область,Нижнеилимский муниципальный район,Всего по обследуемым видам экономической деятельности,2024,92977.7
25628000,Иркутская область,Нижнеудинский муниципальный район,Всего по обследуемым видам экономической деятельности,2022,55872.5
25628000,Иркутская область,Нижнеудинский муниципальный район,Всего по обследуемым видам экономической деятельности,2023,63481.5
25628000,Иркутская область,Нижнеудинский муниципальный район,Всего по обследуемым видам экономической деятельности,2024,73923.1
25629000,Иркутская область,Нукутский муниципальный район,Всего по обследуемым видам экономической деятельности,2022,47868.8
25629000,Иркутская область,Нукутский муниципальный район,Всего по обследуемым видам экономической деятельности,2023,54393.7
25629000,Иркутская область,Нукутский муниципальный район,Всего по обследуемым видам экономической деятельности,2024,62010.3
25630000,Иркутская область,Ольхонский муниципальный район,Всего по обследуемым видам экономической деятельности,2022,46736.4
25630000,Иркутская область,Ольхонский муниципальный район,Всего по обследуемым видам экономической деятельности,2023,54476.2
25630000,Иркутская область,Ольхонский муниципальный район,Всего по обследуемым видам экономической деятельности,2024,61544.3
25631000,Иркутская область,Осинский муниципальный район,Всего по обследуемым видам экономической деятельности,2022,45749.3
25631000,Иркутская область,Осинский муниципальный район,Всего по обследуемым видам экономической деятельности,2023,53612.8
25631000,Иркутская область,Осинский муниципальный район,Всего по обследуемым видам экономической деятельности,2024,61815.9
25634000,Иркутская область,Слюдянский муниципальный район,Всего по обследуемым видам экономической деятельности,2022,55255.2
25634000,Иркутская область,Слюдянский муниципальный район,Всего по обследуемым видам экономической деятельности,2023,63667.4
25634000,Иркутская область,Слюдянский муниципальный район,Всего по обследуемым видам экономической деятельности,2024,74683.2
25636000,Иркутская область,Тайшетский муниципальный район,Всего по обследуемым видам экономической деятельности,2022,63939.3
25636000,Иркутская область,Тайшетский муниципальный район,Всего по обследуемым видам экономической деятельности,2023,73323.6
25636000,Иркутская область,Тайшетский муниципальный район,Всего по обследуемым видам экономической деятельности,2024,86393.9
25638000,Иркутская область,Тулунский муниципальный район,Всего по обследуемым видам экономической деятельности,2022,57367.1
25638000,Иркутская область,Тулунский муниципальный район,Всего по обследуемым видам экономической деятельности,2023,64309.3
25638000,Иркутская область,Тулунский муниципальный район,Всего по обследуемым видам экономической деятельности,2024,74267.1
25640000,Иркутская область,Усольский муниципальный район,Всего по обследуемым видам экономической деятельности,2022,60454.5
25640000,Иркутская область,Усольский муниципальный район,Всего по обследуемым видам экономической деятельности,2023,65974.5
25640000,Иркутская область,Усольский муниципальный район,Всего по обследуемым видам экономической деятельности,2024,83332.4
25642000,Иркутская область,Усть-Илимский муниципальный район,Всего по обследуемым видам экономической деятельности,2022,91704.2
25642000,Иркутская область,Усть-Илимский муниципальный район,Всего по обследуемым видам экономической деятельности,2023,100369.3
25642000,Иркутская область,Усть-Илимский муниципальный район,Всего по обследуемым видам экономической деятельности,2024,112935.1
25644000,Иркутская область,Усть-Кутский муниципальный район,Всего по обследуемым видам экономической деятельности,2022,102401.1
25644000,Иркутская область,Усть-Кутский муниципальный район,Всего по обследуемым видам экономической деятельности,2023,111565.5
25644000,Иркутская область,Усть-Кутский муниципальный район,Всего по обследуемым видам экономической деятельности,2024,134257.8
25646000,Иркутская область,Усть-Удинский муниципальный район,Всего по обследуемым видам экономической деятельности,2022,44881.6
25646000,Иркутская область,Усть-Удинский муниципальный район,Всего по обследуемым видам экономической деятельности,2023,52037.4
25646000,Иркутская область,Усть-Удинский муниципальный район,Всего по обследуемым видам экономической деятельности,2024,58666.6
25648000,Иркутская область,Черемховский муниципальный район,Всего по обследуемым видам экономической деятельности,2022,49080.0
25648000,Иркутская область,Черемховский муниципальный район,Всего по обследуемым видам экономической деятельности,2023,55628.9
25648000,Иркутская область,Черемховский муниципальный район,Всего по обследуемым видам экономической деятельности,2024,63332.0
25650000,Иркутская область,Чунский муниципальный район,Всего по обследуемым видам экономической деятельности,2022,48548.6
25650000,Иркутская область,Чунский муниципальный район,Всего по обследуемым видам экономической деятельности,2023,55782.0
25650000,Иркутская область,Чунский муниципальный район,Всего по обследуемым видам экономической деятельности,2024,63915.8
25655000,Иркутская область,Шелеховский муниципальный район,Всего по обследуемым видам экономической деятельности,2022,68496.7
25655000,Иркутская область,Шелеховский муниципальный район,Всего по обследуемым видам экономической деятельности,2023,74924.9
25655000,Иркутская область,Шелеховский муниципальный район,Всего по обследуемым видам экономической деятельности,2024,88482.8
25657000,Иркутская область,Эхирит-Булагатский муниципальный район,Всего по обследуемым видам экономической деятельности,2022,44572.9
25657000,Иркутская область,Эхирит-Булагатский муниципальный район,Всего по обследуемым видам экономической деятельности,2023,51495.6
25657000,Иркутская область,Эхирит-Булагатский муниципальный район,Всего по обследуемым видам экономической деятельности,2024,59167.2
25701000,Иркутская область,Город Иркутск,Всего по обследуемым видам экономической деятельности,2022,75195.7
25701000,Иркутская область,Город Иркутск,Всего по обследуемым видам экономической деятельности,2023,86085.3
25701000,Иркутская область,Город Иркутск,Всего по обследуемым видам экономической деятельности,2024,100088.5
25703000,Иркутская область,Ангарский,Всего по обследуемым видам экономической деятельности,2022,60850.0
25703000,Иркутская область,Ангарский,Всего по обследуемым видам экономической деятельности,2023,68084.9
25703000,Иркутская область,Ангарский,Всего по обследуемым видам экономической деятельности,2024,81000.1
25714000,Иркутская область,Город Братск,Всего по обследуемым видам экономической деятельности,2022,71492.9
25714000,Иркутская область,Город Братск,Всего по обследуемым видам экономической деятельности,2023,80434.6
25714000,Иркутская область,Город Братск,Всего по обследуемым видам экономической деятельности,2024,92229.0
25720000,Иркутская область,Зиминское,Всего по обследуемым видам экономической деятельности,2022,57914.8
25720000,Иркутская область,Зиминское,Всего по обследуемым видам экономической деятельности,2023,67145.3
25720000,Иркутская область,Зиминское,Всего по обследуемым видам экономической деятельности,2024,78591.9
25726000,Иркутская область,Город Саянск,Всего по обследуемым видам экономической деятельности,2022,51845.5
25726000,Иркутская область,Город Саянск,Всего по обследуемым видам экономической деятельности,2023,57879.7
25726000,Иркутская область,Город Саянск,Всего по обследуемым видам экономической деятельности,2024,68906.5
25732000,Иркутская область,Город Тулун,Всего по обследуемым видам экономической деятельности,2022,52785.4
25732000,Иркутская область,Город Тулун,Всего по обследуемым видам экономической деятельности,2023,60440.7
25732000,Иркутская область,Город Тулун,Всего по обследуемым видам экономической деятельности,2024,66572.9
25736000,Иркутская область,Город Усолье-Сибирское,Всего по обследуемым видам экономической деятельности,2022,50195.5
25736000,Иркутская область,Город Усолье-Сибирское,Всего по обследуемым видам экономической деятельности,2023,56915.3
25736000,Иркутская область,Город Усолье-Сибирское,Всего по обследуемым видам экономической деятельности,2024,65751.7
25738000,Иркутская область,Город Усть-Илимск,Всего по обследуемым видам экономической деятельности,2022,69995.5
25738000,Иркутская область,Город Усть-Илимск,Всего по обследуемым видам экономической деятельности,2023,78234.3
25738000,Иркутская область,Город Усть-Илимск,Всего по обследуемым видам экономической деятельности,2024,87337.6
25745000,Иркутская область,Город Черемхово,Всего по обследуемым видам экономической деятельности,2022,53476.9
25745000,Иркутская область,Город Черемхово,Всего по обследуемым видам экономической деятельности,2023,60060.8
25745000,Иркутская область,Город Черемхово,Всего по обследуемым видам экономической деятельности,2024,69323.6
25746000,Иркутская область,Город Свирск,Всего по обследуемым видам экономической деятельности,2022,43692.3
25746000,Иркутская область,Город Свирск,Всего по обследуемым видам экономической деятельности,2023,50303.5
25746000,Иркутская область,Город Свирск,Всего по обследуемым видам экономической деятельности,2024,62609.4
26605000,Республика Ингушетия,Назрановский муниципальный район,Всего по обследуемым видам экономической деятельности,2022,25827.7
26605000,Республика Ингушетия,Назрановский муниципальный район,Всего по обследуемым видам экономической деятельности,2023,27802.2
26605000,Республика Ингушетия,Назрановский муниципальный район,Всего по обследуемым видам экономической деятельности,2024,31965.3
26610000,Республика Ингушетия,Сунженский муниципальный район,Всего по обследуемым видам экономической деятельности,2022,28880.2
26610000,Республика Ингушетия,Сунженский муниципальный район,Всего по обследуемым видам экономической деятельности,2023,31408.0
26610000,Республика Ингушетия,Сунженский муниципальный район,Всего по обследуемым видам экономической деятельности,2024,37825.9
26615000,Республика Ингушетия,Малгобекский муниципальный район,Всего по обследуемым видам экономической деятельности,2022,24572.4
26615000,Республика Ингушетия,Малгобекский муниципальный район,Всего по обследуемым видам экономической деятельности,2023,26466.1
26615000,Республика Ингушетия,Малгобекский муниципальный район,Всего по обследуемым видам экономической деятельности,2024,30082.6
26620000,Республика Ингушетия,Джейрахский муниципальный район,Всего по обследуемым видам экономической деятельности,2022,29485.0
26620000,Республика Ингушетия,Джейрахский муниципальный район,Всего по обследуемым видам экономической деятельности,2023,31784.3
26620000,Республика Ингушетия,Джейрахский муниципальный район,Всего по обследуемым видам экономической деятельности,2024,35236.5
26700000,Республика Ингушетия,Городские округа Республики Ингушетии,Всего по обследуемым видам экономической деятельности,2022,35966.6
26700000,Республика Ингушетия,Городские округа Республики Ингушетии,Всего по обследуемым видам экономической деятельности,2023,40129.7
26700000,Республика Ингушетия,Городские округа Республики Ингушетии,Всего по обследуемым видам экономической деятельности,2024,44430.9
26701000,Республика Ингушетия,Город Магас,Всего по обследуемым видам экономической деятельности,2022,48661.6
26701000,Республика Ингушетия,Город Магас,Всего по обследуемым видам экономической деятельности,2023,55062.9
26701000,Республика Ингушетия,Город Магас,Всего по обследуемым видам экономической деятельности,2024,59873.5
26706000,Республика Ингушетия,Город Назрань,Всего по обследуемым видам экономической деятельности,2022,32853.4
26706000,Республика Ингушетия,Город Назрань,Всего по обследуемым видам экономической деятельности,2023,36347.7
26706000,Республика Ингушетия,Город Назрань,Всего по обследуемым видам экономической деятельности,2024,40954.3
26710000,Республика Ингушетия,Город Карабулак,Всего по обследуемым видам экономической деятельности,2022,31895.9
26710000,Республика Ингушетия,Город Карабулак,Всего по обследуемым видам экономической деятельности,2023,34037.1
26710000,Республика Ингушетия,Город Карабулак,Всего по обследуемым видам экономической деятельности,2024,37748.4
26715000,Республика Ингушетия,Город Малгобек,Всего по обследуемым видам экономической деятельности,2022,28931.1
26715000,Республика Ингушетия,Город Малгобек,Всего по обследуемым видам экономической деятельности,2023,30262.4
26715000,Республика Ингушетия,Город Малгобек,Всего по обследуемым видам экономической деятельности,2024,33840.8
26720000,Республика Ингушетия,Город Сунжа,Всего по обследуемым видам экономической деятельности,2022,29550.8
26720000,Республика Ингушетия,Город Сунжа,Всего по обследуемым видам экономической деятельности,2023,34491.5
26720000,Республика Ингушетия,Город Сунжа,Всего по обследуемым видам экономической деятельности,2024,38542.3
27503000,Калининградская область,Багратионовский,Всего по обследуемым видам экономической деятельности,2022,48189.0
27503000,Калининградская область,Багратионовский,Всего по обследуемым видам экономической деятельности,2023,53507.1
27503000,Калининградская область,Багратионовский,Всего по обследуемым видам экономической деятельности,2024,63552.9
27506000,Калининградская область,Гвардейский,Всего по обследуемым видам экономической деятельности,2022,41958.0
27506000,Калининградская область,Гвардейский,Всего по обследуемым видам экономической деятельности,2023,49752.6
27506000,Калининградская область,Гвардейский,Всего по обследуемым видам экономической деятельности,2024,56213.3
27507000,Калининградская область,Гурьевский,Всего по обследуемым видам экономической деятельности,2022,55050.5
27507000,Калининградская область,Гурьевский,Всего по обследуемым видам экономической деятельности,2023,64567.3
27507000,Калининградская область,Гурьевский,Всего по обследуемым видам экономической деятельности,2024,77261.7
27510000,Калининградская область,Зеленоградский,Всего по обследуемым видам экономической деятельности,2022,56015.7
27510000,Калининградская область,Зеленоградский,Всего по обследуемым видам экономической деятельности,2023,66213.2
27510000,Калининградская область,Зеленоградский,Всего по обследуемым видам экономической деятельности,2024,74304.6
27513000,Калининградская область,Краснознаменский,Всего по обследуемым видам экономической деятельности,2022,50264.7
27513000,Калининградская область,Краснознаменский,Всего по обследуемым видам экономической деятельности,2023,55755.8
27513000,Калининградская область,Краснознаменский,Всего по обследуемым видам экономической деятельности,2024,62379.2
27514000,Калининградская область,Неманский,Всего по обследуемым видам экономической деятельности,2022,46016.8
27514000,Калининградская область,Неманский,Всего по обследуемым видам экономической деятельности,2023,51568.9
27514000,Калининградская область,Неманский,Всего по обследуемым видам экономической деятельности,2024,60846.2
27515000,Калининградская область,Нестеровский,Всего по обследуемым видам экономической деятельности,2022,41903.1
27515000,Калининградская область,Нестеровский,Всего по обследуемым видам экономической деятельности,2023,50979.2
27515000,Калининградская область,Нестеровский,Всего по обследуемым видам экономической деятельности,2024,61643.1
27516000,Калининградская область,Озерский,Всего по обследуемым видам экономической деятельности,2022,41453.3
27516000,Калининградская область,Озерский,Всего по обследуемым видам экономической деятельности,2023,49945.8
27516000,Калининградская область,Озерский,Всего по обследуемым видам экономической деятельности,2024,56999.8
27518000,Калининградская область,Полесский,Всего по обследуемым видам экономической деятельности,2022,41466.7
27518000,Калининградская область,Полесский,Всего по обследуемым видам экономической деятельности,2023,46332.1
27518000,Калининградская область,Полесский,Всего по обследуемым видам экономической деятельности,2024,60342.0
27519000,Калининградская область,Правдинский,Всего по обследуемым видам экономической деятельности,2022,51477.5
27519000,Калининградская область,Правдинский,Всего по обследуемым видам экономической деятельности,2023,58706.7
27519000,Калининградская область,Правдинский,Всего по обследуемым видам экономической деятельности,2024,72264.6
27527000,Калининградская область,Славский,Всего по обследуемым видам экономической деятельности,2022,38060.3
27527000,Калининградская область,Славский,Всего по обследуемым видам экономической деятельности,2023,42133.6
27527000,Калининградская область,Славский,Всего по обследуемым видам экономической деятельности,2024,46801.7
27539000,Калининградская область,Черняховский,Всего по обследуемым видам экономической деятельности,2022,41909.6
27539000,Калининградская область,Черняховский,Всего по обследуемым видам экономической деятельности,2023,49461.9
27539000,Калининградская область,Черняховский,Всего по обследуемым видам экономической деятельности,2024,62572.9
27701000,Калининградская область,Город Калининград,Всего по обследуемым видам экономической деятельности,2022,59026.1
27701000,Калининградская область,Город Калининград,Всего по обследуемым видам экономической деятельности,2023,67801.2
27701000,Калининградская область,Город Калининград,Всего по обследуемым видам экономической деятельности,2024,80295.6
27705000,Калининградская область,Балтийский,Всего по обследуемым видам экономической деятельности,2022,38346.8
27705000,Калининградская область,Балтийский,Всего по обследуемым видам экономической деятельности,2023,42064.6
27705000,Калининградская область,Балтийский,Всего по обследуемым видам экономической деятельности,2024,49215.8
27709000,Калининградская область,Гусевский,Всего по обследуемым видам экономической деятельности,2022,38418.8
27709000,Калининградская область,Гусевский,Всего по обследуемым видам экономической деятельности,2023,43367.9
27709000,Калининградская область,Гусевский,Всего по обследуемым видам экономической деятельности,2024,53619.0
27711000,Калининградская область,Ладушкинский,Всего по обследуемым видам экономической деятельности,2022,41450.2
27711000,Калининградская область,Ладушкинский,Всего по обследуемым видам экономической деятельности,2023,47373.7
27711000,Калининградская область,Ладушкинский,Всего по обследуемым видам экономической деятельности,2024,55365.7
27712000,Калининградская область,Мамоновский,Всего по обследуемым видам экономической деятельности,2022,38435.4
27712000,Калининградская область,Мамоновский,Всего по обследуемым видам экономической деятельности,2023,46436.2
27712000,Калининградская область,Мамоновский,Всего по обследуемым видам экономической деятельности,2024,56117.9
27717000,Калининградская область,Пионерский,Всего по обследуемым видам экономической деятельности,2022,48030.4
27717000,Калининградская область,Пионерский,Всего по обследуемым видам экономической деятельности,2023,58816.4
27717000,Калининградская область,Пионерский,Всего по обследуемым видам экономической деятельности,2024,71932.3
27725000,Калининградская область,Светловский,Всего по обследуемым видам экономической деятельности,2022,76476.7
27725000,Калининградская область,Светловский,Всего по обследуемым видам экономической деятельности,2023,86483.2
27725000,Калининградская область,Светловский,Всего по обследуемым видам экономической деятельности,2024,105631.8
27730000,Калининградская область,Советский,Всего по обследуемым видам экономической деятельности,2022,41186.2
27730000,Калининградская область,Советский,Всего по обследуемым видам экономической деятельности,2023,47935.7
27730000,Калининградская область,Советский,Всего по обследуемым видам экономической деятельности,2024,61178.7
27734000,Калининградская область,Светлогорский,Всего по обследуемым видам экономической деятельности,2022,47179.4
27734000,Калининградская область,Светлогорский,Всего по обследуемым видам экономической деятельности,2023,54860.1
27734000,Калининградская область,Светлогорский,Всего по обследуемым видам экономической деятельности,2024,66207.1
27740000,Калининградская область,Янтарный,Всего по обследуемым видам экономической деятельности,2022,61157.2
27740000,Калининградская область,Янтарный,Всего по обследуемым видам экономической деятельности,2023,77989.2
27740000,Калининградская область,Янтарный,Всего по обследуемым видам экономической деятельности,2024,89238.9
28502000,Тверская область,Андреапольский,Всего по обследуемым видам экономической деятельности,2022,35238.6
28502000,Тверская область,Андреапольский,Всего по обследуемым видам экономической деятельности,2023,40828.3
28506000,Тверская область,Бельский,Всего по обследуемым видам экономической деятельности,2023,37703.5
28510000,Тверская область,Весьегонский,Всего по обследуемым видам экономической деятельности,2022,33380.8
28510000,Тверская область,Весьегонский,Всего по обследуемым видам экономической деятельности,2023,37967.0
28514000,Тверская область,Жарковский,Всего по обследуемым видам экономической деятельности,2023,34026.2
28516000,Тверская область,Западнодвинский,Всего по обследуемым видам экономической деятельности,2022,33188.1
28516000,Тверская область,Западнодвинский,Всего по обследуемым видам экономической деятельности,2023,38152.2
28518000,Тверская область,Зубцовский,Всего по обследуемым видам экономической деятельности,2023,44647.9
28526000,Тверская область,Кесовогорский,Всего по обследуемым видам экономической деятельности,2023,69657.2
28528000,Тверская область,Кимрский,Всего по обследуемым видам экономической деятельности,2023,48260.2
28532000,Тверская область,Краснохолмский,Всего по обследуемым видам экономической деятельности,2022,33977.8
28532000,Тверская область,Краснохолмский,Всего по обследуемым видам экономической деятельности,2023,38926.4
28536000,Тверская область,Лесной,Всего по обследуемым видам экономической деятельности,2022,31992.7
28536000,Тверская область,Лесной,Всего по обследуемым видам экономической деятельности,2023,36594.0
28538000,Тверская область,Лихославльский,Всего по обследуемым видам экономической деятельности,2022,36069.7
28538000,Тверская область,Лихославльский,Всего по обследуемым видам экономической деятельности,2023,43062.2
28540000,Тверская область,Максатихинский,Всего по обследуемым видам экономической деятельности,2023,37841.2
28542000,Тверская область,Молоковский,Всего по обследуемым видам экономической деятельности,2022,31674.7
28542000,Тверская область,Молоковский,Всего по обследуемым видам экономической деятельности,2023,36728.6
28544000,Тверская область,Оленинский,Всего по обследуемым видам экономической деятельности,2022,27510.8
28544000,Тверская область,Оленинский,Всего по обследуемым видам экономической деятельности,2023,32232.2
28546000,Тверская область,Пеновский,Всего по обследуемым видам экономической деятельности,2022,31129.7
28546000,Тверская область,Пеновский,Всего по обследуемым видам экономической деятельности,2023,35791.8
28547000,Тверская область,Рамешковский,Всего по обследуемым видам экономической деятельности,2022,34564.7
28547000,Тверская область,Рамешковский,Всего по обследуемым видам экономической деятельности,2023,42725.4
28548000,Тверская область,Ржевский,Всего по обследуемым видам экономической деятельности,2023,51322.1
28549000,Тверская область,Сандовский,Всего по обследуемым видам экономической деятельности,2022,32633.6
28549000,Тверская область,Сандовский,Всего по обследуемым видам экономической деятельности,2023,37497.3
28550000,Тверская область,Селижаровский,Всего по обследуемым видам экономической деятельности,2022,34321.9
28550000,Тверская область,Селижаровский,Всего по обследуемым видам экономической деятельности,2023,39613.2
28551000,Тверская область,Сонковский,Всего по обследуемым видам экономической деятельности,2023,36302.4
28552000,Тверская область,Спировский,Всего по обследуемым видам экономической деятельности,2022,30910.1
28552000,Тверская область,Спировский,Всего по обследуемым видам экономической деятельности,2023,35453.5
28553000,Тверская область,Старицкий,Всего по обследуемым видам экономической деятельности,2023,43060.5
28604000,Тверская область,Бежецкий муниципальный район (с 2024 г. преобразован в Бежецкий муниципальный округ),Всего по обследуемым видам экономической деятельности,2022,40473.3
28604000,Тверская область,Бежецкий муниципальный район (с 2024 г. преобразован в Бежецкий муниципальный округ),Всего по обследуемым видам экономической деятельности,2023,46815.9
28606000,Тверская область,Бельский муниципальный район (с 2023 г. преобразован в Бельский муниципальный округ),Всего по обследуемым видам экономической деятельности,2022,32894.1
28608000,Тверская область,Бологовский муниципальный район (с 2024 г. преобразован в Бологовский муниципальный округ),Всего по обследуемым видам экономической деятельности,2022,42028.5
28608000,Тверская область,Бологовский муниципальный район (с 2024 г. преобразован в Бологовский муниципальный округ),Всего по обследуемым видам экономической деятельности,2023,48969.7
28614000,Тверская область,Жарковский муниципальный район (с 2023 г. преобразован в Жарковский муниципальный округ),Всего по обследуемым видам экономической деятельности,2022,29021.6
28618000,Тверская область,Зубцовский муниципальный район (с 2023 г. преобразован в Зубцовский муниципальный округ),Всего по обследуемым видам экономической деятельности,2022,38557.4
28620000,Тверская область,Калининский муниципальный район (с 2024 г. преобразован в Калининский муниципальный округ),Всего по обследуемым видам экономической деятельности,2022,52206.3
28620000,Тверская область,Калининский муниципальный район (с 2024 г. преобразован в Калининский муниципальный округ),Всего по обследуемым видам экономической деятельности,2023,60649.5
28622000,Тверская область,Калязинский муниципальный район (с 2024 г. преобразован в Калязинский муниципальный округ),Всего по обследуемым видам экономической деятельности,2022,36775.0
28622000,Тверская область,Калязинский муниципальный район (с 2024 г. преобразован в Калязинский муниципальный округ),Всего по обследуемым видам экономической деятельности,2023,42802.7
28626000,Тверская область,Кесовогорский муниципальный район (с 2023 г. преобразован в Кесовогорский муниципальный округ),Всего по обследуемым видам экономической деятельности,2022,63389.3
28628000,Тверская область,Кимрский муниципальный район (с 2023 г. объединен с городским округом г. Кимры и преобразован в Кимрский муниципальный округ),Всего по обследуемым видам экономической деятельности,2022,35446.7
28630000,Тверская область,Конаковский муниципальный район (с 2024 г. преобразован в Конаковский муниципальный округ),Всего по обследуемым видам экономической деятельности,2022,51277.1
28630000,Тверская область,Конаковский муниципальный район (с 2024 г. преобразован в Конаковский муниципальный округ),Всего по обследуемым видам экономической деятельности,2023,59351.2
28634000,Тверская область,Кувшиновский муниципальный район (с 2024 г. преобразован в Кувшиновский муниципальный округ),Всего по обследуемым видам экономической деятельности,2022,45667.7
28634000,Тверская область,Кувшиновский муниципальный район (с 2024 г. преобразован в Кувшиновский муниципальный округ),Всего по обследуемым видам экономической деятельности,2023,52338.8
28640000,Тверская область,Максатихинский муниципальный район (с 2023 г. преобразован в Максатихинский муниципальный округ),Всего по обследуемым видам экономической деятельности,2022,32704.7
28648000,Тверская область,Ржевский муниципальный район (с 2023 г. объединен с городским округом г. Ржев и преобразован в Ржевский муниципальный округ),Всего по обследуемым видам экономической деятельности,2022,54440.2
28651000,Тверская область,Сонковский муниципальный район (с 2023 г. преобразован в Сонковский муниципальный округ),Всего по обследуемым видам экономической деятельности,2022,31801.5
28653000,Тверская область,Старицкий муниципальный район (с 2023 г. преобразован в Старицкий муниципальный округ),Всего по обследуемым видам экономической деятельности,2022,36538.7
28654000,Тверская область,Торжокский муниципальный район,Всего по обследуемым видам экономической деятельности,2022,44230.1
28654000,Тверская область,Торжокский муниципальный район,Всего по обследуемым видам экономической деятельности,2023,49758.5
28655000,Тверская область,Торопецкий муниципальный район (с 2024 г. преобразован в Торопецкий муниципальный округ),Всего по обследуемым видам экономической деятельности,2022,35739.0
28655000,Тверская область,Торопецкий муниципальный район (с 2024 г. преобразован в Торопецкий муниципальный округ),Всего по обследуемым видам экономической деятельности,2023,40301.0
28657000,Тверская область,Фировский муниципальный район (с 2024 г. преобразован в Фировский муниципальный округ),Всего по обследуемым видам экономической деятельности,2022,32082.7
28657000,Тверская область,Фировский муниципальный район (с 2024 г. преобразован в Фировский муниципальный округ),Всего по обследуемым видам экономической деятельности,2023,36851.8
28701000,Тверская область,Город Тверь,Всего по обследуемым видам экономической деятельности,2022,55793.8
28701000,Тверская область,Город Тверь,Всего по обследуемым видам экономической деятельности,2023,65117.7
28714000,Тверская область,Вышневолоцкий,Всего по обследуемым видам экономической деятельности,2022,37244.3
28714000,Тверская область,Вышневолоцкий,Всего по обследуемым видам экономической деятельности,2023,42874.9
28726000,Тверская область,Город Кимры (с 2023 г. объединен с Кимрским муниципальным районом и преобразован в Кимрский муниципальный округ),Всего по обследуемым видам экономической деятельности,2022,43324.7
28745000,Тверская область,Город Ржев (с 2023 г. объединен с Ржевским муниципальным районом и преобразован в Ржевский муниципальный округ),Всего по обследуемым видам экономической деятельности,2022,41958.4
28750000,Тверская область,Город Торжок,Всего по обследуемым видам экономической деятельности,2022,45086.1
28750000,Тверская область,Город Торжок,Всего по обследуемым видам экономической деятельности,2023,52482.9
28751000,Тверская область,Удомельский,Всего по обследуемым видам экономической деятельности,2022,67134.4
28751000,Тверская область,Удомельский,Всего по обследуемым видам экономической деятельности,2023,83991.5
28752000,Тверская область,Осташковский,Всего по обследуемым видам экономической деятельности,2022,44154.9
28752000,Тверская область,Осташковский,Всего по обследуемым видам экономической деятельности,2023,52059.9
28758000,Тверская область,Кашинский,Всего по обследуемым видам экономической деятельности,2022,36458.4
28758000,Тверская область,Кашинский,Всего по обследуемым видам экономической деятельности,2023,44298.4
28759000,Тверская область,Нелидовский,Всего по обследуемым видам экономической деятельности,2022,34014.1
28759000,Тверская область,Нелидовский,Всего по обследуемым видам экономической деятельности,2023,38418.2
29602000,Калужская область,Бабынинский муниципальный район,Всего по обследуемым видам экономической деятельности,2022,48834.2
29602000,Калужская область,Бабынинский муниципальный район,Всего по обследуемым видам экономической деятельности,2023,57015.2
29602000,Калужская область,Бабынинский муниципальный район,Всего по обследуемым видам экономической деятельности,2024,68312.5
29604000,Калужская область,Барятинский муниципальный район,Всего по обследуемым видам экономической деятельности,2022,38729.8
29604000,Калужская область,Барятинский муниципальный район,Всего по обследуемым видам экономической деятельности,2023,51689.2
29604000,Калужская область,Барятинский муниципальный район,Всего по обследуемым видам экономической деятельности,2024,59608.3
29606000,Калужская область,Боровский муниципальный район,Всего по обследуемым видам экономической деятельности,2022,72903.7
29606000,Калужская область,Боровский муниципальный район,Всего по обследуемым видам экономической деятельности,2023,81045.5
29606000,Калужская область,Боровский муниципальный район,Всего по обследуемым видам экономической деятельности,2024,98046.0
29608000,Калужская область,Дзержинский муниципальный район,Всего по обследуемым видам экономической деятельности,2022,49152.3
29608000,Калужская область,Дзержинский муниципальный район,Всего по обследуемым видам экономической деятельности,2023,56799.9
29608000,Калужская область,Дзержинский муниципальный район,Всего по обследуемым видам экономической деятельности,2024,68888.7
29610000,Калужская область,Думиничский муниципальный район,Всего по обследуемым видам экономической деятельности,2022,32663.9
29610000,Калужская область,Думиничский муниципальный район,Всего по обследуемым видам экономической деятельности,2023,36368.2
29610000,Калужская область,Думиничский муниципальный район,Всего по обследуемым видам экономической деятельности,2024,42288.3
29612000,Калужская область,Жиздринский муниципальный район,Всего по обследуемым видам экономической деятельности,2022,33573.3
29612000,Калужская область,Жиздринский муниципальный район,Всего по обследуемым видам экономической деятельности,2023,37786.9
29612000,Калужская область,Жиздринский муниципальный район,Всего по обследуемым видам экономической деятельности,2024,44104.3
29613000,Калужская область,Жуковский муниципальный район,Всего по обследуемым видам экономической деятельности,2022,56029.5
29613000,Калужская область,Жуковский муниципальный район,Всего по обследуемым видам экономической деятельности,2023,67526.2
29613000,Калужская область,Жуковский муниципальный район,Всего по обследуемым видам экономической деятельности,2024,83534.0
29614000,Калужская область,Кировский муниципальный район,Всего по обследуемым видам экономической деятельности,2022,41872.7
29614000,Калужская область,Кировский муниципальный район,Всего по обследуемым видам экономической деятельности,2023,47223.2
29614000,Калужская область,Кировский муниципальный район,Всего по обследуемым видам экономической деятельности,2024,56599.0
29615000,Калужская область,Износковский муниципальный район,Всего по обследуемым видам экономической деятельности,2022,42183.7
29615000,Калужская область,Износковский муниципальный район,Всего по обследуемым видам экономической деятельности,2023,42898.1
29615000,Калужская область,Износковский муниципальный район,Всего по обследуемым видам экономической деятельности,2024,68389.6
29616000,Калужская область,Козельский муниципальный район,Всего по обследуемым видам экономической деятельности,2022,41423.3
29616000,Калужская область,Козельский муниципальный район,Всего по обследуемым видам экономической деятельности,2023,47241.9
29616000,Калужская область,Козельский муниципальный район,Всего по обследуемым видам экономической деятельности,2024,56722.2
29618000,Калужская область,Куйбышевский муниципальный район,Всего по обследуемым видам экономической деятельности,2022,34112.2
29618000,Калужская область,Куйбышевский муниципальный район,Всего по обследуемым видам экономической деятельности,2023,44320.7
29618000,Калужская область,Куйбышевский муниципальный район,Всего по обследуемым видам экономической деятельности,2024,56391.3
29620000,Калужская область,Людиновский муниципальный район,Всего по обследуемым видам экономической деятельности,2022,43159.1
29620000,Калужская область,Людиновский муниципальный район,Всего по обследуемым видам экономической деятельности,2023,49532.2
29620000,Калужская область,Людиновский муниципальный район,Всего по обследуемым видам экономической деятельности,2024,61454.2
29623000,Калужская область,Малоярославецкий муниципальный район,Всего по обследуемым видам экономической деятельности,2022,54452.5
29623000,Калужская область,Малоярославецкий муниципальный район,Всего по обследуемым видам экономической деятельности,2023,63799.8
29623000,Калужская область,Малоярославецкий муниципальный район,Всего по обследуемым видам экономической деятельности,2024,77128.2
29625000,Калужская область,Медынский муниципальный район,Всего по обследуемым видам экономической деятельности,2022,39712.1
29625000,Калужская область,Медынский муниципальный район,Всего по обследуемым видам экономической деятельности,2023,43497.5
29625000,Калужская область,Медынский муниципальный район,Всего по обследуемым видам экономической деятельности,2024,49871.7
29627000,Калужская область,Мещовский муниципальный район,Всего по обследуемым видам экономической деятельности,2022,36248.0
29627000,Калужская область,Мещовский муниципальный район,Всего по обследуемым видам экономической деятельности,2023,40820.5
29627000,Калужская область,Мещовский муниципальный район,Всего по обследуемым видам экономической деятельности,2024,48563.5
29629000,Калужская область,Мосальский муниципальный район,Всего по обследуемым видам экономической деятельности,2022,37347.8
29629000,Калужская область,Мосальский муниципальный район,Всего по обследуемым видам экономической деятельности,2023,41633.8
29629000,Калужская область,Мосальский муниципальный район,Всего по обследуемым видам экономической деятельности,2024,49701.5
29632000,Калужская область,Перемышльский муниципальный район,Всего по обследуемым видам экономической деятельности,2022,40340.9
29632000,Калужская область,Перемышльский муниципальный район,Всего по обследуемым видам экономической деятельности,2023,46989.3
29632000,Калужская область,Перемышльский муниципальный район,Всего по обследуемым видам экономической деятельности,2024,61744.3
29634000,Калужская область,Спас-Деменский муниципальный район,Всего по обследуемым видам экономической деятельности,2022,37528.4
29634000,Калужская область,Спас-Деменский муниципальный район,Всего по обследуемым видам экономической деятельности,2023,41609.6
29634000,Калужская область,Спас-Деменский муниципальный район,Всего по обследуемым видам экономической деятельности,2024,48916.0
29636000,Калужская область,Сухиничский муниципальный район,Всего по обследуемым видам экономической деятельности,2022,39595.9
29636000,Калужская область,Сухиничский муниципальный район,Всего по обследуемым видам экономической деятельности,2023,44693.9
29636000,Калужская область,Сухиничский муниципальный район,Всего по обследуемым видам экономической деятельности,2024,50460.2
29638000,Калужская область,Тарусский муниципальный район,Всего по обследуемым видам экономической деятельности,2022,43585.0
29638000,Калужская область,Тарусский муниципальный район,Всего по обследуемым видам экономической деятельности,2023,50502.3
29638000,Калужская область,Тарусский муниципальный район,Всего по обследуемым видам экономической деятельности,2024,65384.6
29642000,Калужская область,Ульяновский муниципальный район,Всего по обследуемым видам экономической деятельности,2022,38189.6
29642000,Калужская область,Ульяновский муниципальный район,Всего по обследуемым видам экономической деятельности,2023,47759.6
29642000,Калужская область,Ульяновский муниципальный район,Всего по обследуемым видам экономической деятельности,2024,56053.3
29644000,Калужская область,Ферзиковский муниципальный район,Всего по обследуемым видам экономической деятельности,2022,49516.7
29644000,Калужская область,Ферзиковский муниципальный район,Всего по обследуемым видам экономической деятельности,2023,58046.4
29644000,Калужская область,Ферзиковский муниципальный район,Всего по обследуемым видам экономической деятельности,2024,72028.2
29646000,Калужская область,Хвастовичский муниципальный район,Всего по обследуемым видам экономической деятельности,2022,33956.0
29646000,Калужская область,Хвастовичский муниципальный район,Всего по обследуемым видам экономической деятельности,2023,39380.3
29646000,Калужская область,Хвастовичский муниципальный район,Всего по обследуемым видам экономической деятельности,2024,48986.0
29650000,Калужская область,Юхновский муниципальный район,Всего по обследуемым видам экономической деятельности,2022,37513.0
29650000,Калужская область,Юхновский муниципальный район,Всего по обследуемым видам экономической деятельности,2023,41311.2
29650000,Калужская область,Юхновский муниципальный район,Всего по обследуемым видам экономической деятельности,2024,48955.6
29701000,Калужская область,Город Калуга,Всего по обследуемым видам экономической деятельности,2022,58556.1
29701000,Калужская область,Город Калуга,Всего по обследуемым видам экономической деятельности,2023,65669.2
29701000,Калужская область,Город Калуга,Всего по обследуемым видам экономической деятельности,2024,79422.4
29715000,Калужская область,Город Обнинск,Всего по обследуемым видам экономической деятельности,2022,75023.9
29715000,Калужская область,Город Обнинск,Всего по обследуемым видам экономической деятельности,2023,86589.2
29715000,Калужская область,Город Обнинск,Всего по обследуемым видам экономической деятельности,2024,93271.9
30501000,Камчатский край,Алеутский муниципальный округ,Всего по обследуемым видам экономической деятельности,2022,110445.3
30501000,Камчатский край,Алеутский муниципальный округ,Всего по обследуемым видам экономической деятельности,2023,118868.8
30501000,Камчатский край,Алеутский муниципальный округ,Всего по обследуемым видам экономической деятельности,2024,133483.9
30510000,Камчатский край,Мильковский муниципальный округ,Всего по обследуемым видам экономической деятельности,2024,101695.1
30604000,Камчатский край,Быстринский муниципальный район,Всего по обследуемым видам экономической деятельности,2022,101033.7
30604000,Камчатский край,Быстринский муниципальный район,Всего по обследуемым видам экономической деятельности,2023,109504.4
30604000,Камчатский край,Быстринский муниципальный район,Всего по обследуемым видам экономической деятельности,2024,129525.9
30607000,Камчатский край,Елизовский муниципальный район,Всего по обследуемым видам экономической деятельности,2022,91452.4
30607000,Камчатский край,Елизовский муниципальный район,Всего по обследуемым видам экономической деятельности,2023,104995.7
30607000,Камчатский край,Елизовский муниципальный район,Всего по обследуемым видам экономической деятельности,2024,118405.7
30610000,Камчатский край,Мильковский муниципальный район,Всего по обследуемым видам экономической деятельности,2022,81378.1
30610000,Камчатский край,Мильковский муниципальный район,Всего по обследуемым видам экономической деятельности,2023,88089.6
30613000,Камчатский край,Соболевский муниципальный район,Всего по обследуемым видам экономической деятельности,2022,122952.7
30613000,Камчатский край,Соболевский муниципальный район,Всего по обследуемым видам экономической деятельности,2023,210789.3
30613000,Камчатский край,Соболевский муниципальный район,Всего по обследуемым видам экономической деятельности,2024,159754.1
30616000,Камчатский край,Усть-Большерецкий муниципальный район,Всего по обследуемым видам экономической деятельности,2022,110850.8
30616000,Камчатский край,Усть-Большерецкий муниципальный район,Всего по обследуемым видам экономической деятельности,2023,142828.7
30616000,Камчатский край,Усть-Большерецкий муниципальный район,Всего по обследуемым видам экономической деятельности,2024,160217.1
30619000,Камчатский край,Усть-Камчатский муниципальный район,Всего по обследуемым видам экономической деятельности,2022,93424.8
30619000,Камчатский край,Усть-Камчатский муниципальный район,Всего по обследуемым видам экономической деятельности,2023,100644.7
30619000,Камчатский край,Усть-Камчатский муниципальный район,Всего по обследуемым видам экономической деятельности,2024,108107.0
30701000,Камчатский край,Петропавловск-Камчатский,Всего по обследуемым видам экономической деятельности,2022,121220.5
30701000,Камчатский край,Петропавловск-Камчатский,Всего по обследуемым видам экономической деятельности,2023,132021.4
30701000,Камчатский край,Петропавловск-Камчатский,Всего по обследуемым видам экономической деятельности,2024,148806.0
30735000,Камчатский край,Вилючинский ЗАТО,Всего по обследуемым видам экономической деятельности,2022,84613.4
30824000,Камчатский край,Карагинский муниципальный район,Всего по обследуемым видам экономической деятельности,2022,143143.8
30824000,Камчатский край,Карагинский муниципальный район,Всего по обследуемым видам экономической деятельности,2023,216798.7
30824000,Камчатский край,Карагинский муниципальный район,Всего по обследуемым видам экономической деятельности,2024,193214.1
30827000,Камчатский край,Олюторский муниципальный район,Всего по обследуемым видам экономической деятельности,2022,103875.6
30827000,Камчатский край,Олюторский муниципальный район,Всего по обследуемым видам экономической деятельности,2023,118713.0
30827000,Камчатский край,Олюторский муниципальный район,Всего по обследуемым видам экономической деятельности,2024,127466.1
30829000,Камчатский край,Пенжинский муниципальный район,Всего по обследуемым видам экономической деятельности,2022,122033.7
30829000,Камчатский край,Пенжинский муниципальный район,Всего по обследуемым видам экономической деятельности,2023,136968.8
30829000,Камчатский край,Пенжинский муниципальный район,Всего по обследуемым видам экономической деятельности,2024,167208.9
30832000,Камчатский край,Тигильский муниципальный район,Всего по обследуемым видам экономической деятельности,2022,89734.2
30832000,Камчатский край,Тигильский муниципальный район,Всего по обследуемым видам экономической деятельности,2023,102885.4
30832000,Камчатский край,Тигильский муниципальный район,Всего по обследуемым видам экономической деятельности,2024,115673.1
30851000,Камчатский край,Поселок Палана,Всего по обследуемым видам экономической деятельности,2022,87493.1
30851000,Камчатский край,Поселок Палана,Всего по обследуемым видам экономической деятельности,2023,97365.3
30851000,Камчатский край,Поселок Палана,Всего по обследуемым видам экономической деятельности,2024,112947.8
32501000,Кемеровская область,Беловский муниципальный округ,Всего по обследуемым видам экономической деятельности,2022,73182.2
32501000,Кемеровская область,Беловский муниципальный округ,Всего по обследуемым видам экономической деятельности,2023,84135.1
32502000,Кемеровская область,Гурьевский муниципальный округ,Всего по обследуемым видам экономической деятельности,2022,54597.0
32502000,Кемеровская область,Гурьевский муниципальный округ,Всего по обследуемым видам экономической деятельности,2023,63985.3
32504000,Кемеровская область,Ижморский муниципальный округ,Всего по обследуемым видам экономической деятельности,2022,40584.3
32504000,Кемеровская область,Ижморский муниципальный округ,Всего по обследуемым видам экономической деятельности,2023,47315.5
32507000,Кемеровская область,Кемеровский муниципальный округ,Всего по обследуемым видам экономической деятельности,2022,67388.5
32507000,Кемеровская область,Кемеровский муниципальный округ,Всего по обследуемым видам экономической деятельности,2023,78691.2
32510000,Кемеровская область,Крапивинский муниципальный округ,Всего по обследуемым видам экономической деятельности,2022,40575.5
32510000,Кемеровская область,Крапивинский муниципальный округ,Всего по обследуемым видам экономической деятельности,2023,47217.0
32513000,Кемеровская область,Ленинск-Кузнецкий муниципальный округ,Всего по обследуемым видам экономической деятельности,2022,64553.3
32513000,Кемеровская область,Ленинск-Кузнецкий муниципальный округ,Всего по обследуемым видам экономической деятельности,2023,71888.4
32516000,Кемеровская область,Мариинский муниципальный округ,Всего по обследуемым видам экономической деятельности,2022,38799.2
32516000,Кемеровская область,Мариинский муниципальный округ,Всего по обследуемым видам экономической деятельности,2023,45788.2
32519000,Кемеровская область,Новокузнецкий муниципальный округ,Всего по обследуемым видам экономической деятельности,2023,98115.2
32522000,Кемеровская область,Прокопьевский муниципальный округ,Всего по обследуемым видам экономической деятельности,2022,78181.9
32522000,Кемеровская область,Прокопьевский муниципальный округ,Всего по обследуемым видам экономической деятельности,2023,90215.6
32525000,Кемеровская область,Промышленновский муниципальный округ,Всего по обследуемым видам экономической деятельности,2022,45637.7
32525000,Кемеровская область,Промышленновский муниципальный округ,Всего по обследуемым видам экономической деятельности,2023,51912.5
32528000,Кемеровская область,Тисульский муниципальный округ,Всего по обследуемым видам экономической деятельности,2022,53078.8
32528000,Кемеровская область,Тисульский муниципальный округ,Всего по обследуемым видам экономической деятельности,2023,58358.3
32531000,Кемеровская область,Топкинский муниципальный округ,Всего по обследуемым видам экономической деятельности,2022,48507.4
32531000,Кемеровская область,Топкинский муниципальный округ,Всего по обследуемым видам экономической деятельности,2023,56833.6
32534000,Кемеровская область,Тяжинский муниципальный округ,Всего по обследуемым видам экономической деятельности,2022,39218.8
32534000,Кемеровская область,Тяжинский муниципальный округ,Всего по обследуемым видам экономической деятельности,2023,44868.5
32537000,Кемеровская область,Чебулинский муниципальный округ,Всего по обследуемым видам экономической деятельности,2022,38087.9
32537000,Кемеровская область,Чебулинский муниципальный округ,Всего по обследуемым видам экономической деятельности,2023,43965.5
32540000,Кемеровская область,Юргинский муниципальный округ,Всего по обследуемым видам экономической деятельности,2022,42886.9
32540000,Кемеровская область,Юргинский муниципальный округ,Всего по обследуемым видам экономической деятельности,2023,48398.8
32543000,Кемеровская область,Яйский муниципальный округ,Всего по обследуемым видам экономической деятельности,2022,38384.4
32543000,Кемеровская область,Яйский муниципальный округ,Всего по обследуемым видам экономической деятельности,2023,47515.0
32546000,Кемеровская область,Яшкинский муниципальный округ,Всего по обследуемым видам экономической деятельности,2022,47504.4
32546000,Кемеровская область,Яшкинский муниципальный округ,Всего по обследуемым видам экономической деятельности,2023,55554.9
32619000,Кемеровская область,Новокузнецкий муниципальный район,Всего по обследуемым видам экономической деятельности,2022,86910.3
32627000,Кемеровская область,Таштагольский муниципальный район,Всего по обследуемым видам экономической деятельности,2022,53201.3
32627000,Кемеровская область,Таштагольский муниципальный район,Всего по обследуемым видам экономической деятельности,2023,60700.5
32701000,Кемеровская область,Кемеровский,Всего по обследуемым видам экономической деятельности,2022,66643.0
32701000,Кемеровская область,Кемеровский,Всего по обследуемым видам экономической деятельности,2023,77793.8
32704000,Кемеровская область,Анжеро-Судженский,Всего по обследуемым видам экономической деятельности,2022,45570.0
32704000,Кемеровская область,Анжеро-Судженский,Всего по обследуемым видам экономической деятельности,2023,54175.5
32707000,Кемеровская область,Беловский,Всего по обследуемым видам экономической деятельности,2022,61096.0
32707000,Кемеровская область,Беловский,Всего по обследуемым видам экономической деятельности,2023,71657.3
32710000,Кемеровская область,Березовский,Всего по обследуемым видам экономической деятельности,2022,54183.0
32710000,Кемеровская область,Березовский,Всего по обследуемым видам экономической деятельности,2023,64498.2
32715000,Кемеровская область,Калтанский,Всего по обследуемым видам экономической деятельности,2022,61528.0
32715000,Кемеровская область,Калтанский,Всего по обследуемым видам экономической деятельности,2023,70769.5
32716000,Кемеровская область,Киселевский,Всего по обследуемым видам экономической деятельности,2022,58736.7
32716000,Кемеровская область,Киселевский,Всего по обследуемым видам экономической деятельности,2023,68025.3
32719000,Кемеровская область,Ленинск-Кузнецкий,Всего по обследуемым видам экономической деятельности,2022,58603.2
32719000,Кемеровская область,Ленинск-Кузнецкий,Всего по обследуемым видам экономической деятельности,2023,69133.2
32725000,Кемеровская область,Междуреченский,Всего по обследуемым видам экономической деятельности,2022,66578.9
32725000,Кемеровская область,Междуреченский,Всего по обследуемым видам экономической деятельности,2023,76520.8
32728000,Кемеровская область,Мысковский,Всего по обследуемым видам экономической деятельности,2022,55315.2
32728000,Кемеровская область,Мысковский,Всего по обследуемым видам экономической деятельности,2023,68218.9
32731000,Кемеровская область,Новокузнецкий,Всего по обследуемым видам экономической деятельности,2022,62379.8
32731000,Кемеровская область,Новокузнецкий,Всего по обследуемым видам экономической деятельности,2023,71643.2
32732000,Кемеровская область,Полысаевский,Всего по обследуемым видам экономической деятельности,2022,64997.3
32732000,Кемеровская область,Полысаевский,Всего по обследуемым видам экономической деятельности,2023,72218.1
32734000,Кемеровская область,Осинниковский,Всего по обследуемым видам экономической деятельности,2022,55347.1
32734000,Кемеровская область,Осинниковский,Всего по обследуемым видам экономической деятельности,2023,63422.8
32737000,Кемеровская область,Прокопьевский,Всего по обследуемым видам экономической деятельности,2022,50343.1
32737000,Кемеровская область,Прокопьевский,Всего по обследуемым видам экономической деятельности,2023,57334.1
32740000,Кемеровская область,Тайгинский,Всего по обследуемым видам экономической деятельности,2022,55766.2
32740000,Кемеровская область,Тайгинский,Всего по обследуемым видам экономической деятельности,2023,64184.6
32749000,Кемеровская область,Юргинский,Всего по обследуемым видам экономической деятельности,2022,41408.7
32749000,Кемеровская область,Юргинский,Всего по обследуемым видам экономической деятельности,2023,47192.9
32751000,Кемеровская область,Краснобродский,Всего по обследуемым видам экономической деятельности,2022,77487.0
33502000,Кировская область,Арбажский,Всего по обследуемым видам экономической деятельности,2022,31724.5
33502000,Кировская область,Арбажский,Всего по обследуемым видам экономической деятельности,2023,36843.6
33502000,Кировская область,Арбажский,Всего по обследуемым видам экономической деятельности,2024,43781.2
33503000,Кировская область,Афанасьевский,Всего по обследуемым видам экономической деятельности,2023,35727.4
33503000,Кировская область,Афанасьевский,Всего по обследуемым видам экономической деятельности,2024,41260.4
33506000,Кировская область,Богородский,Всего по обследуемым видам экономической деятельности,2022,39126.7
33506000,Кировская область,Богородский,Всего по обследуемым видам экономической деятельности,2023,44539.5
33506000,Кировская область,Богородский,Всего по обследуемым видам экономической деятельности,2024,52350.7
33507000,Кировская область,Верхнекамский,Всего по обследуемым видам экономической деятельности,2022,31904.1
33507000,Кировская область,Верхнекамский,Всего по обследуемым видам экономической деятельности,2023,38390.9
33507000,Кировская область,Верхнекамский,Всего по обследуемым видам экономической деятельности,2024,47299.7
33516000,Кировская область,Кикнурский,Всего по обследуемым видам экономической деятельности,2022,30005.9
33516000,Кировская область,Кикнурский,Всего по обследуемым видам экономической деятельности,2023,33736.7
33516000,Кировская область,Кикнурский,Всего по обследуемым видам экономической деятельности,2024,38942.9
33521000,Кировская область,Лебяжский,Всего по обследуемым видам экономической деятельности,2022,30167.1
33521000,Кировская область,Лебяжский,Всего по обследуемым видам экономической деятельности,2023,34858.0
33521000,Кировская область,Лебяжский,Всего по обследуемым видам экономической деятельности,2024,40689.3
33522000,Кировская область,Лузский,Всего по обследуемым видам экономической деятельности,2022,37340.7
33522000,Кировская область,Лузский,Всего по обследуемым видам экономической деятельности,2023,39712.7
33522000,Кировская область,Лузский,Всего по обследуемым видам экономической деятельности,2024,45723.0
33524000,Кировская область,Мурашинский,Всего по обследуемым видам экономической деятельности,2022,47580.1
33524000,Кировская область,Мурашинский,Всего по обследуемым видам экономической деятельности,2023,54618.2
33524000,Кировская область,Мурашинский,Всего по обследуемым видам экономической деятельности,2024,65023.4
33526000,Кировская область,Немский,Всего по обследуемым видам экономической деятельности,2022,37380.7
33526000,Кировская область,Немский,Всего по обследуемым видам экономической деятельности,2023,42903.2
33526000,Кировская область,Немский,Всего по обследуемым видам экономической деятельности,2024,50439.3
33529000,Кировская область,Опаринский,Всего по обследуемым видам экономической деятельности,2022,35530.3
33529000,Кировская область,Опаринский,Всего по обследуемым видам экономической деятельности,2023,39868.8
33529000,Кировская область,Опаринский,Всего по обследуемым видам экономической деятельности,2024,46554.0
33531000,Кировская область,Пижанский,Всего по обследуемым видам экономической деятельности,2022,35049.0
33531000,Кировская область,Пижанский,Всего по обследуемым видам экономической деятельности,2023,39568.8
33531000,Кировская область,Пижанский,Всего по обследуемым видам экономической деятельности,2024,45963.3
33533000,Кировская область,Санчурский,Всего по обследуемым видам экономической деятельности,2022,29298.1
33533000,Кировская область,Санчурский,Всего по обследуемым видам экономической деятельности,2023,34227.0
33533000,Кировская область,Санчурский,Всего по обследуемым видам экономической деятельности,2024,39558.7
33534000,Кировская область,Свечинский,Всего по обследуемым видам экономической деятельности,2022,33219.4
33534000,Кировская область,Свечинский,Всего по обследуемым видам экономической деятельности,2023,37609.1
33534000,Кировская область,Свечинский,Всего по обследуемым видам экономической деятельности,2024,44029.9
33540000,Кировская область,Унинский,Всего по обследуемым видам экономической деятельности,2022,32701.5
33540000,Кировская область,Унинский,Всего по обследуемым видам экономической деятельности,2023,37662.5
33540000,Кировская область,Унинский,Всего по обследуемым видам экономической деятельности,2024,44072.1
33543000,Кировская область,Фаленский,Всего по обследуемым видам экономической деятельности,2022,34181.3
33543000,Кировская область,Фаленский,Всего по обследуемым видам экономической деятельности,2023,38699.8
33543000,Кировская область,Фаленский,Всего по обследуемым видам экономической деятельности,2024,44839.4
33603000,Кировская область,Афанасьевский муниципальный район,Всего по обследуемым видам экономической деятельности,2022,31634.0
33605000,Кировская область,Белохолуницкий муниципальный район,Всего по обследуемым видам экономической деятельности,2022,33507.7
33605000,Кировская область,Белохолуницкий муниципальный район,Всего по обследуемым видам экономической деятельности,2023,37998.9
33605000,Кировская область,Белохолуницкий муниципальный район,Всего по обследуемым видам экономической деятельности,2024,44284.2
33608000,Кировская область,Верхошижемский муниципальный район,Всего по обследуемым видам экономической деятельности,2022,36016.0
33608000,Кировская область,Верхошижемский муниципальный район,Всего по обследуемым видам экономической деятельности,2023,41425.2
33608000,Кировская область,Верхошижемский муниципальный район,Всего по обследуемым видам экономической деятельности,2024,48704.7
33610000,Кировская область,Вятскополянский муниципальный район,Всего по обследуемым видам экономической деятельности,2022,32229.3
33610000,Кировская область,Вятскополянский муниципальный район,Всего по обследуемым видам экономической деятельности,2023,36269.1
33610000,Кировская область,Вятскополянский муниципальный район,Всего по обследуемым видам экономической деятельности,2024,42873.6
33612000,Кировская область,Даровской муниципальный район,Всего по обследуемым видам экономической деятельности,2022,33007.9
33612000,Кировская область,Даровской муниципальный район,Всего по обследуемым видам экономической деятельности,2023,37379.5
33612000,Кировская область,Даровской муниципальный район,Всего по обследуемым видам экономической деятельности,2024,43238.2
33614000,Кировская область,Зуевский муниципальный район,Всего по обследуемым видам экономической деятельности,2022,38875.1
33614000,Кировская область,Зуевский муниципальный район,Всего по обследуемым видам экономической деятельности,2023,44463.1
33614000,Кировская область,Зуевский муниципальный район,Всего по обследуемым видам экономической деятельности,2024,52984.0
33617000,Кировская область,Кильмезский муниципальный район,Всего по обследуемым видам экономической деятельности,2022,31137.5
33617000,Кировская область,Кильмезский муниципальный район,Всего по обследуемым видам экономической деятельности,2023,35515.5
33617000,Кировская область,Кильмезский муниципальный район,Всего по обследуемым видам экономической деятельности,2024,42344.0
33618000,Кировская область,Кирово-Чепецкий муниципальный район,Всего по обследуемым видам экономической деятельности,2022,39572.9
33618000,Кировская область,Кирово-Чепецкий муниципальный район,Всего по обследуемым видам экономической деятельности,2023,45571.5
33618000,Кировская область,Кирово-Чепецкий муниципальный район,Всего по обследуемым видам экономической деятельности,2024,57342.1
33619000,Кировская область,Котельничский муниципальный район,Всего по обследуемым видам экономической деятельности,2022,33052.1
33619000,Кировская область,Котельничский муниципальный район,Всего по обследуемым видам экономической деятельности,2023,38664.8
33619000,Кировская область,Котельничский муниципальный район,Всего по обследуемым видам экономической деятельности,2024,46001.0
33620000,Кировская область,Куменский муниципальный район,Всего по обследуемым видам экономической деятельности,2022,42251.3
33620000,Кировская область,Куменский муниципальный район,Всего по обследуемым видам экономической деятельности,2023,48371.8
33620000,Кировская область,Куменский муниципальный район,Всего по обследуемым видам экономической деятельности,2024,57854.2
33623000,Кировская область,Малмыжский муниципальный район,Всего по обследуемым видам экономической деятельности,2022,33554.4
33623000,Кировская область,Малмыжский муниципальный район,Всего по обследуемым видам экономической деятельности,2023,38327.0
33623000,Кировская область,Малмыжский муниципальный район,Всего по обследуемым видам экономической деятельности,2024,44116.7
33625000,Кировская область,Нагорский муниципальный район,Всего по обследуемым видам экономической деятельности,2022,34968.8
33625000,Кировская область,Нагорский муниципальный район,Всего по обследуемым видам экономической деятельности,2023,38612.5
33625000,Кировская область,Нагорский муниципальный район,Всего по обследуемым видам экономической деятельности,2024,44270.2
33627000,Кировская область,Нолинский муниципальный район,Всего по обследуемым видам экономической деятельности,2022,32544.7
33627000,Кировская область,Нолинский муниципальный район,Всего по обследуемым видам экономической деятельности,2023,36952.4
33627000,Кировская область,Нолинский муниципальный район,Всего по обследуемым видам экономической деятельности,2024,43969.9
33628000,Кировская область,Омутнинский муниципальный район,Всего по обследуемым видам экономической деятельности,2022,37229.8
33628000,Кировская область,Омутнинский муниципальный район,Всего по обследуемым видам экономической деятельности,2023,45423.3
33628000,Кировская область,Омутнинский муниципальный район,Всего по обследуемым видам экономической деятельности,2024,55132.6
33630000,Кировская область,Оричевский муниципальный район,Всего по обследуемым видам экономической деятельности,2022,36629.5
33630000,Кировская область,Оричевский муниципальный район,Всего по обследуемым видам экономической деятельности,2023,41998.7
33630000,Кировская область,Оричевский муниципальный район,Всего по обследуемым видам экономической деятельности,2024,50711.2
33632000,Кировская область,Подосиновский муниципальный район,Всего по обследуемым видам экономической деятельности,2022,36769.2
33632000,Кировская область,Подосиновский муниципальный район,Всего по обследуемым видам экономической деятельности,2023,41294.8
33632000,Кировская область,Подосиновский муниципальный район,Всего по обследуемым видам экономической деятельности,2024,47295.1
33635000,Кировская область,Слободской муниципальный район,Всего по обследуемым видам экономической деятельности,2022,36466.7
33635000,Кировская область,Слободской муниципальный район,Всего по обследуемым видам экономической деятельности,2023,43945.2
33635000,Кировская область,Слободской муниципальный район,Всего по обследуемым видам экономической деятельности,2024,51617.9
33636000,Кировская область,Советский муниципальный район,Всего по обследуемым видам экономической деятельности,2022,34642.7
33636000,Кировская область,Советский муниципальный район,Всего по обследуемым видам экономической деятельности,2023,39694.1
33636000,Кировская область,Советский муниципальный район,Всего по обследуемым видам экономической деятельности,2024,48817.2
33637000,Кировская область,Сунский муниципальный район,Всего по обследуемым видам экономической деятельности,2022,38685.1
33637000,Кировская область,Сунский муниципальный район,Всего по обследуемым видам экономической деятельности,2023,43673.9
33637000,Кировская область,Сунский муниципальный район,Всего по обследуемым видам экономической деятельности,2024,50882.6
33638000,Кировская область,Тужинский муниципальный район,Всего по обследуемым видам экономической деятельности,2022,30422.1
33638000,Кировская область,Тужинский муниципальный район,Всего по обследуемым видам экономической деятельности,2023,34531.6
33638000,Кировская область,Тужинский муниципальный район,Всего по обследуемым видам экономической деятельности,2024,39954.9
33641000,Кировская область,Уржумский муниципальный район,Всего по обследуемым видам экономической деятельности,2022,34224.9
33641000,Кировская область,Уржумский муниципальный район,Всего по обследуемым видам экономической деятельности,2023,39628.4
33641000,Кировская область,Уржумский муниципальный район,Всего по обследуемым видам экономической деятельности,2024,46534.2
33645000,Кировская область,Орловский муниципальный район,Всего по обследуемым видам экономической деятельности,2022,35787.0
33645000,Кировская область,Орловский муниципальный район,Всего по обследуемым видам экономической деятельности,2023,40906.8
33645000,Кировская область,Орловский муниципальный район,Всего по обследуемым видам экономической деятельности,2024,49280.8
33647000,Кировская область,Шабалинский муниципальный район,Всего по обследуемым видам экономической деятельности,2022,32852.3
33647000,Кировская область,Шабалинский муниципальный район,Всего по обследуемым видам экономической деятельности,2023,37885.4
33647000,Кировская область,Шабалинский муниципальный район,Всего по обследуемым видам экономической деятельности,2024,44357.5
33649000,Кировская область,Юрьянский муниципальный район,Всего по обследуемым видам экономической деятельности,2022,43387.5
33649000,Кировская область,Юрьянский муниципальный район,Всего по обследуемым видам экономической деятельности,2023,49649.2
33649000,Кировская область,Юрьянский муниципальный район,Всего по обследуемым видам экономической деятельности,2024,61840.7
33650000,Кировская область,Яранский муниципальный район,Всего по обследуемым видам экономической деятельности,2022,32891.5
33650000,Кировская область,Яранский муниципальный район,Всего по обследуемым видам экономической деятельности,2023,38166.3
33650000,Кировская область,Яранский муниципальный район,Всего по обследуемым видам экономической деятельности,2024,44396.5
33701000,Кировская область,Город Киров,Всего по обследуемым видам экономической деятельности,2022,49414.2
33701000,Кировская область,Город Киров,Всего по обследуемым видам экономической деятельности,2023,59430.6
33701000,Кировская область,Город Киров,Всего по обследуемым видам экономической деятельности,2024,71313.0
33704000,Кировская область,Город Вятские Поляны,Всего по обследуемым видам экономической деятельности,2022,35869.7
33704000,Кировская область,Город Вятские Поляны,Всего по обследуемым видам экономической деятельности,2023,44959.4
33704000,Кировская область,Город Вятские Поляны,Всего по обследуемым видам экономической деятельности,2024,51795.0
33707000,Кировская область,Город Кирово-Чепецк,Всего по обследуемым видам экономической деятельности,2022,47207.4
33707000,Кировская область,Город Кирово-Чепецк,Всего по обследуемым видам экономической деятельности,2023,56079.2
33707000,Кировская область,Город Кирово-Чепецк,Всего по обследуемым видам экономической деятельности,2024,66540.6
33710000,Кировская область,Город Котельнич,Всего по обследуемым видам экономической деятельности,2022,34762.1
33710000,Кировская область,Город Котельнич,Всего по обследуемым видам экономической деятельности,2023,40889.9
33710000,Кировская область,Город Котельнич,Всего по обследуемым видам экономической деятельности,2024,47149.4
33713000,Кировская область,Город Слободской,Всего по обследуемым видам экономической деятельности,2022,39932.6
33713000,Кировская область,Город Слободской,Всего по обследуемым видам экономической деятельности,2023,45984.0
33713000,Кировская область,Город Слободской,Всего по обследуемым видам экономической деятельности,2024,54829.1
33787000,Кировская область,ЗАТО Первомайский,Всего по обследуемым видам экономической деятельности,2022,34417.3
33787000,Кировская область,ЗАТО Первомайский,Всего по обследуемым видам экономической деятельности,2023,37364.9
34512000,Костромская область,Кологривский муниципальный округ,Всего по обследуемым видам экономической деятельности,2022,29794.2
34512000,Костромская область,Кологривский муниципальный округ,Всего по обследуемым видам экономической деятельности,2023,33152.7
34512000,Костромская область,Кологривский муниципальный округ,Всего по обследуемым видам экономической деятельности,2024,38820.9
34520000,Костромская область,Мантуровский муниципальный округ,Всего по обследуемым видам экономической деятельности,2024,50475.0
34522000,Костромская область,Межевской муниципальный округ,Всего по обследуемым видам экономической деятельности,2022,32803.8
34522000,Костромская область,Межевской муниципальный округ,Всего по обследуемым видам экономической деятельности,2023,36495.1
34522000,Костромская область,Межевской муниципальный округ,Всего по обследуемым видам экономической деятельности,2024,43755.6
34524000,Костромская область,Нейский муниципальный округ,Всего по обследуемым видам экономической деятельности,2022,36611.9
34524000,Костромская область,Нейский муниципальный округ,Всего по обследуемым видам экономической деятельности,2023,41381.0
34524000,Костромская область,Нейский муниципальный округ,Всего по обследуемым видам экономической деятельности,2024,47761.7
34530000,Костромская область,Островский муниципальный округ,Всего по обследуемым видам экономической деятельности,2024,43225.9
34532000,Костромская область,Павинский муниципальный округ,Всего по обследуемым видам экономической деятельности,2024,40332.4
34534000,Костромская область,Парфеньевский муниципальный округ,Всего по обследуемым видам экономической деятельности,2022,31830.5
34534000,Костромская область,Парфеньевский муниципальный округ,Всего по обследуемым видам экономической деятельности,2023,35769.7
34534000,Костромская область,Парфеньевский муниципальный округ,Всего по обследуемым видам экономической деятельности,2024,41821.5
34536000,Костромская область,Поназыревский муниципальный округ,Всего по обследуемым видам экономической деятельности,2023,37363.5
34536000,Костромская область,Поназыревский муниципальный округ,Всего по обследуемым видам экономической деятельности,2024,41439.4
34538000,Костромская область,Пыщугский муниципальный округ,Всего по обследуемым видам экономической деятельности,2023,35698.0
34538000,Костромская область,Пыщугский муниципальный округ,Всего по обследуемым видам экономической деятельности,2024,43290.7
34540000,Костромская область,Солигаличский муниципальный округ,Всего по обследуемым видам экономической деятельности,2024,48518.8
34602000,Костромская область,Антроповский муниципальный район,Всего по обследуемым видам экономической деятельности,2022,33699.9
34602000,Костромская область,Антроповский муниципальный район,Всего по обследуемым видам экономической деятельности,2023,37218.7
34602000,Костромская область,Антроповский муниципальный район,Всего по обследуемым видам экономической деятельности,2024,43449.9
34604000,Костромская область,Буйский муниципальный район,Всего по обследуемым видам экономической деятельности,2022,31290.0
34604000,Костромская область,Буйский муниципальный район,Всего по обследуемым видам экономической деятельности,2023,35140.3
34604000,Костромская область,Буйский муниципальный район,Всего по обследуемым видам экономической деятельности,2024,40017.6
34606000,Костромская область,Вохомский муниципальный район,Всего по обследуемым видам экономической деятельности,2022,31621.1
34606000,Костромская область,Вохомский муниципальный район,Всего по обследуемым видам экономической деятельности,2023,35801.9
34606000,Костромская область,Вохомский муниципальный район,Всего по обследуемым видам экономической деятельности,2024,42235.8
34608000,Костромская область,Галичский муниципальный район,Всего по обследуемым видам экономической деятельности,2022,42675.5
34608000,Костромская область,Галичский муниципальный район,Всего по обследуемым видам экономической деятельности,2023,50763.1
34608000,Костромская область,Галичский муниципальный район,Всего по обследуемым видам экономической деятельности,2024,62147.2
34610000,Костромская область,Кадыйский муниципальный район,Всего по обследуемым видам экономической деятельности,2022,31498.5
34610000,Костромская область,Кадыйский муниципальный район,Всего по обследуемым видам экономической деятельности,2023,35046.8
34610000,Костромская область,Кадыйский муниципальный район,Всего по обследуемым видам экономической деятельности,2024,40498.1
34614000,Костромская область,Костромской муниципальный район,Всего по обследуемым видам экономической деятельности,2022,38307.7
34614000,Костромская область,Костромской муниципальный район,Всего по обследуемым видам экономической деятельности,2023,42303.6
34614000,Костромская область,Костромской муниципальный район,Всего по обследуемым видам экономической деятельности,2024,51506.7
34616000,Костромская область,Красносельский муниципальный район,Всего по обследуемым видам экономической деятельности,2022,52249.9
34616000,Костромская область,Красносельский муниципальный район,Всего по обследуемым видам экономической деятельности,2023,64271.8
34616000,Костромская область,Красносельский муниципальный район,Всего по обследуемым видам экономической деятельности,2024,77237.1
34618000,Костромская область,Макарьевский муниципальный район,Всего по обследуемым видам экономической деятельности,2022,29969.5
34618000,Костромская область,Макарьевский муниципальный район,Всего по обследуемым видам экономической деятельности,2023,34250.4
34618000,Костромская область,Макарьевский муниципальный район,Всего по обследуемым видам экономической деятельности,2024,40165.1
34626000,Костромская область,Муниципальный район город Нерехта и Нерехтский район,Всего по обследуемым видам экономической деятельности,2022,33075.9
34626000,Костромская область,Муниципальный район город Нерехта и Нерехтский район,Всего по обследуемым видам экономической деятельности,2023,44505.2
34626000,Костромская область,Муниципальный район город Нерехта и Нерехтский район,Всего по обследуемым видам экономической деятельности,2024,57044.8
34628000,Костромская область,Октябрьский муниципальный район,Всего по обследуемым видам экономической деятельности,2022,31680.2
34628000,Костромская область,Октябрьский муниципальный район,Всего по обследуемым видам экономической деятельности,2023,35094.0
34628000,Костромская область,Октябрьский муниципальный район,Всего по обследуемым видам экономической деятельности,2024,43080.4
34630000,Костромская область,Островский муниципальный район,Всего по обследуемым видам экономической деятельности,2022,33161.3
34630000,Костромская область,Островский муниципальный район,Всего по обследуемым видам экономической деятельности,2023,37307.8
34632000,Костромская область,Павинский муниципальный район,Всего по обследуемым видам экономической деятельности,2022,29236.5
34632000,Костромская область,Павинский муниципальный район,Всего по обследуемым видам экономической деятельности,2023,34064.1
34636000,Костромская область,Поназыревский муниципальный район,Всего по обследуемым видам экономической деятельности,2022,35089.0
34638000,Костромская область,Пыщугский муниципальный район,Всего по обследуемым видам экономической деятельности,2022,33200.2
34640000,Костромская область,Солигаличский муниципальный район,Всего по обследуемым видам экономической деятельности,2022,34997.3
34640000,Костромская область,Солигаличский муниципальный район,Всего по обследуемым видам экономической деятельности,2023,41554.7
34642000,Костромская область,Судиславский муниципальный район,Всего по обследуемым видам экономической деятельности,2022,38648.1
34642000,Костромская область,Судиславский муниципальный район,Всего по обследуемым видам экономической деятельности,2023,45955.7
34642000,Костромская область,Судиславский муниципальный район,Всего по обследуемым видам экономической деятельности,2024,52917.0
34644000,Костромская область,Сусанинский муниципальный район,Всего по обследуемым видам экономической деятельности,2022,36273.0
34644000,Костромская область,Сусанинский муниципальный район,Всего по обследуемым видам экономической деятельности,2023,39964.1
34644000,Костромская область,Сусанинский муниципальный район,Всего по обследуемым видам экономической деятельности,2024,46712.5
34646000,Костромская область,Чухломский муниципальный район,Всего по обследуемым видам экономической деятельности,2022,29241.8
34646000,Костромская область,Чухломский муниципальный район,Всего по обследуемым видам экономической деятельности,2023,33380.7
34646000,Костромская область,Чухломский муниципальный район,Всего по обследуемым видам экономической деятельности,2024,39180.1
34648000,Костромская область,Шарьинский муниципальный район,Всего по обследуемым видам экономической деятельности,2022,35423.4
34648000,Костромская область,Шарьинский муниципальный район,Всего по обследуемым видам экономической деятельности,2023,39399.7
34648000,Костромская область,Шарьинский муниципальный район,Всего по обследуемым видам экономической деятельности,2024,46416.8
34701000,Костромская область,Город Кострома,Всего по обследуемым видам экономической деятельности,2022,47518.5
34701000,Костромская область,Город Кострома,Всего по обследуемым видам экономической деятельности,2023,55348.3
34701000,Костромская область,Город Кострома,Всего по обследуемым видам экономической деятельности,2024,67574.4
34705000,Костромская область,Город Буй,Всего по обследуемым видам экономической деятельности,2022,44730.6
34705000,Костромская область,Город Буй,Всего по обследуемым видам экономической деятельности,2023,51687.6
34705000,Костромская область,Город Буй,Всего по обследуемым видам экономической деятельности,2024,63047.3
34706000,Костромская область,Город Волгореченск,Всего по обследуемым видам экономической деятельности,2022,56959.3
34706000,Костромская область,Город Волгореченск,Всего по обследуемым видам экономической деятельности,2023,58862.5
34706000,Костромская область,Город Волгореченск,Всего по обследуемым видам экономической деятельности,2024,72931.3
34708000,Костромская область,Город Галич,Всего по обследуемым видам экономической деятельности,2022,40880.3
34708000,Костромская область,Город Галич,Всего по обследуемым видам экономической деятельности,2023,46317.2
34708000,Костромская область,Город Галич,Всего по обследуемым видам экономической деятельности,2024,53922.7
34714000,Костромская область,Город Мантурово,Всего по обследуемым видам экономической деятельности,2022,39780.6
34714000,Костромская область,Город Мантурово,Всего по обследуемым видам экономической деятельности,2023,44323.5
34730000,Костромская область,Город Шарья,Всего по обследуемым видам экономической деятельности,2022,42640.3
34730000,Костромская область,Город Шарья,Всего по обследуемым видам экономической деятельности,2023,45564.2
34730000,Костромская область,Город Шарья,Всего по обследуемым видам экономической деятельности,2024,55333.6
35604000,Республика Крым,Бахчисарайский муниципальный район,Всего по обследуемым видам экономической деятельности,2022,38468.6
35604000,Республика Крым,Бахчисарайский муниципальный район,Всего по обследуемым видам экономической деятельности,2023,42943.5
35604000,Республика Крым,Бахчисарайский муниципальный район,Всего по обследуемым видам экономической деятельности,2024,50556.7
35607000,Республика Крым,Белогорский муниципальный район,Всего по обследуемым видам экономической деятельности,2022,34860.3
35607000,Республика Крым,Белогорский муниципальный район,Всего по обследуемым видам экономической деятельности,2023,37543.5
35607000,Республика Крым,Белогорский муниципальный район,Всего по обследуемым видам экономической деятельности,2024,44874.8
35611000,Республика Крым,Джанкойский муниципальный район,Всего по обследуемым видам экономической деятельности,2022,28442.8
35611000,Республика Крым,Джанкойский муниципальный район,Всего по обследуемым видам экономической деятельности,2023,32273.5
35611000,Республика Крым,Джанкойский муниципальный район,Всего по обследуемым видам экономической деятельности,2024,36664.3
35616000,Республика Крым,Кировский муниципальный район,Всего по обследуемым видам экономической деятельности,2022,35614.9
35616000,Республика Крым,Кировский муниципальный район,Всего по обследуемым видам экономической деятельности,2023,40552.9
35616000,Республика Крым,Кировский муниципальный район,Всего по обследуемым видам экономической деятельности,2024,47854.2
35620000,Республика Крым,Красногвардейский муниципальный район,Всего по обследуемым видам экономической деятельности,2022,37071.9
35620000,Республика Крым,Красногвардейский муниципальный район,Всего по обследуемым видам экономической деятельности,2023,39888.4
35620000,Республика Крым,Красногвардейский муниципальный район,Всего по обследуемым видам экономической деятельности,2024,46661.0
35623000,Республика Крым,Красноперекопский муниципальный район,Всего по обследуемым видам экономической деятельности,2022,28743.7
35623000,Республика Крым,Красноперекопский муниципальный район,Всего по обследуемым видам экономической деятельности,2023,33655.9
35623000,Республика Крым,Красноперекопский муниципальный район,Всего по обследуемым видам экономической деятельности,2024,39347.5
35627000,Республика Крым,Ленинский муниципальный район,Всего по обследуемым видам экономической деятельности,2022,37085.2
35627000,Республика Крым,Ленинский муниципальный район,Всего по обследуемым видам экономической деятельности,2023,40997.3
35627000,Республика Крым,Ленинский муниципальный район,Всего по обследуемым видам экономической деятельности,2024,44962.9
35631000,Республика Крым,Нижнегорский муниципальный район,Всего по обследуемым видам экономической деятельности,2022,34369.6
35631000,Республика Крым,Нижнегорский муниципальный район,Всего по обследуемым видам экономической деятельности,2023,38465.8
35631000,Республика Крым,Нижнегорский муниципальный район,Всего по обследуемым видам экономической деятельности,2024,43568.0
35635000,Республика Крым,Первомайский муниципальный район,Всего по обследуемым видам экономической деятельности,2022,33536.5
35635000,Республика Крым,Первомайский муниципальный район,Всего по обследуемым видам экономической деятельности,2023,38190.8
35635000,Республика Крым,Первомайский муниципальный район,Всего по обследуемым видам экономической деятельности,2024,43956.3
35639000,Республика Крым,Раздольненский муниципальный район,Всего по обследуемым видам экономической деятельности,2022,33700.6
35639000,Республика Крым,Раздольненский муниципальный район,Всего по обследуемым видам экономической деятельности,2023,38371.9
35639000,Республика Крым,Раздольненский муниципальный район,Всего по обследуемым видам экономической деятельности,2024,43729.1
35643000,Республика Крым,Сакский муниципальный район,Всего по обследуемым видам экономической деятельности,2022,38113.0
35643000,Республика Крым,Сакский муниципальный район,Всего по обследуемым видам экономической деятельности,2023,40904.6
35643000,Республика Крым,Сакский муниципальный район,Всего по обследуемым видам экономической деятельности,2024,44302.6
35647000,Республика Крым,Симферопольский муниципальный район,Всего по обследуемым видам экономической деятельности,2022,38083.0
35647000,Республика Крым,Симферопольский муниципальный район,Всего по обследуемым видам экономической деятельности,2023,42951.0
35647000,Республика Крым,Симферопольский муниципальный район,Всего по обследуемым видам экономической деятельности,2024,50987.7
35652000,Республика Крым,Советский муниципальный район,Всего по обследуемым видам экономической деятельности,2022,33188.0
35652000,Республика Крым,Советский муниципальный район,Всего по обследуемым видам экономической деятельности,2023,38138.5
35652000,Республика Крым,Советский муниципальный район,Всего по обследуемым видам экономической деятельности,2024,43106.9
35656000,Республика Крым,Черноморский муниципальный район,Всего по обследуемым видам экономической деятельности,2022,48288.8
35656000,Республика Крым,Черноморский муниципальный район,Всего по обследуемым видам экономической деятельности,2023,45130.5
35656000,Республика Крым,Черноморский муниципальный район,Всего по обследуемым видам экономической деятельности,2024,52542.3
35701000,Республика Крым,Симферополь,Всего по обследуемым видам экономической деятельности,2022,52333.3
35701000,Республика Крым,Симферополь,Всего по обследуемым видам экономической деятельности,2023,59612.2
35701000,Республика Крым,Симферополь,Всего по обследуемым видам экономической деятельности,2024,69728.7
35703000,Республика Крым,Алушта,Всего по обследуемым видам экономической деятельности,2022,39630.6
35703000,Республика Крым,Алушта,Всего по обследуемым видам экономической деятельности,2023,43585.7
35703000,Республика Крым,Алушта,Всего по обследуемым видам экономической деятельности,2024,50999.8
35706000,Республика Крым,Армянск,Всего по обследуемым видам экономической деятельности,2022,39654.0
35706000,Республика Крым,Армянск,Всего по обследуемым видам экономической деятельности,2023,46647.6
35706000,Республика Крым,Армянск,Всего по обследуемым видам экономической деятельности,2024,52175.9
35709000,Республика Крым,Джанкой,Всего по обследуемым видам экономической деятельности,2022,41662.1
35709000,Республика Крым,Джанкой,Всего по обследуемым видам экономической деятельности,2023,48326.5
35709000,Республика Крым,Джанкой,Всего по обследуемым видам экономической деятельности,2024,54093.9
35712000,Республика Крым,Евпатория,Всего по обследуемым видам экономической деятельности,2022,36417.6
35712000,Республика Крым,Евпатория,Всего по обследуемым видам экономической деятельности,2023,40539.5
35712000,Республика Крым,Евпатория,Всего по обследуемым видам экономической деятельности,2024,46308.7
35715000,Республика Крым,Керчь,Всего по обследуемым видам экономической деятельности,2022,40062.1
35715000,Республика Крым,Керчь,Всего по обследуемым видам экономической деятельности,2023,48878.9
35715000,Республика Крым,Керчь,Всего по обследуемым видам экономической деятельности,2024,55808.7
35718000,Республика Крым,Красноперекопск,Всего по обследуемым видам экономической деятельности,2022,39071.1
35718000,Республика Крым,Красноперекопск,Всего по обследуемым видам экономической деятельности,2023,45730.1
35718000,Республика Крым,Красноперекопск,Всего по обследуемым видам экономической деятельности,2024,53202.8
35721000,Республика Крым,Саки,Всего по обследуемым видам экономической деятельности,2022,37784.9
35721000,Республика Крым,Саки,Всего по обследуемым видам экономической деятельности,2023,42737.1
35721000,Республика Крым,Саки,Всего по обследуемым видам экономической деятельности,2024,48857.0
35723000,Республика Крым,Судак,Всего по обследуемым видам экономической деятельности,2022,39573.4
35723000,Республика Крым,Судак,Всего по обследуемым видам экономической деятельности,2023,44549.3
35723000,Республика Крым,Судак,Всего по обследуемым видам экономической деятельности,2024,50732.0
35726000,Республика Крым,Феодосия,Всего по обследуемым видам экономической деятельности,2022,38429.1
35726000,Республика Крым,Феодосия,Всего по обследуемым видам экономической деятельности,2023,42433.1
35726000,Республика Крым,Феодосия,Всего по обследуемым видам экономической деятельности,2024,48989.9
35729000,Республика Крым,Ялта,Всего по обследуемым видам экономической деятельности,2022,48788.8
35729000,Республика Крым,Ялта,Всего по обследуемым видам экономической деятельности,2023,54890.6
35729000,Республика Крым,Ялта,Всего по обследуемым видам экономической деятельности,2024,63532.7
36602000,Самарская область,Алексеевский муниципальный район,Всего по обследуемым видам экономической деятельности,2022,37083.4
36602000,Самарская область,Алексеевский муниципальный район,Всего по обследуемым видам экономической деятельности,2023,42225.0
36602000,Самарская область,Алексеевский муниципальный район,Всего по обследуемым видам экономической деятельности,2024,50570.8
36604000,Самарская область,Безенчукский муниципальный район,Всего по обследуемым видам экономической деятельности,2022,42124.7
36604000,Самарская область,Безенчукский муниципальный район,Всего по обследуемым видам экономической деятельности,2023,49182.6
36604000,Самарская область,Безенчукский муниципальный район,Всего по обследуемым видам экономической деятельности,2024,59250.9
36606000,Самарская область,Богатовский муниципальный район,Всего по обследуемым видам экономической деятельности,2022,40492.4
36606000,Самарская область,Богатовский муниципальный район,Всего по обследуемым видам экономической деятельности,2023,44399.6
36606000,Самарская область,Богатовский муниципальный район,Всего по обследуемым видам экономической деятельности,2024,54352.2
36608000,Самарская область,Большеглушицкий муниципальный район,Всего по обследуемым видам экономической деятельности,2022,39980.5
36608000,Самарская область,Большеглушицкий муниципальный район,Всего по обследуемым видам экономической деятельности,2023,44128.0
36608000,Самарская область,Большеглушицкий муниципальный район,Всего по обследуемым видам экономической деятельности,2024,52391.1
36610000,Самарская область,Большечерниговский муниципальный район,Всего по обследуемым видам экономической деятельности,2022,40131.3
36610000,Самарская область,Большечерниговский муниципальный район,Всего по обследуемым видам экономической деятельности,2023,44991.3
36610000,Самарская область,Большечерниговский муниципальный район,Всего по обследуемым видам экономической деятельности,2024,51925.4
36612000,Самарская область,Борский муниципальный район,Всего по обследуемым видам экономической деятельности,2022,36618.4
36612000,Самарская область,Борский муниципальный район,Всего по обследуемым видам экономической деятельности,2023,40190.3
36612000,Самарская область,Борский муниципальный район,Всего по обследуемым видам экономической деятельности,2024,48139.3
36614000,Самарская область,Волжский муниципальный район,Всего по обследуемым видам экономической деятельности,2022,52387.4
36614000,Самарская область,Волжский муниципальный район,Всего по обследуемым видам экономической деятельности,2023,62623.7
36614000,Самарская область,Волжский муниципальный район,Всего по обследуемым видам экономической деятельности,2024,77330.8
36615000,Самарская область,Елховский муниципальный район,Всего по обследуемым видам экономической деятельности,2022,37621.4
36615000,Самарская область,Елховский муниципальный район,Всего по обследуемым видам экономической деятельности,2023,42812.7
36615000,Самарская область,Елховский муниципальный район,Всего по обследуемым видам экономической деятельности,2024,47937.6
36616000,Самарская область,Исаклинский муниципальный район,Всего по обследуемым видам экономической деятельности,2022,34000.8
36616000,Самарская область,Исаклинский муниципальный район,Всего по обследуемым видам экономической деятельности,2023,37799.6
36616000,Самарская область,Исаклинский муниципальный район,Всего по обследуемым видам экономической деятельности,2024,45915.4
36617000,Самарская область,Камышлинский муниципальный район,Всего по обследуемым видам экономической деятельности,2022,35870.2
36617000,Самарская область,Камышлинский муниципальный район,Всего по обследуемым видам экономической деятельности,2023,44155.6
36617000,Самарская область,Камышлинский муниципальный район,Всего по обследуемым видам экономической деятельности,2024,47809.8
36618000,Самарская область,Кинельский муниципальный район,Всего по обследуемым видам экономической деятельности,2022,48209.1
36618000,Самарская область,Кинельский муниципальный район,Всего по обследуемым видам экономической деятельности,2023,57438.8
36618000,Самарская область,Кинельский муниципальный район,Всего по обследуемым видам экономической деятельности,2024,78024.4
36620000,Самарская область,Кинель-Черкасский муниципальный район,Всего по обследуемым видам экономической деятельности,2022,42110.1
36620000,Самарская область,Кинель-Черкасский муниципальный район,Всего по обследуемым видам экономической деятельности,2023,47965.1
36620000,Самарская область,Кинель-Черкасский муниципальный район,Всего по обследуемым видам экономической деятельности,2024,55781.2
36622000,Самарская область,Клявлинский муниципальный район,Всего по обследуемым видам экономической деятельности,2022,37265.1
36622000,Самарская область,Клявлинский муниципальный район,Всего по обследуемым видам экономической деятельности,2023,44425.0
36622000,Самарская область,Клявлинский муниципальный район,Всего по обследуемым видам экономической деятельности,2024,53888.6
36624000,Самарская область,Кошкинский муниципальный район,Всего по обследуемым видам экономической деятельности,2022,38415.4
36624000,Самарская область,Кошкинский муниципальный район,Всего по обследуемым видам экономической деятельности,2023,44997.1
36624000,Самарская область,Кошкинский муниципальный район,Всего по обследуемым видам экономической деятельности,2024,54399.4
36626000,Самарская область,Красноармейский муниципальный район,Всего по обследуемым видам экономической деятельности,2022,40648.0
36626000,Самарская область,Красноармейский муниципальный район,Всего по обследуемым видам экономической деятельности,2023,46489.5
36626000,Самарская область,Красноармейский муниципальный район,Всего по обследуемым видам экономической деятельности,2024,54573.0
36628000,Самарская область,Красноярский муниципальный район,Всего по обследуемым видам экономической деятельности,2022,44186.9
36628000,Самарская область,Красноярский муниципальный район,Всего по обследуемым видам экономической деятельности,2023,55120.9
36628000,Самарская область,Красноярский муниципальный район,Всего по обследуемым видам экономической деятельности,2024,68328.3
36630000,Самарская область,Нефтегорский муниципальный район,Всего по обследуемым видам экономической деятельности,2022,39027.3
36630000,Самарская область,Нефтегорский муниципальный район,Всего по обследуемым видам экономической деятельности,2023,45902.8
36630000,Самарская область,Нефтегорский муниципальный район,Всего по обследуемым видам экономической деятельности,2024,56101.5
36632000,Самарская область,Пестравский муниципальный район,Всего по обследуемым видам экономической деятельности,2022,41409.2
36632000,Самарская область,Пестравский муниципальный район,Всего по обследуемым видам экономической деятельности,2023,49520.2
36632000,Самарская область,Пестравский муниципальный район,Всего по обследуемым видам экономической деятельности,2024,57468.2
36634000,Самарская область,Похвистневский муниципальный район,Всего по обследуемым видам экономической деятельности,2022,37192.2
36634000,Самарская область,Похвистневский муниципальный район,Всего по обследуемым видам экономической деятельности,2023,40462.9
36634000,Самарская область,Похвистневский муниципальный район,Всего по обследуемым видам экономической деятельности,2024,49082.1
36636000,Самарская область,Приволжский муниципальный район,Всего по обследуемым видам экономической деятельности,2022,37424.5
36636000,Самарская область,Приволжский муниципальный район,Всего по обследуемым видам экономической деятельности,2023,41899.9
36636000,Самарская область,Приволжский муниципальный район,Всего по обследуемым видам экономической деятельности,2024,49714.2
36638000,Самарская область,Сергиевский муниципальный район,Всего по обследуемым видам экономической деятельности,2022,49957.5
36638000,Самарская область,Сергиевский муниципальный район,Всего по обследуемым видам экономической деятельности,2023,58162.0
36638000,Самарская область,Сергиевский муниципальный район,Всего по обследуемым видам экономической деятельности,2024,71418.9
36640000,Самарская область,Ставропольский муниципальный район,Всего по обследуемым видам экономической деятельности,2022,49517.5
36640000,Самарская область,Ставропольский муниципальный район,Всего по обследуемым видам экономической деятельности,2023,58785.2
36640000,Самарская область,Ставропольский муниципальный район,Всего по обследуемым видам экономической деятельности,2024,67602.8
36642000,Самарская область,Сызранский муниципальный район,Всего по обследуемым видам экономической деятельности,2022,42305.8
36642000,Самарская область,Сызранский муниципальный район,Всего по обследуемым видам экономической деятельности,2023,47508.4
36642000,Самарская область,Сызранский муниципальный район,Всего по обследуемым видам экономической деятельности,2024,56574.0
36644000,Самарская область,Хворостянский муниципальный район,Всего по обследуемым видам экономической деятельности,2022,38209.8
36644000,Самарская область,Хворостянский муниципальный район,Всего по обследуемым видам экономической деятельности,2023,44332.4
36644000,Самарская область,Хворостянский муниципальный район,Всего по обследуемым видам экономической деятельности,2024,52156.5
36646000,Самарская область,Челно-Вершинский муниципальный район,Всего по обследуемым видам экономической деятельности,2022,35474.7
36646000,Самарская область,Челно-Вершинский муниципальный район,Всего по обследуемым видам экономической деятельности,2023,40471.9
36646000,Самарская область,Челно-Вершинский муниципальный район,Всего по обследуемым видам экономической деятельности,2024,48023.3
36648000,Самарская область,Шенталинский муниципальный район,Всего по обследуемым видам экономической деятельности,2022,35445.5
36648000,Самарская область,Шенталинский муниципальный район,Всего по обследуемым видам экономической деятельности,2023,41690.0
36648000,Самарская область,Шенталинский муниципальный район,Всего по обследуемым видам экономической деятельности,2024,49451.8
36650000,Самарская область,Шигонский муниципальный район,Всего по обследуемым видам экономической деятельности,2022,52576.1
36650000,Самарская область,Шигонский муниципальный район,Всего по обследуемым видам экономической деятельности,2023,52768.8
36650000,Самарская область,Шигонский муниципальный район,Всего по обследуемым видам экономической деятельности,2024,56364.0
36701000,Самарская область,Самара,Всего по обследуемым видам экономической деятельности,2022,59500.3
36701000,Самарская область,Самара,Всего по обследуемым видам экономической деятельности,2023,69148.7
36701000,Самарская область,Самара,Всего по обследуемым видам экономической деятельности,2024,81323.7
36704000,Самарская область,Жигулевск,Всего по обследуемым видам экономической деятельности,2022,45287.9
36704000,Самарская область,Жигулевск,Всего по обследуемым видам экономической деятельности,2023,51977.0
36704000,Самарская область,Жигулевск,Всего по обследуемым видам экономической деятельности,2024,64428.7
36708000,Самарская область,Кинель,Всего по обследуемым видам экономической деятельности,2022,45539.7
36708000,Самарская область,Кинель,Всего по обследуемым видам экономической деятельности,2023,51658.9
36708000,Самарская область,Кинель,Всего по обследуемым видам экономической деятельности,2024,61842.5
36713000,Самарская область,Новокуйбышевск,Всего по обследуемым видам экономической деятельности,2022,54102.2
36713000,Самарская область,Новокуйбышевск,Всего по обследуемым видам экономической деятельности,2023,59934.7
36713000,Самарская область,Новокуйбышевск,Всего по обследуемым видам экономической деятельности,2024,70807.1
36718000,Самарская область,Октябрьск,Всего по обследуемым видам экономической деятельности,2022,46146.5
36718000,Самарская область,Октябрьск,Всего по обследуемым видам экономической деятельности,2023,54241.1
36718000,Самарская область,Октябрьск,Всего по обследуемым видам экономической деятельности,2024,63239.0
36724000,Самарская область,Отрадный,Всего по обследуемым видам экономической деятельности,2022,56451.9
36724000,Самарская область,Отрадный,Всего по обследуемым видам экономической деятельности,2023,64203.6
36724000,Самарская область,Отрадный,Всего по обследуемым видам экономической деятельности,2024,76578.3
36727000,Самарская область,Похвистнево,Всего по обследуемым видам экономической деятельности,2022,42075.6
36727000,Самарская область,Похвистнево,Всего по обследуемым видам экономической деятельности,2023,47933.0
36727000,Самарская область,Похвистнево,Всего по обследуемым видам экономической деятельности,2024,55675.2
36735000,Самарская область,Сызрань,Всего по обследуемым видам экономической деятельности,2022,46671.6
36735000,Самарская область,Сызрань,Всего по обследуемым видам экономической деятельности,2023,54529.4
36735000,Самарская область,Сызрань,Всего по обследуемым видам экономической деятельности,2024,66408.0
36740000,Самарская область,Тольятти,Всего по обследуемым видам экономической деятельности,2022,50936.3
36740000,Самарская область,Тольятти,Всего по обследуемым видам экономической деятельности,2023,62133.1
36740000,Самарская область,Тольятти,Всего по обследуемым видам экономической деятельности,2024,81044.6
36750000,Самарская область,Чапаевск,Всего по обследуемым видам экономической деятельности,2022,40255.6
36750000,Самарская область,Чапаевск,Всего по обследуемым видам экономической деятельности,2023,50026.6
36750000,Самарская область,Чапаевск,Всего по обследуемым видам экономической деятельности,2024,64958.3
37502000,Курганская область,Альменевский муниципальный округ,Всего по обследуемым видам экономической деятельности,2022,30829.6
37502000,Курганская область,Альменевский муниципальный округ,Всего по обследуемым видам экономической деятельности,2023,35249.4
37502000,Курганская область,Альменевский муниципальный округ,Всего по обследуемым видам экономической деятельности,2024,45029.1
37504000,Курганская область,Белозерский муниципальный округ,Всего по обследуемым видам экономической деятельности,2023,37578.6
37504000,Курганская область,Белозерский муниципальный округ,Всего по обследуемым видам экономической деятельности,2024,46685.9
37506000,Курганская область,Варгашинский муниципальный округ,Всего по обследуемым видам экономической деятельности,2024,55881.0
37508000,Курганская область,Далматовский муниципальный округ,Всего по обследуемым видам экономической деятельности,2024,58179.8
37509000,Курганская область,Звериноголовский муниципальный округ,Всего по обследуемым видам экономической деятельности,2023,33807.4
37509000,Курганская область,Звериноголовский муниципальный округ,Всего по обследуемым видам экономической деятельности,2024,43140.4
37510000,Курганская область,Каргапольский муниципальный округ,Всего по обследуемым видам экономической деятельности,2023,41304.0
37510000,Курганская область,Каргапольский муниципальный округ,Всего по обследуемым видам экономической деятельности,2024,51130.4
37512000,Курганская область,Катайский муниципальный округ,Всего по обследуемым видам экономической деятельности,2024,51186.3
37514000,Курганская область,Кетовский муниципальный округ,Всего по обследуемым видам экономической деятельности,2023,39448.0
37514000,Курганская область,Кетовский муниципальный округ,Всего по обследуемым видам экономической деятельности,2024,50279.4
37516000,Курганская область,Куртамышский муниципальный округ,Всего по обследуемым видам экономической деятельности,2022,33712.2
37516000,Курганская область,Куртамышский муниципальный округ,Всего по обследуемым видам экономической деятельности,2023,38512.8
37516000,Курганская область,Куртамышский муниципальный округ,Всего по обследуемым видам экономической деятельности,2024,48743.6
37518000,Курганская область,Лебяжьевский муниципальный округ,Всего по обследуемым видам экономической деятельности,2022,33049.2
37518000,Курганская область,Лебяжьевский муниципальный округ,Всего по обследуемым видам экономической деятельности,2023,38072.7
37518000,Курганская область,Лебяжьевский муниципальный округ,Всего по обследуемым видам экономической деятельности,2024,47412.1
37520000,Курганская область,Макушинский муниципальный округ,Всего по обследуемым видам экономической деятельности,2022,37985.3
37520000,Курганская область,Макушинский муниципальный округ,Всего по обследуемым видам экономической деятельности,2023,43644.1
37520000,Курганская область,Макушинский муниципальный округ,Всего по обследуемым видам экономической деятельности,2024,54038.3
37522000,Курганская область,Мишкинский муниципальный округ,Всего по обследуемым видам экономической деятельности,2023,39381.4
37522000,Курганская область,Мишкинский муниципальный округ,Всего по обследуемым видам экономической деятельности,2024,49546.9
37524000,Курганская область,Мокроусовский муниципальный округ,Всего по обследуемым видам экономической деятельности,2023,35697.1
37524000,Курганская область,Мокроусовский муниципальный округ,Всего по обследуемым видам экономической деятельности,2024,45432.5
37526000,Курганская область,Петуховский муниципальный округ,Всего по обследуемым видам экономической деятельности,2022,34399.6
37526000,Курганская область,Петуховский муниципальный округ,Всего по обследуемым видам экономической деятельности,2023,39253.0
37526000,Курганская область,Петуховский муниципальный округ,Всего по обследуемым видам экономической деятельности,2024,48003.8
37528000,Курганская область,Половинский муниципальный округ,Всего по обследуемым видам экономической деятельности,2023,35896.8
37528000,Курганская область,Половинский муниципальный округ,Всего по обследуемым видам экономической деятельности,2024,45206.2
37530000,Курганская область,Притобольный муниципальный округ,Всего по обследуемым видам экономической деятельности,2024,49686.9
37532000,Курганская область,Сафакулевский муниципальный округ,Всего по обследуемым видам экономической деятельности,2023,33796.7
37532000,Курганская область,Сафакулевский муниципальный округ,Всего по обследуемым видам экономической деятельности,2024,44629.8
37534000,Курганская область,Целинный муниципальный округ,Всего по обследуемым видам экономической деятельности,2022,30884.5
37534000,Курганская область,Целинный муниципальный округ,Всего по обследуемым видам экономической деятельности,2023,34903.4
37534000,Курганская область,Целинный муниципальный округ,Всего по обследуемым видам экономической деятельности,2024,43999.1
37536000,Курганская область,Частоозерский муниципальный округ,Всего по обследуемым видам экономической деятельности,2023,36129.4
37536000,Курганская область,Частоозерский муниципальный округ,Всего по обследуемым видам экономической деятельности,2024,45036.5
37538000,Курганская область,Шадринский муниципальный округ,Всего по обследуемым видам экономической деятельности,2023,36537.8
37538000,Курганская область,Шадринский муниципальный округ,Всего по обследуемым видам экономической деятельности,2024,47294.7
37540000,Курганская область,Шатровский муниципальный округ,Всего по обследуемым видам экономической деятельности,2022,33190.8
37540000,Курганская область,Шатровский муниципальный округ,Всего по обследуемым видам экономической деятельности,2023,35430.6
37540000,Курганская область,Шатровский муниципальный округ,Всего по обследуемым видам экономической деятельности,2024,43750.6
37542000,Курганская область,Шумихинский муниципальный округ,Всего по обследуемым видам экономической деятельности,2022,37751.6
37542000,Курганская область,Шумихинский муниципальный округ,Всего по обследуемым видам экономической деятельности,2023,44076.2
37542000,Курганская область,Шумихинский муниципальный округ,Всего по обследуемым видам экономической деятельности,2024,53181.2
37544000,Курганская область,Щучанский муниципальный округ,Всего по обследуемым видам экономической деятельности,2023,43147.6
37544000,Курганская область,Щучанский муниципальный округ,Всего по обследуемым видам экономической деятельности,2024,55419.1
37546000,Курганская область,Юргамышский муниципальный округ,Всего по обследуемым видам экономической деятельности,2023,49800.6
37546000,Курганская область,Юргамышский муниципальный округ,Всего по обследуемым видам экономической деятельности,2024,60492.6
37604000,Курганская область,Белозерский муниципальный район,Всего по обследуемым видам экономической деятельности,2022,33679.4
37606000,Курганская область,Варгашинский муниципальный район,Всего по обследуемым видам экономической деятельности,2022,39088.0
37606000,Курганская область,Варгашинский муниципальный район,Всего по обследуемым видам экономической деятельности,2023,45596.3
37608000,Курганская область,Далматовский муниципальный район,Всего по обследуемым видам экономической деятельности,2022,41053.8
37608000,Курганская область,Далматовский муниципальный район,Всего по обследуемым видам экономической деятельности,2023,48041.3
37609000,Курганская область,Звериноголовский муниципальный район,Всего по обследуемым видам экономической деятельности,2022,28719.2
37610000,Курганская область,Каргапольский муниципальный район,Всего по обследуемым видам экономической деятельности,2022,35840.8
37612000,Курганская область,Катайский муниципальный район,Всего по обследуемым видам экономической деятельности,2022,34955.3
37612000,Курганская область,Катайский муниципальный район,Всего по обследуемым видам экономической деятельности,2023,41386.8
37614000,Курганская область,Кетовский муниципальный район,Всего по обследуемым видам экономической деятельности,2022,33067.5
37622000,Курганская область,Мишкинский муниципальный район,Всего по обследуемым видам экономической деятельности,2022,34433.7
37624000,Курганская область,Мокроусовский муниципальный район,Всего по обследуемым видам экономической деятельности,2022,31322.7
37628000,Курганская область,Половинский муниципальный район,Всего по обследуемым видам экономической деятельности,2022,30370.9
37630000,Курганская область,Притобольный муниципальный район,Всего по обследуемым видам экономической деятельности,2022,32749.6
37630000,Курганская область,Притобольный муниципальный район,Всего по обследуемым видам экономической деятельности,2023,39295.2
37632000,Курганская область,Сафакулевский муниципальный район,Всего по обследуемым видам экономической деятельности,2022,29699.6
37636000,Курганская область,Частоозерский муниципальный район,Всего по обследуемым видам экономической деятельности,2022,32624.7
37638000,Курганская область,Шадринский муниципальный район,Всего по обследуемым видам экономической деятельности,2022,32087.6
37644000,Курганская область,Щучанский муниципальный район,Всего по обследуемым видам экономической деятельности,2022,37049.4
37646000,Курганская область,Юргамышский муниципальный район,Всего по обследуемым видам экономической деятельности,2022,42654.2
37701000,Курганская область,Город Курган,Всего по обследуемым видам экономической деятельности,2022,48835.4
37701000,Курганская область,Город Курган,Всего по обследуемым видам экономической деятельности,2023,60705.4
37701000,Курганская область,Город Курган,Всего по обследуемым видам экономической деятельности,2024,75790.7
37705000,Курганская область,Город Шадринск,Всего по обследуемым видам экономической деятельности,2022,43480.0
37705000,Курганская область,Город Шадринск,Всего по обследуемым видам экономической деятельности,2023,52654.7
37705000,Курганская область,Город Шадринск,Всего по обследуемым видам экономической деятельности,2024,64595.2
38602000,Курская область,Беловский муниципальный район,Всего по обследуемым видам экономической деятельности,2022,37249.3
38602000,Курская область,Беловский муниципальный район,Всего по обследуемым видам экономической деятельности,2023,44000.1
38602000,Курская область,Беловский муниципальный район,Всего по обследуемым видам экономической деятельности,2024,51558.6
38603000,Курская область,Большесолдатский муниципальный район,Всего по обследуемым видам экономической деятельности,2022,41424.4
38603000,Курская область,Большесолдатский муниципальный район,Всего по обследуемым видам экономической деятельности,2023,47836.6
38603000,Курская область,Большесолдатский муниципальный район,Всего по обследуемым видам экономической деятельности,2024,61769.3
38604000,Курская область,Глушковский муниципальный район,Всего по обследуемым видам экономической деятельности,2022,34765.8
38604000,Курская область,Глушковский муниципальный район,Всего по обследуемым видам экономической деятельности,2023,39233.0
38604000,Курская область,Глушковский муниципальный район,Всего по обследуемым видам экономической деятельности,2024,42421.7
38606000,Курская область,Горшеченский муниципальный район,Всего по обследуемым видам экономической деятельности,2022,43477.1
38606000,Курская область,Горшеченский муниципальный район,Всего по обследуемым видам экономической деятельности,2023,48874.6
38606000,Курская область,Горшеченский муниципальный район,Всего по обследуемым видам экономической деятельности,2024,60279.5
38608000,Курская область,Дмитриевский муниципальный район,Всего по обследуемым видам экономической деятельности,2022,38782.2
38608000,Курская область,Дмитриевский муниципальный район,Всего по обследуемым видам экономической деятельности,2023,46750.2
38608000,Курская область,Дмитриевский муниципальный район,Всего по обследуемым видам экономической деятельности,2024,55800.8
38610000,Курская область,Железногорский муниципальный район,Всего по обследуемым видам экономической деятельности,2022,46849.5
38610000,Курская область,Железногорский муниципальный район,Всего по обследуемым видам экономической деятельности,2023,51740.4
38610000,Курская область,Железногорский муниципальный район,Всего по обследуемым видам экономической деятельности,2024,65028.8
38612000,Курская область,Золотухинский муниципальный район,Всего по обследуемым видам экономической деятельности,2022,39136.8
38612000,Курская область,Золотухинский муниципальный район,Всего по обследуемым видам экономической деятельности,2023,45492.8
38612000,Курская область,Золотухинский муниципальный район,Всего по обследуемым видам экономической деятельности,2024,54848.0
38614000,Курская область,Касторенский муниципальный район,Всего по обследуемым видам экономической деятельности,2022,44117.6
38614000,Курская область,Касторенский муниципальный район,Всего по обследуемым видам экономической деятельности,2023,52252.4
38614000,Курская область,Касторенский муниципальный район,Всего по обследуемым видам экономической деятельности,2024,63248.3
38616000,Курская область,Конышевский муниципальный район,Всего по обследуемым видам экономической деятельности,2022,42889.8
38616000,Курская область,Конышевский муниципальный район,Всего по обследуемым видам экономической деятельности,2023,50028.8
38616000,Курская область,Конышевский муниципальный район,Всего по обследуемым видам экономической деятельности,2024,64882.3
38618000,Курская область,Кореневский муниципальный район,Всего по обследуемым видам экономической деятельности,2022,39561.1
38618000,Курская область,Кореневский муниципальный район,Всего по обследуемым видам экономической деятельности,2023,46531.9
38618000,Курская область,Кореневский муниципальный район,Всего по обследуемым видам экономической деятельности,2024,50457.9
38620000,Курская область,Курский муниципальный район,Всего по обследуемым видам экономической деятельности,2022,43508.0
38620000,Курская область,Курский муниципальный район,Всего по обследуемым видам экономической деятельности,2023,50314.6
38620000,Курская область,Курский муниципальный район,Всего по обследуемым видам экономической деятельности,2024,61704.4
38621000,Курская область,Курчатовский муниципальный район,Всего по обследуемым видам экономической деятельности,2022,41976.7
38621000,Курская область,Курчатовский муниципальный район,Всего по обследуемым видам экономической деятельности,2023,47434.5
38621000,Курская область,Курчатовский муниципальный район,Всего по обследуемым видам экономической деятельности,2024,57495.6
38622000,Курская область,Льговский муниципальный район,Всего по обследуемым видам экономической деятельности,2022,32403.8
38622000,Курская область,Льговский муниципальный район,Всего по обследуемым видам экономической деятельности,2023,38384.8
38622000,Курская область,Льговский муниципальный район,Всего по обследуемым видам экономической деятельности,2024,44040.9
38623000,Курская область,Мантуровский муниципальный район,Всего по обследуемым видам экономической деятельности,2022,47658.1
38623000,Курская область,Мантуровский муниципальный район,Всего по обследуемым видам экономической деятельности,2023,55850.6
38623000,Курская область,Мантуровский муниципальный район,Всего по обследуемым видам экономической деятельности,2024,63897.2
38624000,Курская область,Медвенский муниципальный район,Всего по обследуемым видам экономической деятельности,2022,52681.9
38624000,Курская область,Медвенский муниципальный район,Всего по обследуемым видам экономической деятельности,2023,59054.0
38624000,Курская область,Медвенский муниципальный район,Всего по обследуемым видам экономической деятельности,2024,66342.9
38626000,Курская область,Обоянский муниципальный район,Всего по обследуемым видам экономической деятельности,2022,38919.6
38626000,Курская область,Обоянский муниципальный район,Всего по обследуемым видам экономической деятельности,2023,43627.0
38626000,Курская область,Обоянский муниципальный район,Всего по обследуемым видам экономической деятельности,2024,50362.2
38628000,Курская область,Октябрьский муниципальный район,Всего по обследуемым видам экономической деятельности,2022,47622.8
38628000,Курская область,Октябрьский муниципальный район,Всего по обследуемым видам экономической деятельности,2023,55589.9
38628000,Курская область,Октябрьский муниципальный район,Всего по обследуемым видам экономической деятельности,2024,72054.3
38630000,Курская область,Поныровский муниципальный район,Всего по обследуемым видам экономической деятельности,2022,35151.8
38630000,Курская область,Поныровский муниципальный район,Всего по обследуемым видам экономической деятельности,2023,40530.7
38630000,Курская область,Поныровский муниципальный район,Всего по обследуемым видам экономической деятельности,2024,47763.1
38632000,Курская область,Пристенский муниципальный район,Всего по обследуемым видам экономической деятельности,2022,43348.6
38632000,Курская область,Пристенский муниципальный район,Всего по обследуемым видам экономической деятельности,2023,50812.2
38632000,Курская область,Пристенский муниципальный район,Всего по обследуемым видам экономической деятельности,2024,60146.0
38634000,Курская область,Рыльский муниципальный район,Всего по обследуемым видам экономической деятельности,2022,37957.9
38634000,Курская область,Рыльский муниципальный район,Всего по обследуемым видам экономической деятельности,2023,42265.9
38634000,Курская область,Рыльский муниципальный район,Всего по обследуемым видам экономической деятельности,2024,48580.7
38636000,Курская область,Советский муниципальный район,Всего по обследуемым видам экономической деятельности,2022,40405.9
38636000,Курская область,Советский муниципальный район,Всего по обследуемым видам экономической деятельности,2023,48003.1
38636000,Курская область,Советский муниципальный район,Всего по обследуемым видам экономической деятельности,2024,56518.5
38638000,Курская область,Солнцевский муниципальный район,Всего по обследуемым видам экономической деятельности,2022,37146.6
38638000,Курская область,Солнцевский муниципальный район,Всего по обследуемым видам экономической деятельности,2023,43261.0
38638000,Курская область,Солнцевский муниципальный район,Всего по обследуемым видам экономической деятельности,2024,50897.4
38640000,Курская область,Суджанский муниципальный район,Всего по обследуемым видам экономической деятельности,2022,41463.3
38640000,Курская область,Суджанский муниципальный район,Всего по обследуемым видам экономической деятельности,2023,48421.9
38640000,Курская область,Суджанский муниципальный район,Всего по обследуемым видам экономической деятельности,2024,51851.1
38642000,Курская область,Тимский муниципальный район,Всего по обследуемым видам экономической деятельности,2022,35986.6
38642000,Курская область,Тимский муниципальный район,Всего по обследуемым видам экономической деятельности,2023,40096.6
38642000,Курская область,Тимский муниципальный район,Всего по обследуемым видам экономической деятельности,2024,46139.2
38644000,Курская область,Фатежский муниципальный район,Всего по обследуемым видам экономической деятельности,2022,42006.5
38644000,Курская область,Фатежский муниципальный район,Всего по обследуемым видам экономической деятельности,2023,47443.1
38644000,Курская область,Фатежский муниципальный район,Всего по обследуемым видам экономической деятельности,2024,57253.9
38646000,Курская область,Хомутовский муниципальный район,Всего по обследуемым видам экономической деятельности,2022,36940.7
38646000,Курская область,Хомутовский муниципальный район,Всего по обследуемым видам экономической деятельности,2023,42300.2
38646000,Курская область,Хомутовский муниципальный район,Всего по обследуемым видам экономической деятельности,2024,49609.6
38648000,Курская область,Черемисиновский муниципальный район,Всего по обследуемым видам экономической деятельности,2022,39878.9
38648000,Курская область,Черемисиновский муниципальный район,Всего по обследуемым видам экономической деятельности,2023,43770.3
38648000,Курская область,Черемисиновский муниципальный район,Всего по обследуемым видам экономической деятельности,2024,50305.1
38650000,Курская область,Щигровский муниципальный район,Всего по обследуемым видам экономической деятельности,2022,43352.1
38650000,Курская область,Щигровский муниципальный район,Всего по обследуемым видам экономической деятельности,2023,50410.5
38650000,Курская область,Щигровский муниципальный район,Всего по обследуемым видам экономической деятельности,2024,57677.1
38701000,Курская область,Город Курск,Всего по обследуемым видам экономической деятельности,2022,47271.1
38701000,Курская область,Город Курск,Всего по обследуемым видам экономической деятельности,2023,55159.0
38701000,Курская область,Город Курск,Всего по обследуемым видам экономической деятельности,2024,65058.2
38705000,Курская область,Город Железногорск,Всего по обследуемым видам экономической деятельности,2022,51956.8
38705000,Курская область,Город Железногорск,Всего по обследуемым видам экономической деятельности,2023,57442.6
38705000,Курская область,Город Железногорск,Всего по обследуемым видам экономической деятельности,2024,76216.8
38708000,Курская область,Город Курчатов,Всего по обследуемым видам экономической деятельности,2022,73717.9
38708000,Курская область,Город Курчатов,Всего по обследуемым видам экономической деятельности,2023,86659.9
38708000,Курская область,Город Курчатов,Всего по обследуемым видам экономической деятельности,2024,106753.2
38710000,Курская область,Город Льгов,Всего по обследуемым видам экономической деятельности,2022,36083.1
38710000,Курская область,Город Льгов,Всего по обследуемым видам экономической деятельности,2023,41923.5
38710000,Курская область,Город Льгов,Всего по обследуемым видам экономической деятельности,2024,50705.9
38715000,Курская область,Город Щигры,Всего по обследуемым видам экономической деятельности,2022,36728.1
38715000,Курская область,Город Щигры,Всего по обследуемым видам экономической деятельности,2023,41079.2
38715000,Курская область,Город Щигры,Всего по обследуемым видам экономической деятельности,2024,47151.8
40000000,Санкт-Петербург,Муниципальные образования города федерального значения Санкт-Петербурга,Всего по обследуемым видам экономической деятельности,2022,100529.0
40000000,Санкт-Петербург,Муниципальные образования города федерального значения Санкт-Петербурга,Всего по обследуемым видам экономической деятельности,2023,112780.1
40000000,Санкт-Петербург,Муниципальные образования города федерального значения Санкт-Петербурга,Всего по обследуемым видам экономической деятельности,2024,130654.1
40300000,Санкт-Петербург,Внутригородские муниципальные образования города федерального значения Санкт-Петербурга (см. также 40 900 000),Всего по обследуемым видам экономической деятельности,2022,109126.3
40300000,Санкт-Петербург,Внутригородские муниципальные образования города федерального значения Санкт-Петербурга (см. также 40 900 000),Всего по обследуемым видам экономической деятельности,2023,133104.4
40301000,Санкт-Петербург,Муниципальный округ Коломна,Всего по обследуемым видам экономической деятельности,2022,87351.4
40301000,Санкт-Петербург,Муниципальный округ Коломна,Всего по обследуемым видам экономической деятельности,2023,96012.4
40301000,Санкт-Петербург,Муниципальный округ Коломна,Всего по обследуемым видам экономической деятельности,2024,108102.7
40302000,Санкт-Петербург,Муниципальный округ Сенной округ,Всего по обследуемым видам экономической деятельности,2022,107864.7
40302000,Санкт-Петербург,Муниципальный округ Сенной округ,Всего по обследуемым видам экономической деятельности,2023,124518.4
40302000,Санкт-Петербург,Муниципальный округ Сенной округ,Всего по обследуемым видам экономической деятельности,2024,161058.2
40303000,Санкт-Петербург,Муниципальный округ Адмиралтейский округ,Всего по обследуемым видам экономической деятельности,2022,127045.0
40303000,Санкт-Петербург,Муниципальный округ Адмиралтейский округ,Всего по обследуемым видам экономической деятельности,2023,143223.4
40303000,Санкт-Петербург,Муниципальный округ Адмиралтейский округ,Всего по обследуемым видам экономической деятельности,2024,173598.5
40304000,Санкт-Петербург,Муниципальный округ Семеновский,Всего по обследуемым видам экономической деятельности,2022,99088.5
40304000,Санкт-Петербург,Муниципальный округ Семеновский,Всего по обследуемым видам экономической деятельности,2023,108807.3
40304000,Санкт-Петербург,Муниципальный округ Семеновский,Всего по обследуемым видам экономической деятельности,2024,121453.5
40305000,Санкт-Петербург,Муниципальный округ Измайловское,Всего по обследуемым видам экономической деятельности,2022,80467.6
40305000,Санкт-Петербург,Муниципальный округ Измайловское,Всего по обследуемым видам экономической деятельности,2023,90000.5
40305000,Санкт-Петербург,Муниципальный округ Измайловское,Всего по обследуемым видам экономической деятельности,2024,101555.8
40306000,Санкт-Петербург,Муниципальный округ Екатерингофский,Всего по обследуемым видам экономической деятельности,2022,98449.5
40306000,Санкт-Петербург,Муниципальный округ Екатерингофский,Всего по обследуемым видам экономической деятельности,2023,107140.2
40306000,Санкт-Петербург,Муниципальный округ Екатерингофский,Всего по обследуемым видам экономической деятельности,2024,125997.2
40307000,Санкт-Петербург,Муниципальный округ № 7,Всего по обследуемым видам экономической деятельности,2022,113463.4
40307000,Санкт-Петербург,Муниципальный округ № 7,Всего по обследуемым видам экономической деятельности,2023,117201.5
40307000,Санкт-Петербург,Муниципальный округ № 7,Всего по обследуемым видам экономической деятельности,2024,134158.9
40308000,Санкт-Петербург,Муниципальный округ Васильевский,Всего по обследуемым видам экономической деятельности,2022,104468.7
40308000,Санкт-Петербург,Муниципальный округ Васильевский,Всего по обследуемым видам экономической деятельности,2023,114321.0
40308000,Санкт-Петербург,Муниципальный округ Васильевский,Всего по обследуемым видам экономической деятельности,2024,134399.1
40309000,Санкт-Петербург,Муниципальный округ Гавань,Всего по обследуемым видам экономической деятельности,2022,133102.3
40309000,Санкт-Петербург,Муниципальный округ Гавань,Всего по обследуемым видам экономической деятельности,2023,156137.4
40309000,Санкт-Петербург,Муниципальный округ Гавань,Всего по обследуемым видам экономической деятельности,2024,184908.8
40310000,Санкт-Петербург,Муниципальный округ Морской,Всего по обследуемым видам экономической деятельности,2022,91544.6
40310000,Санкт-Петербург,Муниципальный округ Морской,Всего по обследуемым видам экономической деятельности,2023,110451.6
40310000,Санкт-Петербург,Муниципальный округ Морской,Всего по обследуемым видам экономической деятельности,2024,128388.0
40311000,Санкт-Петербург,Муниципальный округ Остров Декабристов,Всего по обследуемым видам экономической деятельности,2022,106274.8
40311000,Санкт-Петербург,Муниципальный округ Остров Декабристов,Всего по обследуемым видам экономической деятельности,2023,128834.7
40311000,Санкт-Петербург,Муниципальный округ Остров Декабристов,Всего по обследуемым видам экономической деятельности,2024,151689.0
40312000,Санкт-Петербург,Поселок Левашово,Всего по обследуемым видам экономической деятельности,2022,97074.9
40312000,Санкт-Петербург,Поселок Левашово,Всего по обследуемым видам экономической деятельности,2023,110715.7
40312000,Санкт-Петербург,Поселок Левашово,Всего по обследуемым видам экономической деятельности,2024,125672.2
40313000,Санкт-Петербург,Поселок Парголово,Всего по обследуемым видам экономической деятельности,2022,74550.9
40313000,Санкт-Петербург,Поселок Парголово,Всего по обследуемым видам экономической деятельности,2023,86729.3
40313000,Санкт-Петербург,Поселок Парголово,Всего по обследуемым видам экономической деятельности,2024,106082.5
40314000,Санкт-Петербург,Муниципальный округ Сампсониевское,Всего по обследуемым видам экономической деятельности,2022,106308.0
40314000,Санкт-Петербург,Муниципальный округ Сампсониевское,Всего по обследуемым видам экономической деятельности,2023,120649.1
40314000,Санкт-Петербург,Муниципальный округ Сампсониевское,Всего по обследуемым видам экономической деятельности,2024,134530.3
40315000,Санкт-Петербург,Муниципальный округ Светлановское,Всего по обследуемым видам экономической деятельности,2022,90506.5
40315000,Санкт-Петербург,Муниципальный округ Светлановское,Всего по обследуемым видам экономической деятельности,2023,102331.3
40315000,Санкт-Петербург,Муниципальный округ Светлановское,Всего по обследуемым видам экономической деятельности,2024,114557.0
40316000,Санкт-Петербург,Муниципальный округ Сосновское,Всего по обследуемым видам экономической деятельности,2022,87432.2
40316000,Санкт-Петербург,Муниципальный округ Сосновское,Всего по обследуемым видам экономической деятельности,2023,97151.9
40316000,Санкт-Петербург,Муниципальный округ Сосновское,Всего по обследуемым видам экономической деятельности,2024,109650.5
40317000,Санкт-Петербург,Муниципальный округ № 15,Всего по обследуемым видам экономической деятельности,2022,90246.8
40317000,Санкт-Петербург,Муниципальный округ № 15,Всего по обследуемым видам экономической деятельности,2023,95064.4
40317000,Санкт-Петербург,Муниципальный округ № 15,Всего по обследуемым видам экономической деятельности,2024,105497.0
40318000,Санкт-Петербург,Муниципальный округ Сергиевское,Всего по обследуемым видам экономической деятельности,2022,89004.5
40318000,Санкт-Петербург,Муниципальный округ Сергиевское,Всего по обследуемым видам экономической деятельности,2023,105843.9
40318000,Санкт-Петербург,Муниципальный округ Сергиевское,Всего по обследуемым видам экономической деятельности,2024,135662.9
40319000,Санкт-Петербург,Муниципальный округ Шувалово-Озерки,Всего по обследуемым видам экономической деятельности,2022,63906.7
40319000,Санкт-Петербург,Муниципальный округ Шувалово-Озерки,Всего по обследуемым видам экономической деятельности,2023,79521.7
40319000,Санкт-Петербург,Муниципальный округ Шувалово-Озерки,Всего по обследуемым видам экономической деятельности,2024,90022.3
40320000,Санкт-Петербург,Поселок Лисий Нос,Всего по обследуемым видам экономической деятельности,2022,108333.0
40320000,Санкт-Петербург,Поселок Лисий Нос,Всего по обследуемым видам экономической деятельности,2023,92611.2
40320000,Санкт-Петербург,Поселок Лисий Нос,Всего по обследуемым видам экономической деятельности,2024,116882.1
40321000,Санкт-Петербург,Муниципальный округ Лахта-Ольгино,Всего по обследуемым видам экономической деятельности,2022,403564.7
40321000,Санкт-Петербург,Муниципальный округ Лахта-Ольгино,Всего по обследуемым видам экономической деятельности,2023,422447.9
40321000,Санкт-Петербург,Муниципальный округ Лахта-Ольгино,Всего по обследуемым видам экономической деятельности,2024,405587.4
40322000,Санкт-Петербург,Муниципальный округ № 65,Всего по обследуемым видам экономической деятельности,2022,100390.6
40322000,Санкт-Петербург,Муниципальный округ № 65,Всего по обследуемым видам экономической деятельности,2023,104618.4
40322000,Санкт-Петербург,Муниципальный округ № 65,Всего по обследуемым видам экономической деятельности,2024,127853.4
40323000,Санкт-Петербург,Муниципальный округ Ланское,Всего по обследуемым видам экономической деятельности,2022,118892.6
40323000,Санкт-Петербург,Муниципальный округ Ланское,Всего по обследуемым видам экономической деятельности,2023,138094.9
40323000,Санкт-Петербург,Муниципальный округ Ланское,Всего по обследуемым видам экономической деятельности,2024,148160.9
40324000,Санкт-Петербург,Муниципальный округ Комендантский аэродром,Всего по обследуемым видам экономической деятельности,2022,93976.8
40324000,Санкт-Петербург,Муниципальный округ Комендантский аэродром,Всего по обследуемым видам экономической деятельности,2023,102761.1
40324000,Санкт-Петербург,Муниципальный округ Комендантский аэродром,Всего по обследуемым видам экономической деятельности,2024,122732.3
40325000,Санкт-Петербург,Муниципальный округ Озеро Долгое,Всего по обследуемым видам экономической деятельности,2022,83249.5
40325000,Санкт-Петербург,Муниципальный округ Озеро Долгое,Всего по обследуемым видам экономической деятельности,2023,94561.9
40325000,Санкт-Петербург,Муниципальный округ Озеро Долгое,Всего по обследуемым видам экономической деятельности,2024,111013.4
40326000,Санкт-Петербург,Муниципальный округ Юнтолово,Всего по обследуемым видам экономической деятельности,2022,96454.5
40326000,Санкт-Петербург,Муниципальный округ Юнтолово,Всего по обследуемым видам экономической деятельности,2023,114457.1
40326000,Санкт-Петербург,Муниципальный округ Юнтолово,Всего по обследуемым видам экономической деятельности,2024,131474.9
40327000,Санкт-Петербург,Муниципальный округ Коломяги,Всего по обследуемым видам экономической деятельности,2022,91590.9
40327000,Санкт-Петербург,Муниципальный округ Коломяги,Всего по обследуемым видам экономической деятельности,2023,103794.8
40327000,Санкт-Петербург,Муниципальный округ Коломяги,Всего по обследуемым видам экономической деятельности,2024,118280.7
40328000,Санкт-Петербург,Муниципальный округ Гражданка,Всего по обследуемым видам экономической деятельности,2022,103209.1
40328000,Санкт-Петербург,Муниципальный округ Гражданка,Всего по обследуемым видам экономической деятельности,2023,116938.8
40328000,Санкт-Петербург,Муниципальный округ Гражданка,Всего по обследуемым видам экономической деятельности,2024,136485.7
40329000,Санкт-Петербург,Муниципальный округ Академическое,Всего по обследуемым видам экономической деятельности,2022,95068.3
40329000,Санкт-Петербург,Муниципальный округ Академическое,Всего по обследуемым видам экономической деятельности,2023,104739.1
40329000,Санкт-Петербург,Муниципальный округ Академическое,Всего по обследуемым видам экономической деятельности,2024,120412.0
40330000,Санкт-Петербург,Муниципальный округ Финляндский округ,Всего по обследуемым видам экономической деятельности,2022,105753.9
40330000,Санкт-Петербург,Муниципальный округ Финляндский округ,Всего по обследуемым видам экономической деятельности,2023,119120.1
40330000,Санкт-Петербург,Муниципальный округ Финляндский округ,Всего по обследуемым видам экономической деятельности,2024,139671.6
40331000,Санкт-Петербург,Муниципальный округ № 21,Всего по обследуемым видам экономической деятельности,2022,72322.0
40331000,Санкт-Петербург,Муниципальный округ № 21,Всего по обследуемым видам экономической деятельности,2023,84824.0
40331000,Санкт-Петербург,Муниципальный округ № 21,Всего по обследуемым видам экономической деятельности,2024,103820.0
40332000,Санкт-Петербург,Муниципальный округ Пискаревка,Всего по обследуемым видам экономической деятельности,2022,78716.3
40332000,Санкт-Петербург,Муниципальный округ Пискаревка,Всего по обследуемым видам экономической деятельности,2023,91451.8
40332000,Санкт-Петербург,Муниципальный округ Пискаревка,Всего по обследуемым видам экономической деятельности,2024,106376.8
40333000,Санкт-Петербург,Муниципальный округ Северный,Всего по обследуемым видам экономической деятельности,2022,62065.2
40333000,Санкт-Петербург,Муниципальный округ Северный,Всего по обследуемым видам экономической деятельности,2023,72291.8
40333000,Санкт-Петербург,Муниципальный округ Северный,Всего по обследуемым видам экономической деятельности,2024,88848.6
40334000,Санкт-Петербург,Муниципальный округ Прометей,Всего по обследуемым видам экономической деятельности,2022,59063.9
40334000,Санкт-Петербург,Муниципальный округ Прометей,Всего по обследуемым видам экономической деятельности,2023,68345.2
40334000,Санкт-Петербург,Муниципальный округ Прометей,Всего по обследуемым видам экономической деятельности,2024,83890.2
40335000,Санкт-Петербург,Муниципальный округ Княжево,Всего по обследуемым видам экономической деятельности,2022,95904.8
40335000,Санкт-Петербург,Муниципальный округ Княжево,Всего по обследуемым видам экономической деятельности,2023,106334.1
40335000,Санкт-Петербург,Муниципальный округ Княжево,Всего по обследуемым видам экономической деятельности,2024,131825.9
40336000,Санкт-Петербург,Муниципальный округ Ульянка,Всего по обследуемым видам экономической деятельности,2022,66452.2
40336000,Санкт-Петербург,Муниципальный округ Ульянка,Всего по обследуемым видам экономической деятельности,2023,74268.3
40336000,Санкт-Петербург,Муниципальный округ Ульянка,Всего по обследуемым видам экономической деятельности,2024,81411.9
40337000,Санкт-Петербург,Муниципальный округ Дачное,Всего по обследуемым видам экономической деятельности,2022,61965.9
40337000,Санкт-Петербург,Муниципальный округ Дачное,Всего по обследуемым видам экономической деятельности,2023,71937.7
40337000,Санкт-Петербург,Муниципальный округ Дачное,Всего по обследуемым видам экономической деятельности,2024,79387.8
40338000,Санкт-Петербург,Муниципальный округ Автово,Всего по обследуемым видам экономической деятельности,2022,92644.2
40338000,Санкт-Петербург,Муниципальный округ Автово,Всего по обследуемым видам экономической деятельности,2023,112190.5
40338000,Санкт-Петербург,Муниципальный округ Автово,Всего по обследуемым видам экономической деятельности,2024,132541.9
40339000,Санкт-Петербург,Муниципальный округ Нарвский округ,Всего по обследуемым видам экономической деятельности,2022,89089.2
40339000,Санкт-Петербург,Муниципальный округ Нарвский округ,Всего по обследуемым видам экономической деятельности,2023,101636.6
40339000,Санкт-Петербург,Муниципальный округ Нарвский округ,Всего по обследуемым видам экономической деятельности,2024,117340.4
40340000,Санкт-Петербург,Муниципальный округ Красненькая речка,Всего по обследуемым видам экономической деятельности,2022,66508.2
40340000,Санкт-Петербург,Муниципальный округ Красненькая речка,Всего по обследуемым видам экономической деятельности,2023,75609.3
40340000,Санкт-Петербург,Муниципальный округ Красненькая речка,Всего по обследуемым видам экономической деятельности,2024,88191.4
40341000,Санкт-Петербург,Муниципальный округ Морские ворота,Всего по обследуемым видам экономической деятельности,2022,85969.9
40341000,Санкт-Петербург,Муниципальный округ Морские ворота,Всего по обследуемым видам экономической деятельности,2023,109844.4
40341000,Санкт-Петербург,Муниципальный округ Морские ворота,Всего по обследуемым видам экономической деятельности,2024,129501.2
40342000,Санкт-Петербург,Город Колпино,Всего по обследуемым видам экономической деятельности,2022,76906.4
40342000,Санкт-Петербург,Город Колпино,Всего по обследуемым видам экономической деятельности,2023,88590.4
40342000,Санкт-Петербург,Город Колпино,Всего по обследуемым видам экономической деятельности,2024,104491.6
40343000,Санкт-Петербург,Поселок Металлострой,Всего по обследуемым видам экономической деятельности,2022,86654.7
40343000,Санкт-Петербург,Поселок Металлострой,Всего по обследуемым видам экономической деятельности,2023,99644.1
40343000,Санкт-Петербург,Поселок Металлострой,Всего по обследуемым видам экономической деятельности,2024,120868.5
40344000,Санкт-Петербург,Поселок Петро-Славянка,Всего по обследуемым видам экономической деятельности,2022,108169.1
40344000,Санкт-Петербург,Поселок Петро-Славянка,Всего по обследуемым видам экономической деятельности,2023,127716.6
40344000,Санкт-Петербург,Поселок Петро-Славянка,Всего по обследуемым видам экономической деятельности,2024,150460.3
40345000,Санкт-Петербург,Поселок Понтонный,Всего по обследуемым видам экономической деятельности,2022,97750.8
40345000,Санкт-Петербург,Поселок Понтонный,Всего по обследуемым видам экономической деятельности,2023,104965.3
40345000,Санкт-Петербург,Поселок Понтонный,Всего по обследуемым видам экономической деятельности,2024,121181.9
40346000,Санкт-Петербург,Поселок Саперный,Всего по обследуемым видам экономической деятельности,2022,55564.8
40346000,Санкт-Петербург,Поселок Саперный,Всего по обследуемым видам экономической деятельности,2023,66182.9
40346000,Санкт-Петербург,Поселок Саперный,Всего по обследуемым видам экономической деятельности,2024,79002.6
40347000,Санкт-Петербург,Поселок Усть-Ижора,Всего по обследуемым видам экономической деятельности,2022,85852.5
40347000,Санкт-Петербург,Поселок Усть-Ижора,Всего по обследуемым видам экономической деятельности,2023,94248.6
40347000,Санкт-Петербург,Поселок Усть-Ижора,Всего по обследуемым видам экономической деятельности,2024,112857.8
40348000,Санкт-Петербург,Муниципальный округ Полюстрово,Всего по обследуемым видам экономической деятельности,2022,80470.2
40348000,Санкт-Петербург,Муниципальный округ Полюстрово,Всего по обследуемым видам экономической деятельности,2023,94170.1
40348000,Санкт-Петербург,Муниципальный округ Полюстрово,Всего по обследуемым видам экономической деятельности,2024,109170.8
40349000,Санкт-Петербург,Муниципальный округ Большая Охта,Всего по обследуемым видам экономической деятельности,2022,82809.7
40349000,Санкт-Петербург,Муниципальный округ Большая Охта,Всего по обследуемым видам экономической деятельности,2023,116860.5
40349000,Санкт-Петербург,Муниципальный округ Большая Охта,Всего по обследуемым видам экономической деятельности,2024,107544.0
40350000,Санкт-Петербург,Муниципальный округ Малая Охта,Всего по обследуемым видам экономической деятельности,2022,117630.9
40350000,Санкт-Петербург,Муниципальный округ Малая Охта,Всего по обследуемым видам экономической деятельности,2023,124597.4
40350000,Санкт-Петербург,Муниципальный округ Малая Охта,Всего по обследуемым видам экономической деятельности,2024,149041.5
40351000,Санкт-Петербург,Муниципальный округ Пороховые,Всего по обследуемым видам экономической деятельности,2022,77723.5
40351000,Санкт-Петербург,Муниципальный округ Пороховые,Всего по обследуемым видам экономической деятельности,2023,87142.8
40351000,Санкт-Петербург,Муниципальный округ Пороховые,Всего по обследуемым видам экономической деятельности,2024,99455.2
40352000,Санкт-Петербург,Муниципальный округ Ржевка,Всего по обследуемым видам экономической деятельности,2022,82805.6
40352000,Санкт-Петербург,Муниципальный округ Ржевка,Всего по обследуемым видам экономической деятельности,2023,99200.6
40352000,Санкт-Петербург,Муниципальный округ Ржевка,Всего по обследуемым видам экономической деятельности,2024,112774.9
40353000,Санкт-Петербург,Город Красное Село,Всего по обследуемым видам экономической деятельности,2022,76777.7
40353000,Санкт-Петербург,Город Красное Село,Всего по обследуемым видам экономической деятельности,2023,87129.9
40353000,Санкт-Петербург,Город Красное Село,Всего по обследуемым видам экономической деятельности,2024,99429.6
40354000,Санкт-Петербург,Муниципальный округ Юго-Запад,Всего по обследуемым видам экономической деятельности,2022,61128.2
40354000,Санкт-Петербург,Муниципальный округ Юго-Запад,Всего по обследуемым видам экономической деятельности,2023,71088.2
40354000,Санкт-Петербург,Муниципальный округ Юго-Запад,Всего по обследуемым видам экономической деятельности,2024,83016.2
40355000,Санкт-Петербург,Муниципальный округ Южно-Приморский,Всего по обследуемым видам экономической деятельности,2022,70375.2
40355000,Санкт-Петербург,Муниципальный округ Южно-Приморский,Всего по обследуемым видам экономической деятельности,2023,77791.6
40355000,Санкт-Петербург,Муниципальный округ Южно-Приморский,Всего по обследуемым видам экономической деятельности,2024,95978.1
40356000,Санкт-Петербург,Муниципальный округ Сосновая поляна,Всего по обследуемым видам экономической деятельности,2022,90535.8
40356000,Санкт-Петербург,Муниципальный округ Сосновая поляна,Всего по обследуемым видам экономической деятельности,2023,98652.8
40356000,Санкт-Петербург,Муниципальный округ Сосновая поляна,Всего по обследуемым видам экономической деятельности,2024,93823.1
40357000,Санкт-Петербург,Муниципальный округ Урицк,Всего по обследуемым видам экономической деятельности,2022,76716.0
40357000,Санкт-Петербург,Муниципальный округ Урицк,Всего по обследуемым видам экономической деятельности,2023,87031.7
40357000,Санкт-Петербург,Муниципальный округ Урицк,Всего по обследуемым видам экономической деятельности,2024,96371.5
40358000,Санкт-Петербург,Муниципальный округ Константиновское,Всего по обследуемым видам экономической деятельности,2022,62161.0
40358000,Санкт-Петербург,Муниципальный округ Константиновское,Всего по обследуемым видам экономической деятельности,2023,70455.0
40358000,Санкт-Петербург,Муниципальный округ Константиновское,Всего по обследуемым видам экономической деятельности,2024,79940.4
40359000,Санкт-Петербург,Муниципальный округ Горелово,Всего по обследуемым видам экономической деятельности,2022,75068.8
40359000,Санкт-Петербург,Муниципальный округ Горелово,Всего по обследуемым видам экономической деятельности,2023,83219.8
40359000,Санкт-Петербург,Муниципальный округ Горелово,Всего по обследуемым видам экономической деятельности,2024,97190.5
40360000,Санкт-Петербург,Город Кронштадт,Всего по обследуемым видам экономической деятельности,2022,64836.4
40360000,Санкт-Петербург,Город Кронштадт,Всего по обследуемым видам экономической деятельности,2023,72359.5
40360000,Санкт-Петербург,Город Кронштадт,Всего по обследуемым видам экономической деятельности,2024,80937.2
40361000,Санкт-Петербург,Город Зеленогорск,Всего по обследуемым видам экономической деятельности,2022,67311.7
40361000,Санкт-Петербург,Город Зеленогорск,Всего по обследуемым видам экономической деятельности,2023,74594.5
40361000,Санкт-Петербург,Город Зеленогорск,Всего по обследуемым видам экономической деятельности,2024,83433.5
40362000,Санкт-Петербург,Город Сестрорецк,Всего по обследуемым видам экономической деятельности,2022,79766.8
40362000,Санкт-Петербург,Город Сестрорецк,Всего по обследуемым видам экономической деятельности,2023,92974.0
40362000,Санкт-Петербург,Город Сестрорецк,Всего по обследуемым видам экономической деятельности,2024,109561.6
40363000,Санкт-Петербург,Поселок Белоостров,Всего по обследуемым видам экономической деятельности,2022,86531.0
40363000,Санкт-Петербург,Поселок Белоостров,Всего по обследуемым видам экономической деятельности,2023,83220.3
40363000,Санкт-Петербург,Поселок Белоостров,Всего по обследуемым видам экономической деятельности,2024,74903.6
40364000,Санкт-Петербург,Поселок Комарово,Всего по обследуемым видам экономической деятельности,2022,112945.7
40364000,Санкт-Петербург,Поселок Комарово,Всего по обследуемым видам экономической деятельности,2023,63989.3
40364000,Санкт-Петербург,Поселок Комарово,Всего по обследуемым видам экономической деятельности,2024,69248.9
40365000,Санкт-Петербург,Поселок Молодежное,Всего по обследуемым видам экономической деятельности,2022,61076.6
40365000,Санкт-Петербург,Поселок Молодежное,Всего по обследуемым видам экономической деятельности,2023,71334.1
40365000,Санкт-Петербург,Поселок Молодежное,Всего по обследуемым видам экономической деятельности,2024,84127.2
40366000,Санкт-Петербург,Поселок Песочный,Всего по обследуемым видам экономической деятельности,2022,125507.9
40366000,Санкт-Петербург,Поселок Песочный,Всего по обследуемым видам экономической деятельности,2023,131887.7
40366000,Санкт-Петербург,Поселок Песочный,Всего по обследуемым видам экономической деятельности,2024,145968.3
40367000,Санкт-Петербург,Поселок Репино,Всего по обследуемым видам экономической деятельности,2022,52505.6
40367000,Санкт-Петербург,Поселок Репино,Всего по обследуемым видам экономической деятельности,2023,59038.8
40367000,Санкт-Петербург,Поселок Репино,Всего по обследуемым видам экономической деятельности,2024,68377.7
40368000,Санкт-Петербург,Поселок Серово,Всего по обследуемым видам экономической деятельности,2022,72995.2
40368000,Санкт-Петербург,Поселок Серово,Всего по обследуемым видам экономической деятельности,2023,83257.1
40368000,Санкт-Петербург,Поселок Серово,Всего по обследуемым видам экономической деятельности,2024,74115.7
40369000,Санкт-Петербург,Поселок Смолячково,Всего по обследуемым видам экономической деятельности,2022,62169.2
40369000,Санкт-Петербург,Поселок Смолячково,Всего по обследуемым видам экономической деятельности,2023,68982.5
40369000,Санкт-Петербург,Поселок Смолячково,Всего по обследуемым видам экономической деятельности,2024,81395.7
40370000,Санкт-Петербург,Поселок Солнечное,Всего по обследуемым видам экономической деятельности,2022,74225.6
40370000,Санкт-Петербург,Поселок Солнечное,Всего по обследуемым видам экономической деятельности,2023,83972.6
40370000,Санкт-Петербург,Поселок Солнечное,Всего по обследуемым видам экономической деятельности,2024,86641.1
40371000,Санкт-Петербург,Поселок Ушково,Всего по обследуемым видам экономической деятельности,2022,66719.9
40371000,Санкт-Петербург,Поселок Ушково,Всего по обследуемым видам экономической деятельности,2023,76085.7
40371000,Санкт-Петербург,Поселок Ушково,Всего по обследуемым видам экономической деятельности,2024,91565.5
40372000,Санкт-Петербург,Город Ломоносов,Всего по обследуемым видам экономической деятельности,2022,69810.6
40372000,Санкт-Петербург,Город Ломоносов,Всего по обследуемым видам экономической деятельности,2023,79271.6
40372000,Санкт-Петербург,Город Ломоносов,Всего по обследуемым видам экономической деятельности,2024,92014.9
40373000,Санкт-Петербург,Муниципальный округ Московская застава,Всего по обследуемым видам экономической деятельности,2022,118736.8
40373000,Санкт-Петербург,Муниципальный округ Московская застава,Всего по обследуемым видам экономической деятельности,2023,131293.0
40373000,Санкт-Петербург,Муниципальный округ Московская застава,Всего по обследуемым видам экономической деятельности,2024,162233.1
40374000,Санкт-Петербург,Муниципальный округ Гагаринское,Всего по обследуемым видам экономической деятельности,2022,81964.1
40374000,Санкт-Петербург,Муниципальный округ Гагаринское,Всего по обследуемым видам экономической деятельности,2023,96937.4
40374000,Санкт-Петербург,Муниципальный округ Гагаринское,Всего по обследуемым видам экономической деятельности,2024,110892.9
40375000,Санкт-Петербург,Муниципальный округ Новоизмайловское,Всего по обследуемым видам экономической деятельности,2022,98707.2
40375000,Санкт-Петербург,Муниципальный округ Новоизмайловское,Всего по обследуемым видам экономической деятельности,2023,110568.7
40375000,Санкт-Петербург,Муниципальный округ Новоизмайловское,Всего по обследуемым видам экономической деятельности,2024,131139.0
40376000,Санкт-Петербург,Муниципальный округ Пулковский меридиан,Всего по обследуемым видам экономической деятельности,2022,118177.0
40376000,Санкт-Петербург,Муниципальный округ Пулковский меридиан,Всего по обследуемым видам экономической деятельности,2023,130804.4
40376000,Санкт-Петербург,Муниципальный округ Пулковский меридиан,Всего по обследуемым видам экономической деятельности,2024,146876.2
40377000,Санкт-Петербург,Муниципальный округ Звездное,Всего по обследуемым видам экономической деятельности,2022,117969.5
40377000,Санкт-Петербург,Муниципальный округ Звездное,Всего по обследуемым видам экономической деятельности,2023,123839.8
40377000,Санкт-Петербург,Муниципальный округ Звездное,Всего по обследуемым видам экономической деятельности,2024,140023.1
40378000,Санкт-Петербург,Муниципальный округ Невская застава,Всего по обследуемым видам экономической деятельности,2022,83896.7
40378000,Санкт-Петербург,Муниципальный округ Невская застава,Всего по обследуемым видам экономической деятельности,2023,110544.7
40378000,Санкт-Петербург,Муниципальный округ Невская застава,Всего по обследуемым видам экономической деятельности,2024,111001.4
40379000,Санкт-Петербург,Муниципальный округ Ивановский,Всего по обследуемым видам экономической деятельности,2022,68666.5
40379000,Санкт-Петербург,Муниципальный округ Ивановский,Всего по обследуемым видам экономической деятельности,2023,80825.5
40379000,Санкт-Петербург,Муниципальный округ Ивановский,Всего по обследуемым видам экономической деятельности,2024,94443.0
40380000,Санкт-Петербург,Муниципальный округ Обуховский,Всего по обследуемым видам экономической деятельности,2022,72487.0
40380000,Санкт-Петербург,Муниципальный округ Обуховский,Всего по обследуемым видам экономической деятельности,2023,85683.0
40380000,Санкт-Петербург,Муниципальный округ Обуховский,Всего по обследуемым видам экономической деятельности,2024,106569.0
40381000,Санкт-Петербург,Муниципальный округ Рыбацкое,Всего по обследуемым видам экономической деятельности,2022,86932.3
40381000,Санкт-Петербург,Муниципальный округ Рыбацкое,Всего по обследуемым видам экономической деятельности,2023,101354.8
40381000,Санкт-Петербург,Муниципальный округ Рыбацкое,Всего по обследуемым видам экономической деятельности,2024,122881.2
40382000,Санкт-Петербург,Муниципальный округ Народный,Всего по обследуемым видам экономической деятельности,2022,84283.1
40382000,Санкт-Петербург,Муниципальный округ Народный,Всего по обследуемым видам экономической деятельности,2023,97480.5
40382000,Санкт-Петербург,Муниципальный округ Народный,Всего по обследуемым видам экономической деятельности,2024,110914.1
40383000,Санкт-Петербург,Муниципальный округ № 54,Всего по обследуемым видам экономической деятельности,2022,63984.2
40383000,Санкт-Петербург,Муниципальный округ № 54,Всего по обследуемым видам экономической деятельности,2023,73724.0
40383000,Санкт-Петербург,Муниципальный округ № 54,Всего по обследуемым видам экономической деятельности,2024,85933.2
40384000,Санкт-Петербург,Муниципальный округ Невский округ,Всего по обследуемым видам экономической деятельности,2022,74050.8
40384000,Санкт-Петербург,Муниципальный округ Невский округ,Всего по обследуемым видам экономической деятельности,2023,89041.6
40384000,Санкт-Петербург,Муниципальный округ Невский округ,Всего по обследуемым видам экономической деятельности,2024,99233.6
40385000,Санкт-Петербург,Муниципальный округ Оккервиль,Всего по обследуемым видам экономической деятельности,2022,72823.8
40385000,Санкт-Петербург,Муниципальный округ Оккервиль,Всего по обследуемым видам экономической деятельности,2023,81558.0
40385000,Санкт-Петербург,Муниципальный округ Оккервиль,Всего по обследуемым видам экономической деятельности,2024,91327.1
40386000,Санкт-Петербург,Муниципальный округ Правобережный,Всего по обследуемым видам экономической деятельности,2022,95959.2
40386000,Санкт-Петербург,Муниципальный округ Правобережный,Всего по обследуемым видам экономической деятельности,2023,106101.6
40386000,Санкт-Петербург,Муниципальный округ Правобережный,Всего по обследуемым видам экономической деятельности,2024,131801.7
40387000,Санкт-Петербург,Город Павловск,Всего по обследуемым видам экономической деятельности,2022,65804.1
40387000,Санкт-Петербург,Город Павловск,Всего по обследуемым видам экономической деятельности,2023,75953.7
40387000,Санкт-Петербург,Город Павловск,Всего по обследуемым видам экономической деятельности,2024,86920.1
40388000,Санкт-Петербург,Поселок Тярлево,Всего по обследуемым видам экономической деятельности,2022,75596.3
40388000,Санкт-Петербург,Поселок Тярлево,Всего по обследуемым видам экономической деятельности,2023,85492.7
40388000,Санкт-Петербург,Поселок Тярлево,Всего по обследуемым видам экономической деятельности,2024,95265.3
40389000,Санкт-Петербург,Муниципальный округ Введенский,Всего по обследуемым видам экономической деятельности,2022,123652.2
40389000,Санкт-Петербург,Муниципальный округ Введенский,Всего по обследуемым видам экономической деятельности,2023,130446.4
40389000,Санкт-Петербург,Муниципальный округ Введенский,Всего по обследуемым видам экономической деятельности,2024,157832.9
40390000,Санкт-Петербург,Муниципальный округ Кронверкское,Всего по обследуемым видам экономической деятельности,2022,129267.4
40390000,Санкт-Петербург,Муниципальный округ Кронверкское,Всего по обследуемым видам экономической деятельности,2023,141096.7
40390000,Санкт-Петербург,Муниципальный округ Кронверкское,Всего по обследуемым видам экономической деятельности,2024,157393.5
40391000,Санкт-Петербург,Муниципальный округ Посадский,Всего по обследуемым видам экономической деятельности,2022,117936.7
40391000,Санкт-Петербург,Муниципальный округ Посадский,Всего по обследуемым видам экономической деятельности,2023,121117.9
40391000,Санкт-Петербург,Муниципальный округ Посадский,Всего по обследуемым видам экономической деятельности,2024,128583.0
40392000,Санкт-Петербург,Муниципальный округ Аптекарский остров,Всего по обследуемым видам экономической деятельности,2022,114754.2
40392000,Санкт-Петербург,Муниципальный округ Аптекарский остров,Всего по обследуемым видам экономической деятельности,2023,127516.6
40392000,Санкт-Петербург,Муниципальный округ Аптекарский остров,Всего по обследуемым видам экономической деятельности,2024,153575.1
40393000,Санкт-Петербург,Муниципальный округ округ Петровский,Всего по обследуемым видам экономической деятельности,2022,79985.2
40393000,Санкт-Петербург,Муниципальный округ округ Петровский,Всего по обследуемым видам экономической деятельности,2023,92380.0
40393000,Санкт-Петербург,Муниципальный округ округ Петровский,Всего по обследуемым видам экономической деятельности,2024,107416.3
40394000,Санкт-Петербург,Муниципальный округ Чкаловское,Всего по обследуемым видам экономической деятельности,2022,137529.1
40394000,Санкт-Петербург,Муниципальный округ Чкаловское,Всего по обследуемым видам экономической деятельности,2023,153946.7
40394000,Санкт-Петербург,Муниципальный округ Чкаловское,Всего по обследуемым видам экономической деятельности,2024,189818.6
40395000,Санкт-Петербург,Город Петергоф,Всего по обследуемым видам экономической деятельности,2022,75188.0
40395000,Санкт-Петербург,Город Петергоф,Всего по обследуемым видам экономической деятельности,2023,85371.4
40395000,Санкт-Петербург,Город Петергоф,Всего по обследуемым видам экономической деятельности,2024,99081.5
40396000,Санкт-Петербург,Поселок Стрельна,Всего по обследуемым видам экономической деятельности,2022,138509.4
40396000,Санкт-Петербург,Поселок Стрельна,Всего по обследуемым видам экономической деятельности,2023,159771.4
40396000,Санкт-Петербург,Поселок Стрельна,Всего по обследуемым видам экономической деятельности,2024,203097.6
40397000,Санкт-Петербург,Город Пушкин,Всего по обследуемым видам экономической деятельности,2022,73473.5
40397000,Санкт-Петербург,Город Пушкин,Всего по обследуемым видам экономической деятельности,2023,84280.2
40397000,Санкт-Петербург,Город Пушкин,Всего по обследуемым видам экономической деятельности,2024,96984.5
40398000,Санкт-Петербург,Поселок Александровская,Всего по обследуемым видам экономической деятельности,2022,60687.0
40398000,Санкт-Петербург,Поселок Александровская,Всего по обследуемым видам экономической деятельности,2023,69661.8
40398000,Санкт-Петербург,Поселок Александровская,Всего по обследуемым видам экономической деятельности,2024,75138.9
40901000,Санкт-Петербург,Поселок Шушары,Всего по обследуемым видам экономической деятельности,2022,98598.0
40901000,Санкт-Петербург,Поселок Шушары,Всего по обследуемым видам экономической деятельности,2023,93923.0
40901000,Санкт-Петербург,Поселок Шушары,Всего по обследуемым видам экономической деятельности,2024,113087.1
40902000,Санкт-Петербург,Муниципальный округ Волковское,Всего по обследуемым видам экономической деятельности,2022,85382.0
40902000,Санкт-Петербург,Муниципальный округ Волковское,Всего по обследуемым видам экономической деятельности,2023,95332.9
40902000,Санкт-Петербург,Муниципальный округ Волковское,Всего по обследуемым видам экономической деятельности,2024,111006.0
40903000,Санкт-Петербург,Муниципальный округ № 72,Всего по обследуемым видам экономической деятельности,2022,84844.6
40903000,Санкт-Петербург,Муниципальный округ № 72,Всего по обследуемым видам экономической деятельности,2023,85205.8
40903000,Санкт-Петербург,Муниципальный округ № 72,Всего по обследуемым видам экономической деятельности,2024,95415.1
40904000,Санкт-Петербург,Муниципальный округ Купчино,Всего по обследуемым видам экономической деятельности,2022,75496.5
40904000,Санкт-Петербург,Муниципальный округ Купчино,Всего по обследуемым видам экономической деятельности,2023,87376.4
40904000,Санкт-Петербург,Муниципальный округ Купчино,Всего по обследуемым видам экономической деятельности,2024,96447.9
40905000,Санкт-Петербург,Муниципальный округ Георгиевский,Всего по обследуемым видам экономической деятельности,2022,73122.7
40905000,Санкт-Петербург,Муниципальный округ Георгиевский,Всего по обследуемым видам экономической деятельности,2023,85072.1
40905000,Санкт-Петербург,Муниципальный округ Георгиевский,Всего по обследуемым видам экономической деятельности,2024,95187.5
40906000,Санкт-Петербург,Муниципальный округ Александровский,Всего по обследуемым видам экономической деятельности,2022,69149.4
40906000,Санкт-Петербург,Муниципальный округ Александровский,Всего по обследуемым видам экономической деятельности,2023,92495.6
40906000,Санкт-Петербург,Муниципальный округ Александровский,Всего по обследуемым видам экономической деятельности,2024,103672.1
40907000,Санкт-Петербург,Муниципальный округ Балканский,Всего по обследуемым видам экономической деятельности,2022,85510.9
40907000,Санкт-Петербург,Муниципальный округ Балканский,Всего по обследуемым видам экономической деятельности,2023,103205.6
40907000,Санкт-Петербург,Муниципальный округ Балканский,Всего по обследуемым видам экономической деятельности,2024,109575.5
40908000,Санкт-Петербург,Муниципальный округ Дворцовый округ,Всего по обследуемым видам экономической деятельности,2022,119350.8
40908000,Санкт-Петербург,Муниципальный округ Дворцовый округ,Всего по обследуемым видам экономической деятельности,2023,133991.8
40908000,Санкт-Петербург,Муниципальный округ Дворцовый округ,Всего по обследуемым видам экономической деятельности,2024,155058.8
40909000,Санкт-Петербург,Муниципальный округ № 78,Всего по обследуемым видам экономической деятельности,2022,106324.7
40909000,Санкт-Петербург,Муниципальный округ № 78,Всего по обследуемым видам экономической деятельности,2023,117840.6
40909000,Санкт-Петербург,Муниципальный округ № 78,Всего по обследуемым видам экономической деятельности,2024,126106.3
40910000,Санкт-Петербург,Муниципальный округ Литейный округ,Всего по обследуемым видам экономической деятельности,2022,98670.9
40910000,Санкт-Петербург,Муниципальный округ Литейный округ,Всего по обследуемым видам экономической деятельности,2023,112787.0
40910000,Санкт-Петербург,Муниципальный округ Литейный округ,Всего по обследуемым видам экономической деятельности,2024,132047.4
40911000,Санкт-Петербург,Муниципальный округ Смольнинское,Всего по обследуемым видам экономической деятельности,2022,109124.9
40911000,Санкт-Петербург,Муниципальный округ Смольнинское,Всего по обследуемым видам экономической деятельности,2023,122485.6
40911000,Санкт-Петербург,Муниципальный округ Смольнинское,Всего по обследуемым видам экономической деятельности,2024,144892.4
40912000,Санкт-Петербург,Муниципальный округ Лиговка-Ямская,Всего по обследуемым видам экономической деятельности,2022,86496.8
40912000,Санкт-Петербург,Муниципальный округ Лиговка-Ямская,Всего по обследуемым видам экономической деятельности,2023,101042.6
40912000,Санкт-Петербург,Муниципальный округ Лиговка-Ямская,Всего по обследуемым видам экономической деятельности,2024,114002.5
40913000,Санкт-Петербург,Муниципальный округ Владимирский округ,Всего по обследуемым видам экономической деятельности,2022,124315.0
40913000,Санкт-Петербург,Муниципальный округ Владимирский округ,Всего по обследуемым видам экономической деятельности,2023,139207.2
40913000,Санкт-Петербург,Муниципальный округ Владимирский округ,Всего по обследуемым видам экономической деятельности,2024,162042.2
41603000,Ленинградская область,Бокситогорский муниципальный район,Всего по обследуемым видам экономической деятельности,2022,57959.6
41603000,Ленинградская область,Бокситогорский муниципальный район,Всего по обследуемым видам экономической деятельности,2023,63511.6
41603000,Ленинградская область,Бокситогорский муниципальный район,Всего по обследуемым видам экономической деятельности,2024,75396.5
41606000,Ленинградская область,Волосовский муниципальный район,Всего по обследуемым видам экономической деятельности,2022,51833.3
41606000,Ленинградская область,Волосовский муниципальный район,Всего по обследуемым видам экономической деятельности,2023,57428.7
41606000,Ленинградская область,Волосовский муниципальный район,Всего по обследуемым видам экономической деятельности,2024,68765.7
41609000,Ленинградская область,Волховский муниципальный район,Всего по обследуемым видам экономической деятельности,2022,55995.2
41609000,Ленинградская область,Волховский муниципальный район,Всего по обследуемым видам экономической деятельности,2023,64265.0
41609000,Ленинградская область,Волховский муниципальный район,Всего по обследуемым видам экономической деятельности,2024,77006.3
41612000,Ленинградская область,Всеволожский муниципальный район,Всего по обследуемым видам экономической деятельности,2022,72006.6
41612000,Ленинградская область,Всеволожский муниципальный район,Всего по обследуемым видам экономической деятельности,2023,81884.5
41612000,Ленинградская область,Всеволожский муниципальный район,Всего по обследуемым видам экономической деятельности,2024,99062.8
41615000,Ленинградская область,Выборгский муниципальный район,Всего по обследуемым видам экономической деятельности,2022,69206.1
41615000,Ленинградская область,Выборгский муниципальный район,Всего по обследуемым видам экономической деятельности,2023,77711.2
41615000,Ленинградская область,Выборгский муниципальный район,Всего по обследуемым видам экономической деятельности,2024,91584.5
41618000,Ленинградская область,Гатчинский муниципальный район,Всего по обследуемым видам экономической деятельности,2022,63411.3
41618000,Ленинградская область,Гатчинский муниципальный район,Всего по обследуемым видам экономической деятельности,2023,69875.3
41618000,Ленинградская область,Гатчинский муниципальный район,Всего по обследуемым видам экономической деятельности,2024,82586.4
41621000,Ленинградская область,Кингисеппский муниципальный район,Всего по обследуемым видам экономической деятельности,2022,86463.7
41621000,Ленинградская область,Кингисеппский муниципальный район,Всего по обследуемым видам экономической деятельности,2023,99515.0
41621000,Ленинградская область,Кингисеппский муниципальный район,Всего по обследуемым видам экономической деятельности,2024,123058.2
41624000,Ленинградская область,Киришский муниципальный район,Всего по обследуемым видам экономической деятельности,2022,67139.4
41624000,Ленинградская область,Киришский муниципальный район,Всего по обследуемым видам экономической деятельности,2023,73700.4
41624000,Ленинградская область,Киришский муниципальный район,Всего по обследуемым видам экономической деятельности,2024,85514.2
41625000,Ленинградская область,Кировский муниципальный район,Всего по обследуемым видам экономической деятельности,2022,65137.3
41625000,Ленинградская область,Кировский муниципальный район,Всего по обследуемым видам экономической деятельности,2023,74531.1
41625000,Ленинградская область,Кировский муниципальный район,Всего по обследуемым видам экономической деятельности,2024,86859.3
41627000,Ленинградская область,Лодейнопольский муниципальный район,Всего по обследуемым видам экономической деятельности,2022,45586.0
41627000,Ленинградская область,Лодейнопольский муниципальный район,Всего по обследуемым видам экономической деятельности,2023,49754.0
41627000,Ленинградская область,Лодейнопольский муниципальный район,Всего по обследуемым видам экономической деятельности,2024,59047.6
41630000,Ленинградская область,Ломоносовский муниципальный район,Всего по обследуемым видам экономической деятельности,2022,83654.6
41630000,Ленинградская область,Ломоносовский муниципальный район,Всего по обследуемым видам экономической деятельности,2023,98019.2
41630000,Ленинградская область,Ломоносовский муниципальный район,Всего по обследуемым видам экономической деятельности,2024,115167.4
41633000,Ленинградская область,Лужский муниципальный район,Всего по обследуемым видам экономической деятельности,2022,52831.1
41633000,Ленинградская область,Лужский муниципальный район,Всего по обследуемым видам экономической деятельности,2023,59305.0
41633000,Ленинградская область,Лужский муниципальный район,Всего по обследуемым видам экономической деятельности,2024,70100.0
41636000,Ленинградская область,Подпорожский муниципальный район,Всего по обследуемым видам экономической деятельности,2022,47312.7
41636000,Ленинградская область,Подпорожский муниципальный район,Всего по обследуемым видам экономической деятельности,2023,51335.7
41636000,Ленинградская область,Подпорожский муниципальный район,Всего по обследуемым видам экономической деятельности,2024,61376.2
41639000,Ленинградская область,Приозерский муниципальный район,Всего по обследуемым видам экономической деятельности,2022,50568.6
41639000,Ленинградская область,Приозерский муниципальный район,Всего по обследуемым видам экономической деятельности,2023,59358.4
41639000,Ленинградская область,Приозерский муниципальный район,Всего по обследуемым видам экономической деятельности,2024,70647.0
41642000,Ленинградская область,Сланцевский муниципальный район,Всего по обследуемым видам экономической деятельности,2022,54087.1
41642000,Ленинградская область,Сланцевский муниципальный район,Всего по обследуемым видам экономической деятельности,2023,61018.6
41642000,Ленинградская область,Сланцевский муниципальный район,Всего по обследуемым видам экономической деятельности,2024,77914.9
41645000,Ленинградская область,Тихвинский муниципальный район,Всего по обследуемым видам экономической деятельности,2022,53032.5
41645000,Ленинградская область,Тихвинский муниципальный район,Всего по обследуемым видам экономической деятельности,2023,63599.6
41645000,Ленинградская область,Тихвинский муниципальный район,Всего по обследуемым видам экономической деятельности,2024,82246.9
41648000,Ленинградская область,Тосненский муниципальный район,Всего по обследуемым видам экономической деятельности,2022,59276.1
41648000,Ленинградская область,Тосненский муниципальный район,Всего по обследуемым видам экономической деятельности,2023,68022.4
41648000,Ленинградская область,Тосненский муниципальный район,Всего по обследуемым видам экономической деятельности,2024,81263.9
41754000,Ленинградская область,Сосновоборский,Всего по обследуемым видам экономической деятельности,2022,92215.8
41754000,Ленинградская область,Сосновоборский,Всего по обследуемым видам экономической деятельности,2023,103584.8
41754000,Ленинградская область,Сосновоборский,Всего по обследуемым видам экономической деятельности,2024,120590.6
42503000,Липецкая область,Воловский муниципальный округ,Всего по обследуемым видам экономической деятельности,2024,50078.5
42515000,Липецкая область,Добровский муниципальный округ,Всего по обследуемым видам экономической деятельности,2024,51940.4
42527000,Липецкая область,Измалковский муниципальный округ,Всего по обследуемым видам экономической деятельности,2024,52783.7
42542000,Липецкая область,Становлянский муниципальный округ,Всего по обследуемым видам экономической деятельности,2024,59976.3
42603000,Липецкая область,Воловский муниципальный район,Всего по обследуемым видам экономической деятельности,2022,36858.5
42603000,Липецкая область,Воловский муниципальный район,Всего по обследуемым видам экономической деятельности,2023,42462.7
42606000,Липецкая область,Грязинский муниципальный район,Всего по обследуемым видам экономической деятельности,2022,53446.0
42606000,Липецкая область,Грязинский муниципальный район,Всего по обследуемым видам экономической деятельности,2023,62490.2
42606000,Липецкая область,Грязинский муниципальный район,Всего по обследуемым видам экономической деятельности,2024,77641.9
42609000,Липецкая область,Данковский муниципальный район,Всего по обследуемым видам экономической деятельности,2022,42625.3
42609000,Липецкая область,Данковский муниципальный район,Всего по обследуемым видам экономической деятельности,2023,48452.8
42609000,Липецкая область,Данковский муниципальный район,Всего по обследуемым видам экономической деятельности,2024,59157.2
42612000,Липецкая область,Добринский муниципальный район,Всего по обследуемым видам экономической деятельности,2022,47227.6
42612000,Липецкая область,Добринский муниципальный район,Всего по обследуемым видам экономической деятельности,2023,53817.6
42612000,Липецкая область,Добринский муниципальный район,Всего по обследуемым видам экономической деятельности,2024,65120.6
42615000,Липецкая область,Добровский муниципальный район,Всего по обследуемым видам экономической деятельности,2022,38471.4
42615000,Липецкая область,Добровский муниципальный район,Всего по обследуемым видам экономической деятельности,2023,43185.2
42618000,Липецкая область,Долгоруковский муниципальный район,Всего по обследуемым видам экономической деятельности,2022,40832.4
42618000,Липецкая область,Долгоруковский муниципальный район,Всего по обследуемым видам экономической деятельности,2023,46928.4
42618000,Липецкая область,Долгоруковский муниципальный район,Всего по обследуемым видам экономической деятельности,2024,56006.8
42621000,Липецкая область,Елецкий муниципальный район,Всего по обследуемым видам экономической деятельности,2022,47501.0
42621000,Липецкая область,Елецкий муниципальный район,Всего по обследуемым видам экономической деятельности,2023,55476.7
42621000,Липецкая область,Елецкий муниципальный район,Всего по обследуемым видам экономической деятельности,2024,66713.9
42624000,Липецкая область,Задонский муниципальный район,Всего по обследуемым видам экономической деятельности,2022,45888.6
42624000,Липецкая область,Задонский муниципальный район,Всего по обследуемым видам экономической деятельности,2023,52298.9
42624000,Липецкая область,Задонский муниципальный район,Всего по обследуемым видам экономической деятельности,2024,71890.0
42627000,Липецкая область,Измалковский муниципальный район,Всего по обследуемым видам экономической деятельности,2022,38708.2
42627000,Липецкая область,Измалковский муниципальный район,Всего по обследуемым видам экономической деятельности,2023,44710.7
42630000,Липецкая область,Краснинский муниципальный район,Всего по обследуемым видам экономической деятельности,2022,45780.1
42630000,Липецкая область,Краснинский муниципальный район,Всего по обследуемым видам экономической деятельности,2023,52090.7
42630000,Липецкая область,Краснинский муниципальный район,Всего по обследуемым видам экономической деятельности,2024,67414.5
42633000,Липецкая область,Лебедянский муниципальный район,Всего по обследуемым видам экономической деятельности,2022,46567.9
42633000,Липецкая область,Лебедянский муниципальный район,Всего по обследуемым видам экономической деятельности,2023,54595.9
42633000,Липецкая область,Лебедянский муниципальный район,Всего по обследуемым видам экономической деятельности,2024,65478.8
42636000,Липецкая область,Лев-Толстовский муниципальный район,Всего по обследуемым видам экономической деятельности,2022,43729.0
42636000,Липецкая область,Лев-Толстовский муниципальный район,Всего по обследуемым видам экономической деятельности,2023,49613.2
42636000,Липецкая область,Лев-Толстовский муниципальный район,Всего по обследуемым видам экономической деятельности,2024,62104.5
42640000,Липецкая область,Липецкий муниципальный район,Всего по обследуемым видам экономической деятельности,2022,49087.8
42640000,Липецкая область,Липецкий муниципальный район,Всего по обследуемым видам экономической деятельности,2023,56959.7
42640000,Липецкая область,Липецкий муниципальный район,Всего по обследуемым видам экономической деятельности,2024,72402.0
42642000,Липецкая область,Становлянский муниципальный район,Всего по обследуемым видам экономической деятельности,2022,43642.7
42642000,Липецкая область,Становлянский муниципальный район,Всего по обследуемым видам экономической деятельности,2023,49907.3
42645000,Липецкая область,Тербунский муниципальный район,Всего по обследуемым видам экономической деятельности,2022,43617.8
42645000,Липецкая область,Тербунский муниципальный район,Всего по обследуемым видам экономической деятельности,2023,50957.1
42645000,Липецкая область,Тербунский муниципальный район,Всего по обследуемым видам экономической деятельности,2024,62431.8
42648000,Липецкая область,Усманский муниципальный район,Всего по обследуемым видам экономической деятельности,2022,38016.2
42648000,Липецкая область,Усманский муниципальный район,Всего по обследуемым видам экономической деятельности,2023,66275.0
42648000,Липецкая область,Усманский муниципальный район,Всего по обследуемым видам экономической деятельности,2024,53900.6
42652000,Липецкая область,Хлевенский муниципальный район,Всего по обследуемым видам экономической деятельности,2022,41162.3
42652000,Липецкая область,Хлевенский муниципальный район,Всего по обследуемым видам экономической деятельности,2023,47635.9
42652000,Липецкая область,Хлевенский муниципальный район,Всего по обследуемым видам экономической деятельности,2024,59234.2
42656000,Липецкая область,Чаплыгинский муниципальный район,Всего по обследуемым видам экономической деятельности,2022,44560.8
42656000,Липецкая область,Чаплыгинский муниципальный район,Всего по обследуемым видам экономической деятельности,2023,49601.2
42656000,Липецкая область,Чаплыгинский муниципальный район,Всего по обследуемым видам экономической деятельности,2024,59232.0
42701000,Липецкая область,Город Липецк,Всего по обследуемым видам экономической деятельности,2022,58303.2
42701000,Липецкая область,Город Липецк,Всего по обследуемым видам экономической деятельности,2023,64336.9
42701000,Липецкая область,Город Липецк,Всего по обследуемым видам экономической деятельности,2024,80260.6
42715000,Липецкая область,Город Елец,Всего по обследуемым видам экономической деятельности,2022,42257.3
42715000,Липецкая область,Город Елец,Всего по обследуемым видам экономической деятельности,2023,50984.5
42715000,Липецкая область,Город Елец,Всего по обследуемым видам экономической деятельности,2024,60220.9
44502000,Магаданская область,Ольский,Всего по обследуемым видам экономической деятельности,2023,99260.3
44502000,Магаданская область,Ольский,Всего по обследуемым видам экономической деятельности,2024,116776.1
44504000,Магаданская область,Омсукчанский,Всего по обследуемым видам экономической деятельности,2023,171492.2
44504000,Магаданская область,Омсукчанский,Всего по обследуемым видам экономической деятельности,2024,199492.7
44507000,Магаданская область,Северо-Эвенский,Всего по обследуемым видам экономической деятельности,2023,171429.5
44507000,Магаданская область,Северо-Эвенский,Всего по обследуемым видам экономической деятельности,2024,202127.9
44510000,Магаданская область,Среднеканский,Всего по обследуемым видам экономической деятельности,2023,134394.7
44510000,Магаданская область,Среднеканский,Всего по обследуемым видам экономической деятельности,2024,142671.6
44513000,Магаданская область,Сусуманский,Всего по обследуемым видам экономической деятельности,2023,160517.1
44513000,Магаданская область,Сусуманский,Всего по обследуемым видам экономической деятельности,2024,189436.7
44516000,Магаданская область,Тенькинский,Всего по обследуемым видам экономической деятельности,2023,151190.9
44516000,Магаданская область,Тенькинский,Всего по обследуемым видам экономической деятельности,2024,179170.3
44519000,Магаданская область,Хасынский,Всего по обследуемым видам экономической деятельности,2023,110002.5
44519000,Магаданская область,Хасынский,Всего по обследуемым видам экономической деятельности,2024,134912.3
44522000,Магаданская область,Ягоднинский,Всего по обследуемым видам экономической деятельности,2023,148808.2
44522000,Магаданская область,Ягоднинский,Всего по обследуемым видам экономической деятельности,2024,167101.4
44701000,Магаданская область,Город Магадан,Всего по обследуемым видам экономической деятельности,2022,122229.2
44701000,Магаданская область,Город Магадан,Всего по обследуемым видам экономической деятельности,2023,135145.6
44701000,Магаданская область,Город Магадан,Всего по обследуемым видам экономической деятельности,2024,155268.7
44702000,Магаданская область,Ольский городской округ (до 2023 г.),Всего по обследуемым видам экономической деятельности,2022,86751.0
44704000,Магаданская область,Омсукчанский городской округ (до 2023 г.),Всего по обследуемым видам экономической деятельности,2022,161600.6
44707000,Магаданская область,Северо-Эвенский городской округ (до 2023 г.),Всего по обследуемым видам экономической деятельности,2022,155075.8
44710000,Магаданская область,Среднеканский городской округ (до 2023 г.),Всего по обследуемым видам экономической деятельности,2022,122226.7
44713000,Магаданская область,Сусуманский городской округ (до 2023 г.),Всего по обследуемым видам экономической деятельности,2022,145161.1
44716000,Магаданская область,Тенькинский городской округ (до 2023 г.),Всего по обследуемым видам экономической деятельности,2022,140333.7
44719000,Магаданская область,Хасынский городской округ (до 2023 г.),Всего по обследуемым видам экономической деятельности,2022,94380.7
44722000,Магаданская область,Ягоднинский городской округ (до 2023 г.),Всего по обследуемым видам экономической деятельности,2022,129031.9
45301000,Москва,Муниципальный округ Богородское,Всего по обследуемым видам экономической деятельности,2022,109888.5
45301000,Москва,Муниципальный округ Богородское,Всего по обследуемым видам экономической деятельности,2023,124334.2
45301000,Москва,Муниципальный округ Богородское,Всего по обследуемым видам экономической деятельности,2024,150817.4
45302000,Москва,Муниципальный округ Вешняки,Всего по обследуемым видам экономической деятельности,2022,160455.6
45302000,Москва,Муниципальный округ Вешняки,Всего по обследуемым видам экономической деятельности,2023,137381.9
45302000,Москва,Муниципальный округ Вешняки,Всего по обследуемым видам экономической деятельности,2024,123692.0
45303000,Москва,Муниципальный округ Восточное Измайлово,Всего по обследуемым видам экономической деятельности,2022,112065.1
45303000,Москва,Муниципальный округ Восточное Измайлово,Всего по обследуемым видам экономической деятельности,2023,119198.1
45303000,Москва,Муниципальный округ Восточное Измайлово,Всего по обследуемым видам экономической деятельности,2024,139913.0
45304000,Москва,Муниципальный округ Восточный,Всего по обследуемым видам экономической деятельности,2022,74059.5
45304000,Москва,Муниципальный округ Восточный,Всего по обследуемым видам экономической деятельности,2023,82585.0
45304000,Москва,Муниципальный округ Восточный,Всего по обследуемым видам экономической деятельности,2024,96567.2
45305000,Москва,Муниципальный округ Гольяново,Всего по обследуемым видам экономической деятельности,2022,116924.4
45305000,Москва,Муниципальный округ Гольяново,Всего по обследуемым видам экономической деятельности,2023,116151.2
45305000,Москва,Муниципальный округ Гольяново,Всего по обследуемым видам экономической деятельности,2024,132274.9
45306000,Москва,Муниципальный округ Ивановское,Всего по обследуемым видам экономической деятельности,2022,91512.7
45306000,Москва,Муниципальный округ Ивановское,Всего по обследуемым видам экономической деятельности,2023,99120.4
45306000,Москва,Муниципальный округ Ивановское,Всего по обследуемым видам экономической деятельности,2024,108689.0
45307000,Москва,Муниципальный округ Измайлово,Всего по обследуемым видам экономической деятельности,2022,97369.5
45307000,Москва,Муниципальный округ Измайлово,Всего по обследуемым видам экономической деятельности,2023,107651.9
45307000,Москва,Муниципальный округ Измайлово,Всего по обследуемым видам экономической деятельности,2024,125617.2
45308000,Москва,Муниципальный округ Косино-Ухтомский,Всего по обследуемым видам экономической деятельности,2022,82725.5
45308000,Москва,Муниципальный округ Косино-Ухтомский,Всего по обследуемым видам экономической деятельности,2023,94810.4
45308000,Москва,Муниципальный округ Косино-Ухтомский,Всего по обследуемым видам экономической деятельности,2024,119476.7
45309000,Москва,Муниципальный округ Новогиреево,Всего по обследуемым видам экономической деятельности,2022,91758.5
45309000,Москва,Муниципальный округ Новогиреево,Всего по обследуемым видам экономической деятельности,2023,96451.3
45309000,Москва,Муниципальный округ Новогиреево,Всего по обследуемым видам экономической деятельности,2024,139017.1
45310000,Москва,Муниципальный округ Новокосино,Всего по обследуемым видам экономической деятельности,2022,98350.4
45310000,Москва,Муниципальный округ Новокосино,Всего по обследуемым видам экономической деятельности,2023,106365.5
45310000,Москва,Муниципальный округ Новокосино,Всего по обследуемым видам экономической деятельности,2024,115822.7
45311000,Москва,Муниципальный округ Метрогородок,Всего по обследуемым видам экономической деятельности,2022,80649.0
45311000,Москва,Муниципальный округ Метрогородок,Всего по обследуемым видам экономической деятельности,2023,93860.7
45311000,Москва,Муниципальный округ Метрогородок,Всего по обследуемым видам экономической деятельности,2024,115041.8
45312000,Москва,Муниципальный округ Перово,Всего по обследуемым видам экономической деятельности,2022,101040.1
45312000,Москва,Муниципальный округ Перово,Всего по обследуемым видам экономической деятельности,2023,116765.6
45312000,Москва,Муниципальный округ Перово,Всего по обследуемым видам экономической деятельности,2024,133502.6
45313000,Москва,Муниципальный округ Северное Измайлово,Всего по обследуемым видам экономической деятельности,2022,89383.0
45313000,Москва,Муниципальный округ Северное Измайлово,Всего по обследуемым видам экономической деятельности,2023,93910.9
45313000,Москва,Муниципальный округ Северное Измайлово,Всего по обследуемым видам экономической деятельности,2024,106671.0
45314000,Москва,Муниципальный округ Соколиная гора,Всего по обследуемым видам экономической деятельности,2022,121987.1
45314000,Москва,Муниципальный округ Соколиная гора,Всего по обследуемым видам экономической деятельности,2023,141015.2
45314000,Москва,Муниципальный округ Соколиная гора,Всего по обследуемым видам экономической деятельности,2024,162116.6
45315000,Москва,Муниципальный округ Сокольники,Всего по обследуемым видам экономической деятельности,2022,141325.5
45315000,Москва,Муниципальный округ Сокольники,Всего по обследуемым видам экономической деятельности,2023,152076.1
45315000,Москва,Муниципальный округ Сокольники,Всего по обследуемым видам экономической деятельности,2024,180898.4
45316000,Москва,Муниципальный округ Преображенское,Всего по обследуемым видам экономической деятельности,2022,142361.3
45316000,Москва,Муниципальный округ Преображенское,Всего по обследуемым видам экономической деятельности,2023,165967.1
45316000,Москва,Муниципальный округ Преображенское,Всего по обследуемым видам экономической деятельности,2024,197587.9
45317000,Москва,Муниципальный округ Внуково,Всего по обследуемым видам экономической деятельности,2022,130562.4
45317000,Москва,Муниципальный округ Внуково,Всего по обследуемым видам экономической деятельности,2023,136211.2
45317000,Москва,Муниципальный округ Внуково,Всего по обследуемым видам экономической деятельности,2024,158742.3
45318000,Москва,Муниципальный округ Дорогомилово,Всего по обследуемым видам экономической деятельности,2022,152329.6
45318000,Москва,Муниципальный округ Дорогомилово,Всего по обследуемым видам экономической деятельности,2023,171022.7
45318000,Москва,Муниципальный округ Дорогомилово,Всего по обследуемым видам экономической деятельности,2024,183835.8
45319000,Москва,Муниципальный округ Крылатское,Всего по обследуемым видам экономической деятельности,2022,228527.5
45319000,Москва,Муниципальный округ Крылатское,Всего по обследуемым видам экономической деятельности,2023,228246.3
45319000,Москва,Муниципальный округ Крылатское,Всего по обследуемым видам экономической деятельности,2024,251108.1
45320000,Москва,Муниципальный округ Кунцево,Всего по обследуемым видам экономической деятельности,2022,122152.8
45320000,Москва,Муниципальный округ Кунцево,Всего по обследуемым видам экономической деятельности,2023,140429.1
45320000,Москва,Муниципальный округ Кунцево,Всего по обследуемым видам экономической деятельности,2024,153258.6
45321000,Москва,Муниципальный округ Можайский,Всего по обследуемым видам экономической деятельности,2022,178181.8
45321000,Москва,Муниципальный округ Можайский,Всего по обследуемым видам экономической деятельности,2023,188558.6
45321000,Москва,Муниципальный округ Можайский,Всего по обследуемым видам экономической деятельности,2024,219334.6
45322000,Москва,Муниципальный округ Ново-Переделкино,Всего по обследуемым видам экономической деятельности,2022,108771.3
45322000,Москва,Муниципальный округ Ново-Переделкино,Всего по обследуемым видам экономической деятельности,2023,123471.4
45322000,Москва,Муниципальный округ Ново-Переделкино,Всего по обследуемым видам экономической деятельности,2024,121277.8
45323000,Москва,Муниципальный округ Очаково-Матвеевское,Всего по обследуемым видам экономической деятельности,2022,103002.3
45323000,Москва,Муниципальный округ Очаково-Матвеевское,Всего по обследуемым видам экономической деятельности,2023,118511.2
45323000,Москва,Муниципальный округ Очаково-Матвеевское,Всего по обследуемым видам экономической деятельности,2024,143973.4
45324000,Москва,Муниципальный округ Проспект Вернадского,Всего по обследуемым видам экономической деятельности,2022,220360.5
45324000,Москва,Муниципальный округ Проспект Вернадского,Всего по обследуемым видам экономической деятельности,2023,213258.8
45324000,Москва,Муниципальный округ Проспект Вернадского,Всего по обследуемым видам экономической деятельности,2024,317345.3
45325000,Москва,Муниципальный округ Раменки,Всего по обследуемым видам экономической деятельности,2022,123689.8
45325000,Москва,Муниципальный округ Раменки,Всего по обследуемым видам экономической деятельности,2023,138988.7
45325000,Москва,Муниципальный округ Раменки,Всего по обследуемым видам экономической деятельности,2024,162475.6
45326000,Москва,Муниципальный округ Солнцево,Всего по обследуемым видам экономической деятельности,2022,100215.3
45326000,Москва,Муниципальный округ Солнцево,Всего по обследуемым видам экономической деятельности,2023,111895.7
45326000,Москва,Муниципальный округ Солнцево,Всего по обследуемым видам экономической деятельности,2024,121441.6
45327000,Москва,Муниципальный округ Тропарево-Никулино,Всего по обследуемым видам экономической деятельности,2022,118212.1
45327000,Москва,Муниципальный округ Тропарево-Никулино,Всего по обследуемым видам экономической деятельности,2023,146107.0
45327000,Москва,Муниципальный округ Тропарево-Никулино,Всего по обследуемым видам экономической деятельности,2024,179236.2
45328000,Москва,Муниципальный округ Филевский парк,Всего по обследуемым видам экономической деятельности,2022,123772.0
45328000,Москва,Муниципальный округ Филевский парк,Всего по обследуемым видам экономической деятельности,2023,126075.3
45328000,Москва,Муниципальный округ Филевский парк,Всего по обследуемым видам экономической деятельности,2024,163078.2
45329000,Москва,Муниципальный округ Фили-Давыдково,Всего по обследуемым видам экономической деятельности,2022,140916.0
45329000,Москва,Муниципальный округ Фили-Давыдково,Всего по обследуемым видам экономической деятельности,2023,143673.6
45329000,Москва,Муниципальный округ Фили-Давыдково,Всего по обследуемым видам экономической деятельности,2024,163829.5
45330000,Москва,Муниципальный округ Крюково,Всего по обследуемым видам экономической деятельности,2022,105462.0
45330000,Москва,Муниципальный округ Крюково,Всего по обследуемым видам экономической деятельности,2023,97905.9
45330000,Москва,Муниципальный округ Крюково,Всего по обследуемым видам экономической деятельности,2024,108061.4
45331000,Москва,Муниципальный округ Матушкино,Всего по обследуемым видам экономической деятельности,2022,101372.9
45331000,Москва,Муниципальный округ Матушкино,Всего по обследуемым видам экономической деятельности,2023,113361.5
45331000,Москва,Муниципальный округ Матушкино,Всего по обследуемым видам экономической деятельности,2024,146480.9
45332000,Москва,Муниципальный округ Силино,Всего по обследуемым видам экономической деятельности,2022,135077.8
45332000,Москва,Муниципальный округ Силино,Всего по обследуемым видам экономической деятельности,2023,133477.2
45332000,Москва,Муниципальный округ Силино,Всего по обследуемым видам экономической деятельности,2024,161249.9
45333000,Москва,Муниципальный округ Аэропорт,Всего по обследуемым видам экономической деятельности,2022,189825.7
45333000,Москва,Муниципальный округ Аэропорт,Всего по обследуемым видам экономической деятельности,2023,201783.7
45333000,Москва,Муниципальный округ Аэропорт,Всего по обследуемым видам экономической деятельности,2024,241012.2
45334000,Москва,Муниципальный округ Беговой,Всего по обследуемым видам экономической деятельности,2022,149166.2
45334000,Москва,Муниципальный округ Беговой,Всего по обследуемым видам экономической деятельности,2023,163214.2
45334000,Москва,Муниципальный округ Беговой,Всего по обследуемым видам экономической деятельности,2024,192207.0
45335000,Москва,Муниципальный округ Бескудниковский,Всего по обследуемым видам экономической деятельности,2022,136308.4
45335000,Москва,Муниципальный округ Бескудниковский,Всего по обследуемым видам экономической деятельности,2023,147852.8
45335000,Москва,Муниципальный округ Бескудниковский,Всего по обследуемым видам экономической деятельности,2024,159783.3
45336000,Москва,Муниципальный округ Войковский,Всего по обследуемым видам экономической деятельности,2022,179398.2
45336000,Москва,Муниципальный округ Войковский,Всего по обследуемым видам экономической деятельности,2023,189602.1
45336000,Москва,Муниципальный округ Войковский,Всего по обследуемым видам экономической деятельности,2024,218129.8
45337000,Москва,Муниципальный округ Восточное Дегунино,Всего по обследуемым видам экономической деятельности,2022,97418.8
45337000,Москва,Муниципальный округ Восточное Дегунино,Всего по обследуемым видам экономической деятельности,2023,111179.9
45337000,Москва,Муниципальный округ Восточное Дегунино,Всего по обследуемым видам экономической деятельности,2024,124829.0
45338000,Москва,Муниципальный округ Головинский,Всего по обследуемым видам экономической деятельности,2022,122446.6
45338000,Москва,Муниципальный округ Головинский,Всего по обследуемым видам экономической деятельности,2023,130589.9
45338000,Москва,Муниципальный округ Головинский,Всего по обследуемым видам экономической деятельности,2024,151028.1
45339000,Москва,Муниципальный округ Дмитровский,Всего по обследуемым видам экономической деятельности,2022,99053.6
45339000,Москва,Муниципальный округ Дмитровский,Всего по обследуемым видам экономической деятельности,2023,113643.1
45339000,Москва,Муниципальный округ Дмитровский,Всего по обследуемым видам экономической деятельности,2024,129755.4
45340000,Москва,Муниципальный округ Западное Дегунино,Всего по обследуемым видам экономической деятельности,2022,88161.0
45340000,Москва,Муниципальный округ Западное Дегунино,Всего по обследуемым видам экономической деятельности,2023,97175.7
45340000,Москва,Муниципальный округ Западное Дегунино,Всего по обследуемым видам экономической деятельности,2024,118175.0
45341000,Москва,Муниципальный округ Коптево,Всего по обследуемым видам экономической деятельности,2022,154311.4
45341000,Москва,Муниципальный округ Коптево,Всего по обследуемым видам экономической деятельности,2023,180621.8
45341000,Москва,Муниципальный округ Коптево,Всего по обследуемым видам экономической деятельности,2024,190203.9
45342000,Москва,Муниципальный округ Левобережный,Всего по обследуемым видам экономической деятельности,2022,108166.6
45342000,Москва,Муниципальный округ Левобережный,Всего по обследуемым видам экономической деятельности,2023,115172.0
45342000,Москва,Муниципальный округ Левобережный,Всего по обследуемым видам экономической деятельности,2024,137148.0
45343000,Москва,Муниципальный округ Молжаниновский,Всего по обследуемым видам экономической деятельности,2022,203288.3
45343000,Москва,Муниципальный округ Молжаниновский,Всего по обследуемым видам экономической деятельности,2023,146983.8
45343000,Москва,Муниципальный округ Молжаниновский,Всего по обследуемым видам экономической деятельности,2024,140431.6
45344000,Москва,Муниципальный округ Савеловский,Всего по обследуемым видам экономической деятельности,2022,154478.4
45344000,Москва,Муниципальный округ Савеловский,Всего по обследуемым видам экономической деятельности,2023,192543.9
45344000,Москва,Муниципальный округ Савеловский,Всего по обследуемым видам экономической деятельности,2024,215132.7
45345000,Москва,Муниципальный округ Сокол,Всего по обследуемым видам экономической деятельности,2022,122384.1
45345000,Москва,Муниципальный округ Сокол,Всего по обследуемым видам экономической деятельности,2023,126054.3
45345000,Москва,Муниципальный округ Сокол,Всего по обследуемым видам экономической деятельности,2024,142955.5
45346000,Москва,Муниципальный округ Тимирязевский,Всего по обследуемым видам экономической деятельности,2022,175144.4
45346000,Москва,Муниципальный округ Тимирязевский,Всего по обследуемым видам экономической деятельности,2023,198241.3
45346000,Москва,Муниципальный округ Тимирязевский,Всего по обследуемым видам экономической деятельности,2024,216063.6
45347000,Москва,Муниципальный округ Ховрино,Всего по обследуемым видам экономической деятельности,2022,81291.6
45347000,Москва,Муниципальный округ Ховрино,Всего по обследуемым видам экономической деятельности,2023,90752.0
45347000,Москва,Муниципальный округ Ховрино,Всего по обследуемым видам экономической деятельности,2024,106351.2
45348000,Москва,Муниципальный округ Хорошевский,Всего по обследуемым видам экономической деятельности,2022,141975.1
45348000,Москва,Муниципальный округ Хорошевский,Всего по обследуемым видам экономической деятельности,2023,155605.4
45348000,Москва,Муниципальный округ Хорошевский,Всего по обследуемым видам экономической деятельности,2024,183231.2
45349000,Москва,Муниципальный округ Алексеевский,Всего по обследуемым видам экономической деятельности,2022,121160.1
45349000,Москва,Муниципальный округ Алексеевский,Всего по обследуемым видам экономической деятельности,2023,133920.9
45349000,Москва,Муниципальный округ Алексеевский,Всего по обследуемым видам экономической деятельности,2024,150849.0
45350000,Москва,Муниципальный округ Алтуфьевский,Всего по обследуемым видам экономической деятельности,2022,101722.1
45350000,Москва,Муниципальный округ Алтуфьевский,Всего по обследуемым видам экономической деятельности,2023,110908.8
45350000,Москва,Муниципальный округ Алтуфьевский,Всего по обследуемым видам экономической деятельности,2024,129178.4
45351000,Москва,Муниципальный округ Бабушкинский,Всего по обследуемым видам экономической деятельности,2022,103163.8
45351000,Москва,Муниципальный округ Бабушкинский,Всего по обследуемым видам экономической деятельности,2023,115376.0
45351000,Москва,Муниципальный округ Бабушкинский,Всего по обследуемым видам экономической деятельности,2024,130245.0
45352000,Москва,Муниципальный округ Бибирево,Всего по обследуемым видам экономической деятельности,2022,86308.5
45352000,Москва,Муниципальный округ Бибирево,Всего по обследуемым видам экономической деятельности,2023,96744.9
45352000,Москва,Муниципальный округ Бибирево,Всего по обследуемым видам экономической деятельности,2024,100618.5
45353000,Москва,Муниципальный округ Бутырский,Всего по обследуемым видам экономической деятельности,2022,153448.0
45353000,Москва,Муниципальный округ Бутырский,Всего по обследуемым видам экономической деятельности,2023,181375.0
45353000,Москва,Муниципальный округ Бутырский,Всего по обследуемым видам экономической деятельности,2024,205249.2
45354000,Москва,Муниципальный округ Лианозово,Всего по обследуемым видам экономической деятельности,2022,101424.9
45354000,Москва,Муниципальный округ Лианозово,Всего по обследуемым видам экономической деятельности,2023,111316.4
45354000,Москва,Муниципальный округ Лианозово,Всего по обследуемым видам экономической деятельности,2024,133442.7
45355000,Москва,Муниципальный округ Лосиноостровский,Всего по обследуемым видам экономической деятельности,2022,89193.1
45355000,Москва,Муниципальный округ Лосиноостровский,Всего по обследуемым видам экономической деятельности,2023,99340.9
45355000,Москва,Муниципальный округ Лосиноостровский,Всего по обследуемым видам экономической деятельности,2024,115734.3
45356000,Москва,Муниципальный округ Марфино,Всего по обследуемым видам экономической деятельности,2022,105332.2
45356000,Москва,Муниципальный округ Марфино,Всего по обследуемым видам экономической деятельности,2023,123575.7
45356000,Москва,Муниципальный округ Марфино,Всего по обследуемым видам экономической деятельности,2024,140528.6
45357000,Москва,Муниципальный округ Марьина роща,Всего по обследуемым видам экономической деятельности,2022,148654.1
45357000,Москва,Муниципальный округ Марьина роща,Всего по обследуемым видам экономической деятельности,2023,158231.6
45357000,Москва,Муниципальный округ Марьина роща,Всего по обследуемым видам экономической деятельности,2024,184505.8
45358000,Москва,Муниципальный округ Останкинский,Всего по обследуемым видам экономической деятельности,2022,117584.5
45358000,Москва,Муниципальный округ Останкинский,Всего по обследуемым видам экономической деятельности,2023,135269.4
45358000,Москва,Муниципальный округ Останкинский,Всего по обследуемым видам экономической деятельности,2024,167222.6
45359000,Москва,Муниципальный округ Отрадное,Всего по обследуемым видам экономической деятельности,2022,110026.6
45359000,Москва,Муниципальный округ Отрадное,Всего по обследуемым видам экономической деятельности,2023,115435.0
45359000,Москва,Муниципальный округ Отрадное,Всего по обследуемым видам экономической деятельности,2024,131674.3
45360000,Москва,Муниципальный округ Ростокино,Всего по обследуемым видам экономической деятельности,2022,125234.6
45360000,Москва,Муниципальный округ Ростокино,Всего по обследуемым видам экономической деятельности,2023,134827.2
45360000,Москва,Муниципальный округ Ростокино,Всего по обследуемым видам экономической деятельности,2024,152010.4
45361000,Москва,Муниципальный округ Свиблово,Всего по обследуемым видам экономической деятельности,2022,114900.6
45361000,Москва,Муниципальный округ Свиблово,Всего по обследуемым видам экономической деятельности,2023,123690.9
45361000,Москва,Муниципальный округ Свиблово,Всего по обследуемым видам экономической деятельности,2024,139610.7
45362000,Москва,Муниципальный округ Северное Медведково,Всего по обследуемым видам экономической деятельности,2022,96040.9
45362000,Москва,Муниципальный округ Северное Медведково,Всего по обследуемым видам экономической деятельности,2023,108108.8
45362000,Москва,Муниципальный округ Северное Медведково,Всего по обследуемым видам экономической деятельности,2024,121827.0
45363000,Москва,Муниципальный округ Северный,Всего по обследуемым видам экономической деятельности,2022,116118.8
45363000,Москва,Муниципальный округ Северный,Всего по обследуемым видам экономической деятельности,2023,122739.2
45363000,Москва,Муниципальный округ Северный,Всего по обследуемым видам экономической деятельности,2024,120516.1
45364000,Москва,Муниципальный округ Южное Медведково,Всего по обследуемым видам экономической деятельности,2022,90614.0
45364000,Москва,Муниципальный округ Южное Медведково,Всего по обследуемым видам экономической деятельности,2023,100840.0
45364000,Москва,Муниципальный округ Южное Медведково,Всего по обследуемым видам экономической деятельности,2024,115802.8
45365000,Москва,Муниципальный округ Ярославский,Всего по обследуемым видам экономической деятельности,2022,102165.9
45365000,Москва,Муниципальный округ Ярославский,Всего по обследуемым видам экономической деятельности,2023,115221.2
45365000,Москва,Муниципальный округ Ярославский,Всего по обследуемым видам экономической деятельности,2024,133247.7
45366000,Москва,Муниципальный округ Куркино,Всего по обследуемым видам экономической деятельности,2022,99893.7
45366000,Москва,Муниципальный округ Куркино,Всего по обследуемым видам экономической деятельности,2023,107615.1
45366000,Москва,Муниципальный округ Куркино,Всего по обследуемым видам экономической деятельности,2024,125392.2
45367000,Москва,Муниципальный округ Митино,Всего по обследуемым видам экономической деятельности,2022,107577.5
45367000,Москва,Муниципальный округ Митино,Всего по обследуемым видам экономической деятельности,2023,114847.9
45367000,Москва,Муниципальный округ Митино,Всего по обследуемым видам экономической деятельности,2024,122877.5
45368000,Москва,Муниципальный округ Покровское-Стрешнево,Всего по обследуемым видам экономической деятельности,2022,115010.5
45368000,Москва,Муниципальный округ Покровское-Стрешнево,Всего по обследуемым видам экономической деятельности,2023,134426.7
45368000,Москва,Муниципальный округ Покровское-Стрешнево,Всего по обследуемым видам экономической деятельности,2024,175675.7
45369000,Москва,Муниципальный округ Северное Тушино,Всего по обследуемым видам экономической деятельности,2022,101193.1
45369000,Москва,Муниципальный округ Северное Тушино,Всего по обследуемым видам экономической деятельности,2023,112203.2
45369000,Москва,Муниципальный округ Северное Тушино,Всего по обследуемым видам экономической деятельности,2024,127789.4
45370000,Москва,Муниципальный округ Строгино,Всего по обследуемым видам экономической деятельности,2022,99226.1
45370000,Москва,Муниципальный округ Строгино,Всего по обследуемым видам экономической деятельности,2023,114563.1
45370000,Москва,Муниципальный округ Строгино,Всего по обследуемым видам экономической деятельности,2024,137223.0
45371000,Москва,Муниципальный округ Хорошево-Мневники,Всего по обследуемым видам экономической деятельности,2022,124046.9
45371000,Москва,Муниципальный округ Хорошево-Мневники,Всего по обследуемым видам экономической деятельности,2023,126169.9
45371000,Москва,Муниципальный округ Хорошево-Мневники,Всего по обследуемым видам экономической деятельности,2024,144182.2
45372000,Москва,Муниципальный округ Щукино,Всего по обследуемым видам экономической деятельности,2022,139664.6
45372000,Москва,Муниципальный округ Щукино,Всего по обследуемым видам экономической деятельности,2023,142606.9
45372000,Москва,Муниципальный округ Щукино,Всего по обследуемым видам экономической деятельности,2024,166965.1
45373000,Москва,Муниципальный округ Южное Тушино,Всего по обследуемым видам экономической деятельности,2022,124484.3
45373000,Москва,Муниципальный округ Южное Тушино,Всего по обследуемым видам экономической деятельности,2023,132242.4
45373000,Москва,Муниципальный округ Южное Тушино,Всего по обследуемым видам экономической деятельности,2024,153504.9
45374000,Москва,Муниципальный округ Арбат,Всего по обследуемым видам экономической деятельности,2022,198871.8
45374000,Москва,Муниципальный округ Арбат,Всего по обследуемым видам экономической деятельности,2023,221229.7
45374000,Москва,Муниципальный округ Арбат,Всего по обследуемым видам экономической деятельности,2024,247231.3
45375000,Москва,Муниципальный округ Басманный,Всего по обследуемым видам экономической деятельности,2022,148759.7
45375000,Москва,Муниципальный округ Басманный,Всего по обследуемым видам экономической деятельности,2023,163636.0
45375000,Москва,Муниципальный округ Басманный,Всего по обследуемым видам экономической деятельности,2024,187752.5
45376000,Москва,Муниципальный округ Замоскворечье,Всего по обследуемым видам экономической деятельности,2022,185815.1
45376000,Москва,Муниципальный округ Замоскворечье,Всего по обследуемым видам экономической деятельности,2023,197689.8
45376000,Москва,Муниципальный округ Замоскворечье,Всего по обследуемым видам экономической деятельности,2024,224018.5
45377000,Москва,Муниципальный округ Савелки,Всего по обследуемым видам экономической деятельности,2022,109868.1
45377000,Москва,Муниципальный округ Савелки,Всего по обследуемым видам экономической деятельности,2023,125514.6
45377000,Москва,Муниципальный округ Савелки,Всего по обследуемым видам экономической деятельности,2024,138589.8
45378000,Москва,Муниципальный округ Красносельский,Всего по обследуемым видам экономической деятельности,2022,196444.7
45378000,Москва,Муниципальный округ Красносельский,Всего по обследуемым видам экономической деятельности,2023,209765.0
45378000,Москва,Муниципальный округ Красносельский,Всего по обследуемым видам экономической деятельности,2024,246666.7
45379000,Москва,Муниципальный округ Мещанский,Всего по обследуемым видам экономической деятельности,2022,144812.1
45379000,Москва,Муниципальный округ Мещанский,Всего по обследуемым видам экономической деятельности,2023,160785.8
45379000,Москва,Муниципальный округ Мещанский,Всего по обследуемым видам экономической деятельности,2024,191847.6
45380000,Москва,Муниципальный округ Пресненский,Всего по обследуемым видам экономической деятельности,2022,208583.4
45380000,Москва,Муниципальный округ Пресненский,Всего по обследуемым видам экономической деятельности,2023,215044.5
45380000,Москва,Муниципальный округ Пресненский,Всего по обследуемым видам экономической деятельности,2024,257910.1
45381000,Москва,Муниципальный округ Таганский,Всего по обследуемым видам экономической деятельности,2022,160430.2
45381000,Москва,Муниципальный округ Таганский,Всего по обследуемым видам экономической деятельности,2023,175070.8
45381000,Москва,Муниципальный округ Таганский,Всего по обследуемым видам экономической деятельности,2024,207264.0
45382000,Москва,Муниципальный округ Тверской,Всего по обследуемым видам экономической деятельности,2022,183905.1
45382000,Москва,Муниципальный округ Тверской,Всего по обследуемым видам экономической деятельности,2023,209572.8
45382000,Москва,Муниципальный округ Тверской,Всего по обследуемым видам экономической деятельности,2024,231223.2
45383000,Москва,Муниципальный округ Хамовники,Всего по обследуемым видам экономической деятельности,2022,172483.5
45383000,Москва,Муниципальный округ Хамовники,Всего по обследуемым видам экономической деятельности,2023,188890.4
45383000,Москва,Муниципальный округ Хамовники,Всего по обследуемым видам экономической деятельности,2024,214306.4
45384000,Москва,Муниципальный округ Якиманка,Всего по обследуемым видам экономической деятельности,2022,223910.9
45384000,Москва,Муниципальный округ Якиманка,Всего по обследуемым видам экономической деятельности,2023,239561.4
45384000,Москва,Муниципальный округ Якиманка,Всего по обследуемым видам экономической деятельности,2024,289698.4
45385000,Москва,Муниципальный округ Выхино-Жулебино,Всего по обследуемым видам экономической деятельности,2022,108480.2
45385000,Москва,Муниципальный округ Выхино-Жулебино,Всего по обследуемым видам экономической деятельности,2023,121331.8
45385000,Москва,Муниципальный округ Выхино-Жулебино,Всего по обследуемым видам экономической деятельности,2024,136813.5
45386000,Москва,Муниципальный округ Капотня,Всего по обследуемым видам экономической деятельности,2022,133546.0
45386000,Москва,Муниципальный округ Капотня,Всего по обследуемым видам экономической деятельности,2023,151485.1
45386000,Москва,Муниципальный округ Капотня,Всего по обследуемым видам экономической деятельности,2024,167969.9
45387000,Москва,Муниципальный округ Кузьминки,Всего по обследуемым видам экономической деятельности,2022,94460.0
45387000,Москва,Муниципальный округ Кузьминки,Всего по обследуемым видам экономической деятельности,2023,101944.1
45387000,Москва,Муниципальный округ Кузьминки,Всего по обследуемым видам экономической деятельности,2024,115360.6
45388000,Москва,Муниципальный округ Лефортово,Всего по обследуемым видам экономической деятельности,2022,124204.1
45388000,Москва,Муниципальный округ Лефортово,Всего по обследуемым видам экономической деятельности,2023,143186.6
45388000,Москва,Муниципальный округ Лефортово,Всего по обследуемым видам экономической деятельности,2024,161314.5
45389000,Москва,Муниципальный округ Люблино,Всего по обследуемым видам экономической деятельности,2022,81346.1
45389000,Москва,Муниципальный округ Люблино,Всего по обследуемым видам экономической деятельности,2023,90955.5
45389000,Москва,Муниципальный округ Люблино,Всего по обследуемым видам экономической деятельности,2024,103011.1
45390000,Москва,Муниципальный округ Марьино,Всего по обследуемым видам экономической деятельности,2022,88170.4
45390000,Москва,Муниципальный округ Марьино,Всего по обследуемым видам экономической деятельности,2023,94656.9
45390000,Москва,Муниципальный округ Марьино,Всего по обследуемым видам экономической деятельности,2024,113051.7
45391000,Москва,Муниципальный округ Некрасовка,Всего по обследуемым видам экономической деятельности,2022,110051.9
45391000,Москва,Муниципальный округ Некрасовка,Всего по обследуемым видам экономической деятельности,2023,128539.5
45391000,Москва,Муниципальный округ Некрасовка,Всего по обследуемым видам экономической деятельности,2024,161474.2
45392000,Москва,Муниципальный округ Нижегородский,Всего по обследуемым видам экономической деятельности,2022,139593.9
45392000,Москва,Муниципальный округ Нижегородский,Всего по обследуемым видам экономической деятельности,2023,168112.8
45392000,Москва,Муниципальный округ Нижегородский,Всего по обследуемым видам экономической деятельности,2024,234124.8
45393000,Москва,Муниципальный округ Печатники,Всего по обследуемым видам экономической деятельности,2022,105399.4
45393000,Москва,Муниципальный округ Печатники,Всего по обследуемым видам экономической деятельности,2023,133108.2
45393000,Москва,Муниципальный округ Печатники,Всего по обследуемым видам экономической деятельности,2024,153895.3
45394000,Москва,Муниципальный округ Рязанский,Всего по обследуемым видам экономической деятельности,2022,88528.5
45394000,Москва,Муниципальный округ Рязанский,Всего по обследуемым видам экономической деятельности,2023,104882.4
45394000,Москва,Муниципальный округ Рязанский,Всего по обследуемым видам экономической деятельности,2024,120679.8
45395000,Москва,Муниципальный округ Текстильщики,Всего по обследуемым видам экономической деятельности,2022,123383.8
45395000,Москва,Муниципальный округ Текстильщики,Всего по обследуемым видам экономической деятельности,2023,131929.4
45395000,Москва,Муниципальный округ Текстильщики,Всего по обследуемым видам экономической деятельности,2024,156975.9
45396000,Москва,Муниципальный округ Южнопортовый,Всего по обследуемым видам экономической деятельности,2022,135945.1
45396000,Москва,Муниципальный округ Южнопортовый,Всего по обследуемым видам экономической деятельности,2023,145465.5
45396000,Москва,Муниципальный округ Южнопортовый,Всего по обследуемым видам экономической деятельности,2024,172426.0
45397000,Москва,Муниципальный округ Академический,Всего по обследуемым видам экономической деятельности,2022,243997.5
45397000,Москва,Муниципальный округ Академический,Всего по обследуемым видам экономической деятельности,2023,293914.3
45397000,Москва,Муниципальный округ Академический,Всего по обследуемым видам экономической деятельности,2024,341422.7
45398000,Москва,Муниципальный округ Гагаринский,Всего по обследуемым видам экономической деятельности,2022,160658.7
45398000,Москва,Муниципальный округ Гагаринский,Всего по обследуемым видам экономической деятельности,2023,178306.6
45398000,Москва,Муниципальный округ Гагаринский,Всего по обследуемым видам экономической деятельности,2024,204188.1
45901000,Москва,Муниципальный округ Зюзино,Всего по обследуемым видам экономической деятельности,2022,99938.0
45901000,Москва,Муниципальный округ Зюзино,Всего по обследуемым видам экономической деятельности,2023,110317.1
45901000,Москва,Муниципальный округ Зюзино,Всего по обследуемым видам экономической деятельности,2024,126194.2
45902000,Москва,Муниципальный округ Коньково,Всего по обследуемым видам экономической деятельности,2022,123337.3
45902000,Москва,Муниципальный округ Коньково,Всего по обследуемым видам экономической деятельности,2023,136704.0
45902000,Москва,Муниципальный округ Коньково,Всего по обследуемым видам экономической деятельности,2024,164088.8
45903000,Москва,Муниципальный округ Котловка,Всего по обследуемым видам экономической деятельности,2022,135248.2
45903000,Москва,Муниципальный округ Котловка,Всего по обследуемым видам экономической деятельности,2023,149512.0
45903000,Москва,Муниципальный округ Котловка,Всего по обследуемым видам экономической деятельности,2024,159641.6
45904000,Москва,Муниципальный округ Ломоносовский,Всего по обследуемым видам экономической деятельности,2022,120511.4
45904000,Москва,Муниципальный округ Ломоносовский,Всего по обследуемым видам экономической деятельности,2023,143862.4
45904000,Москва,Муниципальный округ Ломоносовский,Всего по обследуемым видам экономической деятельности,2024,164648.3
45905000,Москва,Муниципальный округ Обручевский,Всего по обследуемым видам экономической деятельности,2022,137491.4
45905000,Москва,Муниципальный округ Обручевский,Всего по обследуемым видам экономической деятельности,2023,149903.7
45905000,Москва,Муниципальный округ Обручевский,Всего по обследуемым видам экономической деятельности,2024,164188.7
45906000,Москва,Муниципальный округ Северное Бутово,Всего по обследуемым видам экономической деятельности,2022,106564.6
45906000,Москва,Муниципальный округ Северное Бутово,Всего по обследуемым видам экономической деятельности,2023,118261.2
45906000,Москва,Муниципальный округ Северное Бутово,Всего по обследуемым видам экономической деятельности,2024,140130.2
45907000,Москва,Муниципальный округ Теплый Стан,Всего по обследуемым видам экономической деятельности,2022,97111.6
45907000,Москва,Муниципальный округ Теплый Стан,Всего по обследуемым видам экономической деятельности,2023,108483.7
45907000,Москва,Муниципальный округ Теплый Стан,Всего по обследуемым видам экономической деятельности,2024,121234.8
45908000,Москва,Муниципальный округ Черемушки,Всего по обследуемым видам экономической деятельности,2022,180912.6
45908000,Москва,Муниципальный округ Черемушки,Всего по обследуемым видам экономической деятельности,2023,199587.2
45908000,Москва,Муниципальный округ Черемушки,Всего по обследуемым видам экономической деятельности,2024,235335.8
45909000,Москва,Муниципальный округ Южное Бутово,Всего по обследуемым видам экономической деятельности,2022,93873.4
45909000,Москва,Муниципальный округ Южное Бутово,Всего по обследуемым видам экономической деятельности,2023,102528.6
45909000,Москва,Муниципальный округ Южное Бутово,Всего по обследуемым видам экономической деятельности,2024,116897.0
45910000,Москва,Муниципальный округ Ясенево,Всего по обследуемым видам экономической деятельности,2022,110175.2
45910000,Москва,Муниципальный округ Ясенево,Всего по обследуемым видам экономической деятельности,2023,124786.3
45910000,Москва,Муниципальный округ Ясенево,Всего по обследуемым видам экономической деятельности,2024,148214.9
45911000,Москва,Муниципальный округ Бирюлево Восточное,Всего по обследуемым видам экономической деятельности,2022,108516.9
45911000,Москва,Муниципальный округ Бирюлево Восточное,Всего по обследуемым видам экономической деятельности,2023,99382.1
45911000,Москва,Муниципальный округ Бирюлево Восточное,Всего по обследуемым видам экономической деятельности,2024,122129.0
45912000,Москва,Муниципальный округ Бирюлево Западное,Всего по обследуемым видам экономической деятельности,2022,97422.3
45912000,Москва,Муниципальный округ Бирюлево Западное,Всего по обследуемым видам экономической деятельности,2023,108517.8
45912000,Москва,Муниципальный округ Бирюлево Западное,Всего по обследуемым видам экономической деятельности,2024,126319.5
45913000,Москва,Муниципальный округ Братеево,Всего по обследуемым видам экономической деятельности,2022,86672.9
45913000,Москва,Муниципальный округ Братеево,Всего по обследуемым видам экономической деятельности,2023,97966.6
45913000,Москва,Муниципальный округ Братеево,Всего по обследуемым видам экономической деятельности,2024,108766.1
45914000,Москва,Муниципальный округ Даниловский,Всего по обследуемым видам экономической деятельности,2022,158215.4
45914000,Москва,Муниципальный округ Даниловский,Всего по обследуемым видам экономической деятельности,2023,174730.8
45914000,Москва,Муниципальный округ Даниловский,Всего по обследуемым видам экономической деятельности,2024,209472.4
45915000,Москва,Муниципальный округ Донской,Всего по обследуемым видам экономической деятельности,2022,155893.4
45915000,Москва,Муниципальный округ Донской,Всего по обследуемым видам экономической деятельности,2023,171922.1
45915000,Москва,Муниципальный округ Донской,Всего по обследуемым видам экономической деятельности,2024,190541.9
45916000,Москва,Муниципальный округ Зябликово,Всего по обследуемым видам экономической деятельности,2022,134193.8
45916000,Москва,Муниципальный округ Зябликово,Всего по обследуемым видам экономической деятельности,2023,149148.7
45916000,Москва,Муниципальный округ Зябликово,Всего по обследуемым видам экономической деятельности,2024,167071.2
45917000,Москва,Муниципальный округ Москворечье-Сабурово,Всего по обследуемым видам экономической деятельности,2022,110814.2
45917000,Москва,Муниципальный округ Москворечье-Сабурово,Всего по обследуемым видам экономической деятельности,2023,124460.0
45917000,Москва,Муниципальный округ Москворечье-Сабурово,Всего по обследуемым видам экономической деятельности,2024,138021.5
45918000,Москва,Муниципальный округ Нагатино-Садовники,Всего по обследуемым видам экономической деятельности,2022,125177.2
45918000,Москва,Муниципальный округ Нагатино-Садовники,Всего по обследуемым видам экономической деятельности,2023,140219.1
45918000,Москва,Муниципальный округ Нагатино-Садовники,Всего по обследуемым видам экономической деятельности,2024,159567.9
45919000,Москва,Муниципальный округ Нагатинский затон,Всего по обследуемым видам экономической деятельности,2022,77939.6
45919000,Москва,Муниципальный округ Нагатинский затон,Всего по обследуемым видам экономической деятельности,2023,90189.2
45919000,Москва,Муниципальный округ Нагатинский затон,Всего по обследуемым видам экономической деятельности,2024,130753.7
45920000,Москва,Муниципальный округ Нагорный,Всего по обследуемым видам экономической деятельности,2022,149100.9
45920000,Москва,Муниципальный округ Нагорный,Всего по обследуемым видам экономической деятельности,2023,180445.8
45920000,Москва,Муниципальный округ Нагорный,Всего по обследуемым видам экономической деятельности,2024,219575.6
45921000,Москва,Муниципальный округ Орехово-Борисово Северное,Всего по обследуемым видам экономической деятельности,2022,90706.0
45921000,Москва,Муниципальный округ Орехово-Борисово Северное,Всего по обследуемым видам экономической деятельности,2023,108302.6
45921000,Москва,Муниципальный округ Орехово-Борисово Северное,Всего по обследуемым видам экономической деятельности,2024,118742.5
45922000,Москва,Муниципальный округ Орехово-Борисово Южное,Всего по обследуемым видам экономической деятельности,2022,90360.4
45922000,Москва,Муниципальный округ Орехово-Борисово Южное,Всего по обследуемым видам экономической деятельности,2023,103100.1
45922000,Москва,Муниципальный округ Орехово-Борисово Южное,Всего по обследуемым видам экономической деятельности,2024,122290.3
45923000,Москва,Муниципальный округ Царицыно,Всего по обследуемым видам экономической деятельности,2022,96417.5
45923000,Москва,Муниципальный округ Царицыно,Всего по обследуемым видам экономической деятельности,2023,105259.2
45923000,Москва,Муниципальный округ Царицыно,Всего по обследуемым видам экономической деятельности,2024,125095.9
45924000,Москва,Муниципальный округ Чертаново Северное,Всего по обследуемым видам экономической деятельности,2022,134485.0
45924000,Москва,Муниципальный округ Чертаново Северное,Всего по обследуемым видам экономической деятельности,2023,151554.7
45924000,Москва,Муниципальный округ Чертаново Северное,Всего по обследуемым видам экономической деятельности,2024,164137.5
45925000,Москва,Муниципальный округ Чертаново Центральное,Всего по обследуемым видам экономической деятельности,2022,100395.4
45925000,Москва,Муниципальный округ Чертаново Центральное,Всего по обследуемым видам экономической деятельности,2023,109404.0
45925000,Москва,Муниципальный округ Чертаново Центральное,Всего по обследуемым видам экономической деятельности,2024,125365.5
45926000,Москва,Муниципальный округ Чертаново Южное,Всего по обследуемым видам экономической деятельности,2022,113481.6
45926000,Москва,Муниципальный округ Чертаново Южное,Всего по обследуемым видам экономической деятельности,2023,125516.7
45926000,Москва,Муниципальный округ Чертаново Южное,Всего по обследуемым видам экономической деятельности,2024,152138.1
45927000,Москва,Муниципальный округ Старое Крюково,Всего по обследуемым видам экономической деятельности,2022,109129.7
45927000,Москва,Муниципальный округ Старое Крюково,Всего по обследуемым видам экономической деятельности,2023,128776.8
45927000,Москва,Муниципальный округ Старое Крюково,Всего по обследуемым видам экономической деятельности,2024,160068.6
45931000,Москва,Городской округ Троицк,Всего по обследуемым видам экономической деятельности,2022,97740.8
45931000,Москва,Городской округ Троицк,Всего по обследуемым видам экономической деятельности,2023,108499.6
45931000,Москва,Городской округ Троицк,Всего по обследуемым видам экономической деятельности,2024,125638.0
45932000,Москва,Городской округ Щербинка,Всего по обследуемым видам экономической деятельности,2022,111051.9
45932000,Москва,Городской округ Щербинка,Всего по обследуемым видам экономической деятельности,2023,127559.9
45932000,Москва,Городской округ Щербинка,Всего по обследуемым видам экономической деятельности,2024,141844.7
45941000,Москва,Поселение Внуковское,Всего по обследуемым видам экономической деятельности,2022,110806.5
45941000,Москва,Поселение Внуковское,Всего по обследуемым видам экономической деятельности,2023,118747.7
45941000,Москва,Поселение Внуковское,Всего по обследуемым видам экономической деятельности,2024,135886.0
45942000,Москва,Поселение Воскресенское,Всего по обследуемым видам экономической деятельности,2022,69156.4
45942000,Москва,Поселение Воскресенское,Всего по обследуемым видам экономической деятельности,2023,90931.3
45942000,Москва,Поселение Воскресенское,Всего по обследуемым видам экономической деятельности,2024,110214.4
45943000,Москва,Поселение Вороновское,Всего по обследуемым видам экономической деятельности,2022,93989.5
45943000,Москва,Поселение Вороновское,Всего по обследуемым видам экономической деятельности,2023,104463.2
45943000,Москва,Поселение Вороновское,Всего по обследуемым видам экономической деятельности,2024,119990.0
45944000,Москва,Поселение Десеновское,Всего по обследуемым видам экономической деятельности,2022,89171.7
45944000,Москва,Поселение Десеновское,Всего по обследуемым видам экономической деятельности,2023,94985.5
45944000,Москва,Поселение Десеновское,Всего по обследуемым видам экономической деятельности,2024,111816.1
45945000,Москва,Поселение Киевский,Всего по обследуемым видам экономической деятельности,2022,87160.5
45945000,Москва,Поселение Киевский,Всего по обследуемым видам экономической деятельности,2023,94893.5
45945000,Москва,Поселение Киевский,Всего по обследуемым видам экономической деятельности,2024,109628.8
45946000,Москва,Поселение Кленовское,Всего по обследуемым видам экономической деятельности,2022,65504.0
45946000,Москва,Поселение Кленовское,Всего по обследуемым видам экономической деятельности,2023,77016.9
45946000,Москва,Поселение Кленовское,Всего по обследуемым видам экономической деятельности,2024,93209.0
45947000,Москва,Поселение Кокошкино,Всего по обследуемым видам экономической деятельности,2022,131168.9
45947000,Москва,Поселение Кокошкино,Всего по обследуемым видам экономической деятельности,2023,148016.3
45947000,Москва,Поселение Кокошкино,Всего по обследуемым видам экономической деятельности,2024,185658.9
45948000,Москва,Поселение Краснопахорское,Всего по обследуемым видам экономической деятельности,2022,99262.8
45948000,Москва,Поселение Краснопахорское,Всего по обследуемым видам экономической деятельности,2023,106844.5
45948000,Москва,Поселение Краснопахорское,Всего по обследуемым видам экономической деятельности,2024,121098.4
45949000,Москва,Поселение Марушкинское,Всего по обследуемым видам экономической деятельности,2022,86629.8
45949000,Москва,Поселение Марушкинское,Всего по обследуемым видам экономической деятельности,2023,97345.2
45949000,Москва,Поселение Марушкинское,Всего по обследуемым видам экономической деятельности,2024,116707.6
45951000,Москва,Поселение Михайлово-Ярцевское,Всего по обследуемым видам экономической деятельности,2022,84282.2
45951000,Москва,Поселение Михайлово-Ярцевское,Всего по обследуемым видам экономической деятельности,2023,93667.3
45951000,Москва,Поселение Михайлово-Ярцевское,Всего по обследуемым видам экономической деятельности,2024,107179.7
45952000,Москва,Поселение Московский,Всего по обследуемым видам экономической деятельности,2022,195123.6
45952000,Москва,Поселение Московский,Всего по обследуемым видам экономической деятельности,2023,193894.7
45952000,Москва,Поселение Московский,Всего по обследуемым видам экономической деятельности,2024,240641.4
45953000,Москва,Поселение «Мосрентген»,Всего по обследуемым видам экономической деятельности,2022,93011.6
45953000,Москва,Поселение «Мосрентген»,Всего по обследуемым видам экономической деятельности,2023,105013.2
45953000,Москва,Поселение «Мосрентген»,Всего по обследуемым видам экономической деятельности,2024,134899.1
45954000,Москва,Поселение Новофедоровское,Всего по обследуемым видам экономической деятельности,2022,69212.5
45954000,Москва,Поселение Новофедоровское,Всего по обследуемым видам экономической деятельности,2023,81933.5
45954000,Москва,Поселение Новофедоровское,Всего по обследуемым видам экономической деятельности,2024,104248.9
45955000,Москва,Поселение Первомайское,Всего по обследуемым видам экономической деятельности,2022,101693.3
45955000,Москва,Поселение Первомайское,Всего по обследуемым видам экономической деятельности,2023,105665.4
45955000,Москва,Поселение Первомайское,Всего по обследуемым видам экономической деятельности,2024,90102.0
45956000,Москва,Поселение Роговское,Всего по обследуемым видам экономической деятельности,2022,91730.4
45956000,Москва,Поселение Роговское,Всего по обследуемым видам экономической деятельности,2023,99287.0
45956000,Москва,Поселение Роговское,Всего по обследуемым видам экономической деятельности,2024,182569.0
45957000,Москва,Поселение Рязановское,Всего по обследуемым видам экономической деятельности,2022,169984.4
45957000,Москва,Поселение Рязановское,Всего по обследуемым видам экономической деятельности,2023,176897.9
45957000,Москва,Поселение Рязановское,Всего по обследуемым видам экономической деятельности,2024,175654.3
45958000,Москва,Поселение Сосенское,Всего по обследуемым видам экономической деятельности,2022,131657.6
45958000,Москва,Поселение Сосенское,Всего по обследуемым видам экономической деятельности,2023,142615.6
45958000,Москва,Поселение Сосенское,Всего по обследуемым видам экономической деятельности,2024,161868.4
45959000,Москва,Поселение Филимонковское,Всего по обследуемым видам экономической деятельности,2022,82383.8
45959000,Москва,Поселение Филимонковское,Всего по обследуемым видам экономической деятельности,2023,92737.3
45959000,Москва,Поселение Филимонковское,Всего по обследуемым видам экономической деятельности,2024,105347.3
45961000,Москва,Поселение Щаповское,Всего по обследуемым видам экономической деятельности,2022,75282.0
45961000,Москва,Поселение Щаповское,Всего по обследуемым видам экономической деятельности,2023,84560.0
45961000,Москва,Поселение Щаповское,Всего по обследуемым видам экономической деятельности,2024,100707.3
46704000,Московская область,Балашиха,Всего по обследуемым видам экономической деятельности,2022,76406.3
46704000,Московская область,Балашиха,Всего по обследуемым видам экономической деятельности,2023,86622.4
46704000,Московская область,Балашиха,Всего по обследуемым видам экономической деятельности,2024,102186.6
46705000,Московская область,Бронницы,Всего по обследуемым видам экономической деятельности,2022,65100.2
46705000,Московская область,Бронницы,Всего по обследуемым видам экономической деятельности,2023,69765.3
46705000,Московская область,Бронницы,Всего по обследуемым видам экономической деятельности,2024,79343.4
46707000,Московская область,Ленинский,Всего по обследуемым видам экономической деятельности,2022,90563.7
46707000,Московская область,Ленинский,Всего по обследуемым видам экономической деятельности,2023,99489.7
46707000,Московская область,Ленинский,Всего по обследуемым видам экономической деятельности,2024,118959.9
46708000,Московская область,Волоколамский,Всего по обследуемым видам экономической деятельности,2022,59882.6
46708000,Московская область,Волоколамский,Всего по обследуемым видам экономической деятельности,2023,66102.7
46708000,Московская область,Волоколамский,Всего по обследуемым видам экономической деятельности,2024,77087.1
46709000,Московская область,Домодедово,Всего по обследуемым видам экономической деятельности,2022,83823.7
46709000,Московская область,Домодедово,Всего по обследуемым видам экономической деятельности,2023,98184.7
46709000,Московская область,Домодедово,Всего по обследуемым видам экономической деятельности,2024,116808.3
46710000,Московская область,Воскресенск,Всего по обследуемым видам экономической деятельности,2022,63900.6
46710000,Московская область,Воскресенск,Всего по обследуемым видам экономической деятельности,2023,74513.3
46710000,Московская область,Воскресенск,Всего по обследуемым видам экономической деятельности,2024,89073.4
46711000,Московская область,Дзержинский,Всего по обследуемым видам экономической деятельности,2022,76110.5
46711000,Московская область,Дзержинский,Всего по обследуемым видам экономической деятельности,2023,91279.6
46711000,Московская область,Дзержинский,Всего по обследуемым видам экономической деятельности,2024,108785.2
46715000,Московская область,Дмитровский,Всего по обследуемым видам экономической деятельности,2022,66097.2
46715000,Московская область,Дмитровский,Всего по обследуемым видам экономической деятельности,2023,76323.5
46715000,Московская область,Дмитровский,Всего по обследуемым видам экономической деятельности,2024,89670.2
46716000,Московская область,Долгопрудный,Всего по обследуемым видам экономической деятельности,2022,100256.8
46716000,Московская область,Долгопрудный,Всего по обследуемым видам экономической деятельности,2023,117128.7
46716000,Московская область,Долгопрудный,Всего по обследуемым видам экономической деятельности,2024,140511.0
46718000,Московская область,Дубна,Всего по обследуемым видам экономической деятельности,2022,80379.9
46718000,Московская область,Дубна,Всего по обследуемым видам экономической деятельности,2023,98390.0
46718000,Московская область,Дубна,Всего по обследуемым видам экономической деятельности,2024,119658.1
46722000,Московская область,Егорьевск,Всего по обследуемым видам экономической деятельности,2022,61478.5
46722000,Московская область,Егорьевск,Всего по обследуемым видам экономической деятельности,2023,70495.4
46722000,Московская область,Егорьевск,Всего по обследуемым видам экономической деятельности,2024,82618.9
46725000,Московская область,Жуковский,Всего по обследуемым видам экономической деятельности,2022,89788.0
46725000,Московская область,Жуковский,Всего по обследуемым видам экономической деятельности,2023,100376.7
46725000,Московская область,Жуковский,Всего по обследуемым видам экономической деятельности,2024,116756.8
46728000,Московская область,Сергиево-Посадский,Всего по обследуемым видам экономической деятельности,2022,65534.0
46728000,Московская область,Сергиево-Посадский,Всего по обследуемым видам экономической деятельности,2023,75172.2
46728000,Московская область,Сергиево-Посадский,Всего по обследуемым видам экономической деятельности,2024,90162.6
46729000,Московская область,Зарайск,Всего по обследуемым видам экономической деятельности,2022,50699.5
46729000,Московская область,Зарайск,Всего по обследуемым видам экономической деятельности,2023,54965.2
46729000,Московская область,Зарайск,Всего по обследуемым видам экономической деятельности,2024,65077.5
46733000,Московская область,Истра,Всего по обследуемым видам экономической деятельности,2022,84391.2
46733000,Московская область,Истра,Всего по обследуемым видам экономической деятельности,2023,93404.9
46733000,Московская область,Истра,Всего по обследуемым видам экономической деятельности,2024,111672.8
46734000,Московская область,Королев,Всего по обследуемым видам экономической деятельности,2022,89562.3
46734000,Московская область,Королев,Всего по обследуемым видам экономической деятельности,2023,100514.8
46734000,Московская область,Королев,Всего по обследуемым видам экономической деятельности,2024,117436.2
46735000,Московская область,Кашира,Всего по обследуемым видам экономической деятельности,2022,59665.7
46735000,Московская область,Кашира,Всего по обследуемым видам экономической деятельности,2023,70270.0
46735000,Московская область,Кашира,Всего по обследуемым видам экономической деятельности,2024,85341.4
46737000,Московская область,Клин,Всего по обследуемым видам экономической деятельности,2022,63202.8
46737000,Московская область,Клин,Всего по обследуемым видам экономической деятельности,2023,69842.4
46737000,Московская область,Клин,Всего по обследуемым видам экономической деятельности,2024,82878.8
46738000,Московская область,Коломна,Всего по обследуемым видам экономической деятельности,2022,63163.0
46738000,Московская область,Коломна,Всего по обследуемым видам экономической деятельности,2023,72830.8
46738000,Московская область,Коломна,Всего по обследуемым видам экономической деятельности,2024,88235.0
46739000,Московская область,Котельники,Всего по обследуемым видам экономической деятельности,2022,83050.4
46739000,Московская область,Котельники,Всего по обследуемым видам экономической деятельности,2023,103526.5
46739000,Московская область,Котельники,Всего по обследуемым видам экономической деятельности,2024,118773.0
46740000,Московская область,Лобня,Всего по обследуемым видам экономической деятельности,2022,108084.1
46740000,Московская область,Лобня,Всего по обследуемым видам экономической деятельности,2023,124486.4
46740000,Московская область,Лобня,Всего по обследуемым видам экономической деятельности,2024,161420.5
46741000,Московская область,Лыткарино,Всего по обследуемым видам экономической деятельности,2022,77551.0
46741000,Московская область,Лыткарино,Всего по обследуемым видам экономической деятельности,2023,93063.4
46741000,Московская область,Лыткарино,Всего по обследуемым видам экономической деятельности,2024,111222.9
46742000,Московская область,Лосино-Петровский,Всего по обследуемым видам экономической деятельности,2022,55580.1
46742000,Московская область,Лосино-Петровский,Всего по обследуемым видам экономической деятельности,2023,67355.0
46742000,Московская область,Лосино-Петровский,Всего по обследуемым видам экономической деятельности,2024,78580.1
46744000,Московская область,Красногорск,Всего по обследуемым видам экономической деятельности,2022,103280.4
46744000,Московская область,Красногорск,Всего по обследуемым видам экономической деятельности,2023,116060.7
46744000,Московская область,Красногорск,Всего по обследуемым видам экономической деятельности,2024,137301.9
46745000,Московская область,Можайский,Всего по обследуемым видам экономической деятельности,2022,54317.5
46745000,Московская область,Можайский,Всего по обследуемым видам экономической деятельности,2023,62005.2
46745000,Московская область,Можайский,Всего по обследуемым видам экономической деятельности,2024,71940.1
46746000,Московская область,Мытищи,Всего по обследуемым видам экономической деятельности,2022,82134.8
46746000,Московская область,Мытищи,Всего по обследуемым видам экономической деятельности,2023,93877.4
46746000,Московская область,Мытищи,Всего по обследуемым видам экономической деятельности,2024,110614.2
46747000,Московская область,Луховицы,Всего по обследуемым видам экономической деятельности,2022,67596.9
46747000,Московская область,Луховицы,Всего по обследуемым видам экономической деятельности,2023,77869.4
46747000,Московская область,Луховицы,Всего по обследуемым видам экономической деятельности,2024,92259.2
46748000,Московская область,Люберцы,Всего по обследуемым видам экономической деятельности,2022,85591.1
46748000,Московская область,Люберцы,Всего по обследуемым видам экономической деятельности,2023,95882.0
46748000,Московская область,Люберцы,Всего по обследуемым видам экономической деятельности,2024,112072.0
46750000,Московская область,Наро-Фоминский,Всего по обследуемым видам экономической деятельности,2022,65974.6
46750000,Московская область,Наро-Фоминский,Всего по обследуемым видам экономической деятельности,2023,74749.2
46750000,Московская область,Наро-Фоминский,Всего по обследуемым видам экономической деятельности,2024,89700.3
46751000,Московская область,Богородский,Всего по обследуемым видам экономической деятельности,2022,73026.8
46751000,Московская область,Богородский,Всего по обследуемым видам экономической деятельности,2023,88119.4
46751000,Московская область,Богородский,Всего по обследуемым видам экономической деятельности,2024,106506.2
46752000,Московская область,Лотошино,Всего по обследуемым видам экономической деятельности,2022,45657.7
46752000,Московская область,Лотошино,Всего по обследуемым видам экономической деятельности,2023,51628.3
46752000,Московская область,Лотошино,Всего по обследуемым видам экономической деятельности,2024,61386.3
46755000,Московская область,Одинцовский,Всего по обследуемым видам экономической деятельности,2022,88398.0
46755000,Московская область,Одинцовский,Всего по обследуемым видам экономической деятельности,2023,102437.9
46755000,Московская область,Одинцовский,Всего по обследуемым видам экономической деятельности,2024,127207.5
46757000,Московская область,Орехово-Зуевский,Всего по обследуемым видам экономической деятельности,2022,63087.7
46757000,Московская область,Орехово-Зуевский,Всего по обследуемым видам экономической деятельности,2023,70848.8
46757000,Московская область,Орехово-Зуевский,Всего по обследуемым видам экономической деятельности,2024,84913.1
46758000,Московская область,Пушкинский,Всего по обследуемым видам экономической деятельности,2022,65365.3
46758000,Московская область,Пушкинский,Всего по обследуемым видам экономической деятельности,2023,73857.3
46758000,Московская область,Пушкинский,Всего по обследуемым видам экономической деятельности,2024,88257.1
46759000,Московская область,Павлово-Посадский,Всего по обследуемым видам экономической деятельности,2022,64439.6
46759000,Московская область,Павлово-Посадский,Всего по обследуемым видам экономической деятельности,2023,72580.1
46759000,Московская область,Павлово-Посадский,Всего по обследуемым видам экономической деятельности,2024,81198.2
46760000,Московская область,Подольск,Всего по обследуемым видам экономической деятельности,2022,83289.9
46760000,Московская область,Подольск,Всего по обследуемым видам экономической деятельности,2023,147439.8
46760000,Московская область,Подольск,Всего по обследуемым видам экономической деятельности,2024,172415.1
46762000,Московская область,Пущино,Всего по обследуемым видам экономической деятельности,2022,66639.0
46762000,Московская область,Пущино,Всего по обследуемым видам экономической деятельности,2023,75689.1
46762000,Московская область,Пущино,Всего по обследуемым видам экономической деятельности,2024,86843.1
46764000,Московская область,Реутов,Всего по обследуемым видам экономической деятельности,2022,76944.8
46764000,Московская область,Реутов,Всего по обследуемым видам экономической деятельности,2023,87814.7
46764000,Московская область,Реутов,Всего по обследуемым видам экономической деятельности,2024,107100.5
46766000,Московская область,Рузский,Всего по обследуемым видам экономической деятельности,2022,70055.0
46766000,Московская область,Рузский,Всего по обследуемым видам экономической деятельности,2023,77927.4
46766000,Московская область,Рузский,Всего по обследуемым видам экономической деятельности,2024,91991.8
46767000,Московская область,Протвино,Всего по обследуемым видам экономической деятельности,2022,66888.2
46767000,Московская область,Протвино,Всего по обследуемым видам экономической деятельности,2023,74037.2
46767000,Московская область,Протвино,Всего по обследуемым видам экономической деятельности,2024,91076.8
46768000,Московская область,Раменский,Всего по обследуемым видам экономической деятельности,2022,70280.9
46768000,Московская область,Раменский,Всего по обследуемым видам экономической деятельности,2023,82690.5
46768000,Московская область,Раменский,Всего по обследуемым видам экономической деятельности,2024,97837.0
46770000,Московская область,Серпухов,Всего по обследуемым видам экономической деятельности,2022,64432.3
46770000,Московская область,Серпухов,Всего по обследуемым видам экономической деятельности,2023,74089.1
46770000,Московская область,Серпухов,Всего по обследуемым видам экономической деятельности,2024,95253.0
46771000,Московская область,Солнечногорск,Всего по обследуемым видам экономической деятельности,2022,75901.0
46771000,Московская область,Солнечногорск,Всего по обследуемым видам экономической деятельности,2023,83300.6
46771000,Московская область,Солнечногорск,Всего по обследуемым видам экономической деятельности,2024,102601.2
46772000,Московская область,Серебряные Пруды,Всего по обследуемым видам экономической деятельности,2022,55767.5
46772000,Московская область,Серебряные Пруды,Всего по обследуемым видам экономической деятельности,2023,60610.8
46772000,Московская область,Серебряные Пруды,Всего по обследуемым видам экономической деятельности,2024,70705.8
46776000,Московская область,Ступино,Всего по обследуемым видам экономической деятельности,2022,71437.2
46776000,Московская область,Ступино,Всего по обследуемым видам экономической деятельности,2023,79652.0
46776000,Московская область,Ступино,Всего по обследуемым видам экономической деятельности,2024,102284.6
46778000,Московская область,Талдомский,Всего по обследуемым видам экономической деятельности,2022,62957.9
46778000,Московская область,Талдомский,Всего по обследуемым видам экономической деятельности,2023,71718.4
46778000,Московская область,Талдомский,Всего по обследуемым видам экономической деятельности,2024,86441.7
46780000,Московская область,Фрязино,Всего по обследуемым видам экономической деятельности,2022,100555.4
46780000,Московская область,Фрязино,Всего по обследуемым видам экономической деятельности,2023,109113.8
46780000,Московская область,Фрязино,Всего по обследуемым видам экономической деятельности,2024,123955.5
46781000,Московская область,Черноголовка,Всего по обследуемым видам экономической деятельности,2022,100583.5
46781000,Московская область,Черноголовка,Всего по обследуемым видам экономической деятельности,2023,120913.9
46781000,Московская область,Черноголовка,Всего по обследуемым видам экономической деятельности,2024,142578.8
46783000,Московская область,Химки,Всего по обследуемым видам экономической деятельности,2022,99279.2
46783000,Московская область,Химки,Всего по обследуемым видам экономической деятельности,2023,111442.0
46783000,Московская область,Химки,Всего по обследуемым видам экономической деятельности,2024,132724.0
46784000,Московская область,Чехов,Всего по обследуемым видам экономической деятельности,2022,64856.4
46784000,Московская область,Чехов,Всего по обследуемым видам экономической деятельности,2023,75162.3
46784000,Московская область,Чехов,Всего по обследуемым видам экономической деятельности,2024,92079.7
46786000,Московская область,Шатура,Всего по обследуемым видам экономической деятельности,2022,56141.0
46786000,Московская область,Шатура,Всего по обследуемым видам экономической деятельности,2023,62910.2
46786000,Московская область,Шатура,Всего по обследуемым видам экономической деятельности,2024,72601.9
46787000,Московская область,Шаховская,Всего по обследуемым видам экономической деятельности,2022,56647.4
46787000,Московская область,Шаховская,Всего по обследуемым видам экономической деятельности,2023,62235.9
46787000,Московская область,Шаховская,Всего по обследуемым видам экономической деятельности,2024,71927.4
46788000,Московская область,Щёлково,Всего по обследуемым видам экономической деятельности,2022,75213.6
46788000,Московская область,Щёлково,Всего по обследуемым видам экономической деятельности,2023,85691.3
46788000,Московская область,Щёлково,Всего по обследуемым видам экономической деятельности,2024,99529.8
46790000,Московская область,Электросталь,Всего по обследуемым видам экономической деятельности,2022,67779.0
46790000,Московская область,Электросталь,Всего по обследуемым видам экономической деятельности,2023,118347.4
46790000,Московская область,Электросталь,Всего по обследуемым видам экономической деятельности,2024,174519.6
46791000,Московская область,Электрогорск,Всего по обследуемым видам экономической деятельности,2022,55167.3
46791000,Московская область,Электрогорск,Всего по обследуемым видам экономической деятельности,2023,62289.8
47515000,Мурманская область,Печенгский муниципальный округ,Всего по обследуемым видам экономической деятельности,2022,90949.4
47515000,Мурманская область,Печенгский муниципальный округ,Всего по обследуемым видам экономической деятельности,2023,95301.2
47515000,Мурманская область,Печенгский муниципальный округ,Всего по обследуемым видам экономической деятельности,2024,106442.9
47517000,Мурманская область,Ковдорский муниципальный округ,Всего по обследуемым видам экономической деятельности,2022,87082.4
47517000,Мурманская область,Ковдорский муниципальный округ,Всего по обследуемым видам экономической деятельности,2023,97098.6
47517000,Мурманская область,Ковдорский муниципальный округ,Всего по обследуемым видам экономической деятельности,2024,118867.3
47519000,Мурманская область,Город Апатиты,Всего по обследуемым видам экономической деятельности,2022,76697.1
47519000,Мурманская область,Город Апатиты,Всего по обследуемым видам экономической деятельности,2023,87323.0
47519000,Мурманская область,Город Апатиты,Всего по обследуемым видам экономической деятельности,2024,100902.6
47522000,Мурманская область,Город Кировск,Всего по обследуемым видам экономической деятельности,2022,109923.0
47522000,Мурманская область,Город Кировск,Всего по обследуемым видам экономической деятельности,2023,127682.0
47522000,Мурманская область,Город Кировск,Всего по обследуемым видам экономической деятельности,2024,155467.1
47524000,Мурманская область,Город Мончегорск,Всего по обследуемым видам экономической деятельности,2022,94588.9
47524000,Мурманская область,Город Мончегорск,Всего по обследуемым видам экономической деятельности,2023,98750.0
47524000,Мурманская область,Город Мончегорск,Всего по обследуемым видам экономической деятельности,2024,110712.0
47526000,Мурманская область,Город Оленегорск,Всего по обследуемым видам экономической деятельности,2022,71612.6
47526000,Мурманская область,Город Оленегорск,Всего по обследуемым видам экономической деятельности,2023,82524.5
47526000,Мурманская область,Город Оленегорск,Всего по обследуемым видам экономической деятельности,2024,100016.8
47528000,Мурманская область,Город Полярные Зори,Всего по обследуемым видам экономической деятельности,2022,119018.4
47528000,Мурманская область,Город Полярные Зори,Всего по обследуемым видам экономической деятельности,2023,132930.5
47528000,Мурманская область,Город Полярные Зори,Всего по обследуемым видам экономической деятельности,2024,142415.5
47605000,Мурманская область,Кольский муниципальный район,Всего по обследуемым видам экономической деятельности,2022,103395.5
47605000,Мурманская область,Кольский муниципальный район,Всего по обследуемым видам экономической деятельности,2023,120926.2
47605000,Мурманская область,Кольский муниципальный район,Всего по обследуемым видам экономической деятельности,2024,138007.3
47608000,Мурманская область,Кандалакшский муниципальный район,Всего по обследуемым видам экономической деятельности,2022,72480.3
47608000,Мурманская область,Кандалакшский муниципальный район,Всего по обследуемым видам экономической деятельности,2023,80232.4
47608000,Мурманская область,Кандалакшский муниципальный район,Всего по обследуемым видам экономической деятельности,2024,93922.5
47610000,Мурманская область,Ловозерский муниципальный район,Всего по обследуемым видам экономической деятельности,2022,60620.7
47610000,Мурманская область,Ловозерский муниципальный район,Всего по обследуемым видам экономической деятельности,2023,72529.9
47610000,Мурманская область,Ловозерский муниципальный район,Всего по обследуемым видам экономической деятельности,2024,86372.9
47620000,Мурманская область,Терский муниципальный район,Всего по обследуемым видам экономической деятельности,2022,74341.5
47620000,Мурманская область,Терский муниципальный район,Всего по обследуемым видам экономической деятельности,2023,78231.1
47620000,Мурманская область,Терский муниципальный район,Всего по обследуемым видам экономической деятельности,2024,85974.2
47701000,Мурманская область,Город-герой Мурманск,Всего по обследуемым видам экономической деятельности,2022,97045.6
47701000,Мурманская область,Город-герой Мурманск,Всего по обследуемым видам экономической деятельности,2023,109287.2
47701000,Мурманская область,Город-герой Мурманск,Всего по обследуемым видам экономической деятельности,2024,125235.4
47730000,Мурманская область,ЗАТО город Североморск,Всего по обследуемым видам экономической деятельности,2022,64369.4
47730000,Мурманская область,ЗАТО город Североморск,Всего по обследуемым видам экономической деятельности,2023,72637.4
47731000,Мурманская область,ЗАТО город Островной,Всего по обследуемым видам экономической деятельности,2022,73907.5
47731000,Мурманская область,ЗАТО город Островной,Всего по обследуемым видам экономической деятельности,2023,85653.4
47733000,Мурманская область,ЗАТО город Заозерск,Всего по обследуемым видам экономической деятельности,2022,62856.3
47733000,Мурманская область,ЗАТО город Заозерск,Всего по обследуемым видам экономической деятельности,2023,70841.5
47735000,Мурманская область,ЗАТО поселок Видяево,Всего по обследуемым видам экономической деятельности,2022,62764.9
47735000,Мурманская область,ЗАТО поселок Видяево,Всего по обследуемым видам экономической деятельности,2023,70592.9
47737000,Мурманская область,ЗАТО Александровск,Всего по обследуемым видам экономической деятельности,2022,69067.1
47737000,Мурманская область,ЗАТО Александровск,Всего по обследуемым видам экономической деятельности,2023,78149.8
49510000,Новгородская область,Волотовский,Всего по обследуемым видам экономической деятельности,2022,34929.3
49510000,Новгородская область,Волотовский,Всего по обследуемым видам экономической деятельности,2023,41059.2
49510000,Новгородская область,Волотовский,Всего по обследуемым видам экономической деятельности,2024,47694.2
49512000,Новгородская область,Демянский,Всего по обследуемым видам экономической деятельности,2024,47131.2
49514000,Новгородская область,Крестецкий,Всего по обследуемым видам экономической деятельности,2024,70229.5
49523000,Новгородская область,Марёвский,Всего по обследуемым видам экономической деятельности,2022,34095.5
49523000,Новгородская область,Марёвский,Всего по обследуемым видам экономической деятельности,2023,38384.7
49523000,Новгородская область,Марёвский,Всего по обследуемым видам экономической деятельности,2024,43342.5
49524000,Новгородская область,Мошенской,Всего по обследуемым видам экономической деятельности,2024,42513.7
49532000,Новгородская область,Пестовский,Всего по обследуемым видам экономической деятельности,2024,52642.3
49538000,Новгородская область,Солецкий,Всего по обследуемым видам экономической деятельности,2022,34452.1
49538000,Новгородская область,Солецкий,Всего по обследуемым видам экономической деятельности,2023,38609.1
49538000,Новгородская область,Солецкий,Всего по обследуемым видам экономической деятельности,2024,45516.0
49545000,Новгородская область,Хвойнинский,Всего по обследуемым видам экономической деятельности,2022,42822.6
49545000,Новгородская область,Хвойнинский,Всего по обследуемым видам экономической деятельности,2023,49000.8
49545000,Новгородская область,Хвойнинский,Всего по обследуемым видам экономической деятельности,2024,58128.9
49603000,Новгородская область,Батецкий муниципальный район,Всего по обследуемым видам экономической деятельности,2022,37397.1
49603000,Новгородская область,Батецкий муниципальный район,Всего по обследуемым видам экономической деятельности,2023,40818.3
49603000,Новгородская область,Батецкий муниципальный район,Всего по обследуемым видам экономической деятельности,2024,45621.3
49606000,Новгородская область,Боровичский муниципальный район,Всего по обследуемым видам экономической деятельности,2022,42991.5
49606000,Новгородская область,Боровичский муниципальный район,Всего по обследуемым видам экономической деятельности,2023,49728.0
49606000,Новгородская область,Боровичский муниципальный район,Всего по обследуемым видам экономической деятельности,2024,59524.5
49608000,Новгородская область,Валдайский муниципальный район,Всего по обследуемым видам экономической деятельности,2022,43734.3
49608000,Новгородская область,Валдайский муниципальный район,Всего по обследуемым видам экономической деятельности,2023,50895.4
49608000,Новгородская область,Валдайский муниципальный район,Всего по обследуемым видам экономической деятельности,2024,59422.2
49612000,Новгородская область,Демянский муниципальный район,Всего по обследуемым видам экономической деятельности,2022,34142.3
49612000,Новгородская область,Демянский муниципальный район,Всего по обследуемым видам экономической деятельности,2023,42154.1
49614000,Новгородская область,Крестецкий муниципальный район,Всего по обследуемым видам экономической деятельности,2022,52498.4
49614000,Новгородская область,Крестецкий муниципальный район,Всего по обследуемым видам экономической деятельности,2023,57767.9
49616000,Новгородская область,Любытинский муниципальный район,Всего по обследуемым видам экономической деятельности,2022,43548.8
49616000,Новгородская область,Любытинский муниципальный район,Всего по обследуемым видам экономической деятельности,2023,48257.3
49616000,Новгородская область,Любытинский муниципальный район,Всего по обследуемым видам экономической деятельности,2024,56204.7
49620000,Новгородская область,Маловишерский муниципальный район,Всего по обследуемым видам экономической деятельности,2022,48956.8
49620000,Новгородская область,Маловишерский муниципальный район,Всего по обследуемым видам экономической деятельности,2023,51863.5
49620000,Новгородская область,Маловишерский муниципальный район,Всего по обследуемым видам экономической деятельности,2024,59223.2
49624000,Новгородская область,Мошенской муниципальный район,Всего по обследуемым видам экономической деятельности,2022,33443.3
49624000,Новгородская область,Мошенской муниципальный район,Всего по обследуемым видам экономической деятельности,2023,37055.3
49625000,Новгородская область,Новгородский муниципальный район,Всего по обследуемым видам экономической деятельности,2022,44983.5
49625000,Новгородская область,Новгородский муниципальный район,Всего по обследуемым видам экономической деятельности,2023,53982.6
49625000,Новгородская область,Новгородский муниципальный район,Всего по обследуемым видам экономической деятельности,2024,66606.7
49628000,Новгородская область,Окуловский муниципальный район,Всего по обследуемым видам экономической деятельности,2022,46653.5
49628000,Новгородская область,Окуловский муниципальный район,Всего по обследуемым видам экономической деятельности,2023,53354.9
49628000,Новгородская область,Окуловский муниципальный район,Всего по обследуемым видам экономической деятельности,2024,63637.5
49630000,Новгородская область,Парфинский муниципальный район,Всего по обследуемым видам экономической деятельности,2022,33488.2
49630000,Новгородская область,Парфинский муниципальный район,Всего по обследуемым видам экономической деятельности,2023,41023.4
49630000,Новгородская область,Парфинский муниципальный район,Всего по обследуемым видам экономической деятельности,2024,46930.1
49632000,Новгородская область,Пестовский муниципальный район,Всего по обследуемым видам экономической деятельности,2022,40879.5
49632000,Новгородская область,Пестовский муниципальный район,Всего по обследуемым видам экономической деятельности,2023,44328.4
49634000,Новгородская область,Поддорский муниципальный район,Всего по обследуемым видам экономической деятельности,2022,33335.2
49634000,Новгородская область,Поддорский муниципальный район,Всего по обследуемым видам экономической деятельности,2023,38233.6
49634000,Новгородская область,Поддорский муниципальный район,Всего по обследуемым видам экономической деятельности,2024,43933.7
49639000,Новгородская область,Старорусский муниципальный район,Всего по обследуемым видам экономической деятельности,2022,43788.3
49639000,Новгородская область,Старорусский муниципальный район,Всего по обследуемым видам экономической деятельности,2023,48315.7
49639000,Новгородская область,Старорусский муниципальный район,Всего по обследуемым видам экономической деятельности,2024,53512.4
49647000,Новгородская область,Холмский муниципальный район,Всего по обследуемым видам экономической деятельности,2022,35747.1
49647000,Новгородская область,Холмский муниципальный район,Всего по обследуемым видам экономической деятельности,2023,42670.8
49647000,Новгородская область,Холмский муниципальный район,Всего по обследуемым видам экономической деятельности,2024,54421.9
49650000,Новгородская область,Чудовский муниципальный район,Всего по обследуемым видам экономической деятельности,2022,48606.6
49650000,Новгородская область,Чудовский муниципальный район,Всего по обследуемым видам экономической деятельности,2023,56712.2
49650000,Новгородская область,Чудовский муниципальный район,Всего по обследуемым видам экономической деятельности,2024,69403.2
49655000,Новгородская область,Шимский муниципальный район,Всего по обследуемым видам экономической деятельности,2022,42296.8
49655000,Новгородская область,Шимский муниципальный район,Всего по обследуемым видам экономической деятельности,2023,50678.1
49655000,Новгородская область,Шимский муниципальный район,Всего по обследуемым видам экономической деятельности,2024,55998.5
49701000,Новгородская область,Великий Новгород,Всего по обследуемым видам экономической деятельности,2022,53584.1
49701000,Новгородская область,Великий Новгород,Всего по обследуемым видам экономической деятельности,2023,62694.8
49701000,Новгородская область,Великий Новгород,Всего по обследуемым видам экономической деятельности,2024,75444.3
50603000,Новосибирская область,Баганский муниципальный район,Всего по обследуемым видам экономической деятельности,2022,37494.3
50603000,Новосибирская область,Баганский муниципальный район,Всего по обследуемым видам экономической деятельности,2023,43568.8
50604000,Новосибирская область,Барабинский муниципальный район,Всего по обследуемым видам экономической деятельности,2022,47211.1
50604000,Новосибирская область,Барабинский муниципальный район,Всего по обследуемым видам экономической деятельности,2023,54331.7
50606000,Новосибирская область,Болотнинский муниципальный район,Всего по обследуемым видам экономической деятельности,2022,41859.1
50606000,Новосибирская область,Болотнинский муниципальный район,Всего по обследуемым видам экономической деятельности,2023,48692.5
50608000,Новосибирская область,Венгеровский муниципальный район,Всего по обследуемым видам экономической деятельности,2022,37296.5
50608000,Новосибирская область,Венгеровский муниципальный район,Всего по обследуемым видам экономической деятельности,2023,44699.4
50610000,Новосибирская область,Доволенский муниципальный район,Всего по обследуемым видам экономической деятельности,2022,36359.8
50610000,Новосибирская область,Доволенский муниципальный район,Всего по обследуемым видам экономической деятельности,2023,41826.5
50613000,Новосибирская область,Здвинский муниципальный район,Всего по обследуемым видам экономической деятельности,2022,39261.9
50613000,Новосибирская область,Здвинский муниципальный район,Всего по обследуемым видам экономической деятельности,2023,46176.6
50615000,Новосибирская область,Искитимский муниципальный район,Всего по обследуемым видам экономической деятельности,2022,54087.0
50615000,Новосибирская область,Искитимский муниципальный район,Всего по обследуемым видам экономической деятельности,2023,60110.3
50617000,Новосибирская область,Карасукский муниципальный район,Всего по обследуемым видам экономической деятельности,2022,43814.8
50617000,Новосибирская область,Карасукский муниципальный район,Всего по обследуемым видам экономической деятельности,2023,50870.5
50619000,Новосибирская область,Каргатский муниципальный район,Всего по обследуемым видам экономической деятельности,2022,38949.6
50619000,Новосибирская область,Каргатский муниципальный район,Всего по обследуемым видам экономической деятельности,2023,44773.7
50621000,Новосибирская область,Колыванский муниципальный район,Всего по обследуемым видам экономической деятельности,2022,43159.4
50621000,Новосибирская область,Колыванский муниципальный район,Всего по обследуемым видам экономической деятельности,2023,48725.9
50623000,Новосибирская область,Коченевский муниципальный район,Всего по обследуемым видам экономической деятельности,2022,44867.3
50623000,Новосибирская область,Коченевский муниципальный район,Всего по обследуемым видам экономической деятельности,2023,53807.9
50625000,Новосибирская область,Кочковский муниципальный район,Всего по обследуемым видам экономической деятельности,2022,42108.8
50625000,Новосибирская область,Кочковский муниципальный район,Всего по обследуемым видам экономической деятельности,2023,46554.6
50627000,Новосибирская область,Краснозерский муниципальный район,Всего по обследуемым видам экономической деятельности,2022,42335.3
50627000,Новосибирская область,Краснозерский муниципальный район,Всего по обследуемым видам экономической деятельности,2023,48759.4
50630000,Новосибирская область,Куйбышевский муниципальный район,Всего по обследуемым видам экономической деятельности,2022,43059.0
50630000,Новосибирская область,Куйбышевский муниципальный район,Всего по обследуемым видам экономической деятельности,2023,51386.6
50632000,Новосибирская область,Купинский муниципальный район,Всего по обследуемым видам экономической деятельности,2022,38865.8
50632000,Новосибирская область,Купинский муниципальный район,Всего по обследуемым видам экономической деятельности,2023,45843.5
50634000,Новосибирская область,Кыштовский муниципальный район,Всего по обследуемым видам экономической деятельности,2022,38501.8
50634000,Новосибирская область,Кыштовский муниципальный район,Всего по обследуемым видам экономической деятельности,2023,44944.0
50636000,Новосибирская область,Маслянинский муниципальный район,Всего по обследуемым видам экономической деятельности,2022,44886.4
50636000,Новосибирская область,Маслянинский муниципальный район,Всего по обследуемым видам экономической деятельности,2023,54424.0
50638000,Новосибирская область,Мошковский муниципальный район,Всего по обследуемым видам экономической деятельности,2022,47163.5
50638000,Новосибирская область,Мошковский муниципальный район,Всего по обследуемым видам экономической деятельности,2023,55579.5
50640000,Новосибирская область,Новосибирский муниципальный район,Всего по обследуемым видам экономической деятельности,2022,57824.7
50640000,Новосибирская область,Новосибирский муниципальный район,Всего по обследуемым видам экономической деятельности,2023,69145.8
50642000,Новосибирская область,Ордынский муниципальный район,Всего по обследуемым видам экономической деятельности,2022,43259.9
50642000,Новосибирская область,Ордынский муниципальный район,Всего по обследуемым видам экономической деятельности,2023,50150.9
50644000,Новосибирская область,Северный муниципальный район,Всего по обследуемым видам экономической деятельности,2022,38468.9
50644000,Новосибирская область,Северный муниципальный район,Всего по обследуемым видам экономической деятельности,2023,42768.5
50648000,Новосибирская область,Сузунский муниципальный район,Всего по обследуемым видам экономической деятельности,2022,36978.8
50648000,Новосибирская область,Сузунский муниципальный район,Всего по обследуемым видам экономической деятельности,2023,43292.4
50650000,Новосибирская область,Татарский муниципальный район,Всего по обследуемым видам экономической деятельности,2022,41969.1
50650000,Новосибирская область,Татарский муниципальный район,Всего по обследуемым видам экономической деятельности,2023,48832.0
50652000,Новосибирская область,Тогучинский муниципальный район,Всего по обследуемым видам экономической деятельности,2022,40812.3
50652000,Новосибирская область,Тогучинский муниципальный район,Всего по обследуемым видам экономической деятельности,2023,48823.7
50654000,Новосибирская область,Убинский муниципальный район,Всего по обследуемым видам экономической деятельности,2022,36390.2
50654000,Новосибирская область,Убинский муниципальный район,Всего по обследуемым видам экономической деятельности,2023,42038.4
50655000,Новосибирская область,Усть-Таркский муниципальный район,Всего по обследуемым видам экономической деятельности,2022,37311.8
50655000,Новосибирская область,Усть-Таркский муниципальный район,Всего по обследуемым видам экономической деятельности,2023,43499.3
50656000,Новосибирская область,Чановский муниципальный район,Всего по обследуемым видам экономической деятельности,2022,39055.5
50656000,Новосибирская область,Чановский муниципальный район,Всего по обследуемым видам экономической деятельности,2023,50346.1
50657000,Новосибирская область,Черепановский муниципальный район,Всего по обследуемым видам экономической деятельности,2022,41766.4
50657000,Новосибирская область,Черепановский муниципальный район,Всего по обследуемым видам экономической деятельности,2023,49608.5
50658000,Новосибирская область,Чистоозерный муниципальный район,Всего по обследуемым видам экономической деятельности,2022,36119.5
50658000,Новосибирская область,Чистоозерный муниципальный район,Всего по обследуемым видам экономической деятельности,2023,41844.1
50659000,Новосибирская область,Чулымский муниципальный район,Всего по обследуемым видам экономической деятельности,2022,44234.1
50659000,Новосибирская область,Чулымский муниципальный район,Всего по обследуемым видам экономической деятельности,2023,50802.1
50701000,Новосибирская область,Город Новосибирск,Всего по обследуемым видам экономической деятельности,2022,66996.1
50701000,Новосибирская область,Город Новосибирск,Всего по обследуемым видам экономической деятельности,2023,78754.6
50708000,Новосибирская область,Город Бердск,Всего по обследуемым видам экономической деятельности,2022,49750.8
50708000,Новосибирская область,Город Бердск,Всего по обследуемым видам экономической деятельности,2023,59108.5
50712000,Новосибирская область,Город Искитим,Всего по обследуемым видам экономической деятельности,2022,47457.4
50712000,Новосибирская область,Город Искитим,Всего по обследуемым видам экономической деятельности,2023,63523.8
50717000,Новосибирская область,Город Обь,Всего по обследуемым видам экономической деятельности,2022,74242.4
50717000,Новосибирская область,Город Обь,Всего по обследуемым видам экономической деятельности,2023,85436.2
50740000,Новосибирская область,Рабочий поселок Кольцово,Всего по обследуемым видам экономической деятельности,2022,97343.5
50740000,Новосибирская область,Рабочий поселок Кольцово,Всего по обследуемым видам экономической деятельности,2023,108127.2
52601000,Омская область,Азовский немецкий национальный муниципальный район,Всего по обследуемым видам экономической деятельности,2022,37290.2
52601000,Омская область,Азовский немецкий национальный муниципальный район,Всего по обследуемым видам экономической деятельности,2023,42797.7
52601000,Омская область,Азовский немецкий национальный муниципальный район,Всего по обследуемым видам экономической деятельности,2024,50337.3
52603000,Омская область,Большереченский муниципальный район,Всего по обследуемым видам экономической деятельности,2022,33663.4
52603000,Омская область,Большереченский муниципальный район,Всего по обследуемым видам экономической деятельности,2023,38308.6
52603000,Омская область,Большереченский муниципальный район,Всего по обследуемым видам экономической деятельности,2024,45128.4
52606000,Омская область,Большеуковский муниципальный район,Всего по обследуемым видам экономической деятельности,2022,33231.5
52606000,Омская область,Большеуковский муниципальный район,Всего по обследуемым видам экономической деятельности,2023,37931.5
52606000,Омская область,Большеуковский муниципальный район,Всего по обследуемым видам экономической деятельности,2024,44267.3
52609000,Омская область,Горьковский муниципальный район,Всего по обследуемым видам экономической деятельности,2022,33270.3
52609000,Омская область,Горьковский муниципальный район,Всего по обследуемым видам экономической деятельности,2023,38158.6
52609000,Омская область,Горьковский муниципальный район,Всего по обследуемым видам экономической деятельности,2024,43825.7
52612000,Омская область,Знаменский муниципальный район,Всего по обследуемым видам экономической деятельности,2022,32615.3
52612000,Омская область,Знаменский муниципальный район,Всего по обследуемым видам экономической деятельности,2023,36328.9
52612000,Омская область,Знаменский муниципальный район,Всего по обследуемым видам экономической деятельности,2024,42358.2
52615000,Омская область,Исилькульский муниципальный район,Всего по обследуемым видам экономической деятельности,2022,34516.2
52615000,Омская область,Исилькульский муниципальный район,Всего по обследуемым видам экономической деятельности,2023,39115.7
52615000,Омская область,Исилькульский муниципальный район,Всего по обследуемым видам экономической деятельности,2024,46016.7
52618000,Омская область,Калачинский муниципальный район,Всего по обследуемым видам экономической деятельности,2022,38859.4
52618000,Омская область,Калачинский муниципальный район,Всего по обследуемым видам экономической деятельности,2023,44316.1
52618000,Омская область,Калачинский муниципальный район,Всего по обследуемым видам экономической деятельности,2024,52071.7
52621000,Омская область,Колосовский муниципальный район,Всего по обследуемым видам экономической деятельности,2022,32905.4
52621000,Омская область,Колосовский муниципальный район,Всего по обследуемым видам экономической деятельности,2023,37661.2
52621000,Омская область,Колосовский муниципальный район,Всего по обследуемым видам экономической деятельности,2024,43047.7
52623000,Омская область,Кормиловский муниципальный район,Всего по обследуемым видам экономической деятельности,2022,36684.0
52623000,Омская область,Кормиловский муниципальный район,Всего по обследуемым видам экономической деятельности,2023,43827.5
52623000,Омская область,Кормиловский муниципальный район,Всего по обследуемым видам экономической деятельности,2024,53569.9
52626000,Омская область,Крутинский муниципальный район,Всего по обследуемым видам экономической деятельности,2022,35158.8
52626000,Омская область,Крутинский муниципальный район,Всего по обследуемым видам экономической деятельности,2023,39091.7
52626000,Омская область,Крутинский муниципальный район,Всего по обследуемым видам экономической деятельности,2024,46049.3
52629000,Омская область,Любинский муниципальный район,Всего по обследуемым видам экономической деятельности,2022,36825.0
52629000,Омская область,Любинский муниципальный район,Всего по обследуемым видам экономической деятельности,2023,42098.2
52629000,Омская область,Любинский муниципальный район,Всего по обследуемым видам экономической деятельности,2024,50588.3
52630000,Омская область,Марьяновский муниципальный район,Всего по обследуемым видам экономической деятельности,2022,36266.4
52630000,Омская область,Марьяновский муниципальный район,Всего по обследуемым видам экономической деятельности,2023,42555.1
52630000,Омская область,Марьяновский муниципальный район,Всего по обследуемым видам экономической деятельности,2024,50511.5
52632000,Омская область,Москаленский муниципальный район,Всего по обследуемым видам экономической деятельности,2022,35009.5
52632000,Омская область,Москаленский муниципальный район,Всего по обследуемым видам экономической деятельности,2023,40236.4
52632000,Омская область,Москаленский муниципальный район,Всего по обследуемым видам экономической деятельности,2024,48378.3
52634000,Омская область,Муромцевский муниципальный район,Всего по обследуемым видам экономической деятельности,2022,32947.9
52634000,Омская область,Муромцевский муниципальный район,Всего по обследуемым видам экономической деятельности,2023,37206.0
52634000,Омская область,Муромцевский муниципальный район,Всего по обследуемым видам экономической деятельности,2024,42808.4
52636000,Омская область,Называевский муниципальный район,Всего по обследуемым видам экономической деятельности,2022,35215.4
52636000,Омская область,Называевский муниципальный район,Всего по обследуемым видам экономической деятельности,2023,39803.2
52636000,Омская область,Называевский муниципальный район,Всего по обследуемым видам экономической деятельности,2024,46477.2
52639000,Омская область,Нижнеомский муниципальный район,Всего по обследуемым видам экономической деятельности,2022,33106.1
52639000,Омская область,Нижнеомский муниципальный район,Всего по обследуемым видам экономической деятельности,2023,36850.3
52639000,Омская область,Нижнеомский муниципальный район,Всего по обследуемым видам экономической деятельности,2024,43901.7
52641000,Омская область,Нововаршавский муниципальный район,Всего по обследуемым видам экономической деятельности,2022,38098.6
52641000,Омская область,Нововаршавский муниципальный район,Всего по обследуемым видам экономической деятельности,2023,43091.4
52641000,Омская область,Нововаршавский муниципальный район,Всего по обследуемым видам экономической деятельности,2024,50341.4
52642000,Омская область,Одесский муниципальный район,Всего по обследуемым видам экономической деятельности,2022,35895.5
52642000,Омская область,Одесский муниципальный район,Всего по обследуемым видам экономической деятельности,2023,40403.3
52642000,Омская область,Одесский муниципальный район,Всего по обследуемым видам экономической деятельности,2024,47241.1
52643000,Омская область,Оконешниковский муниципальный район,Всего по обследуемым видам экономической деятельности,2022,34255.7
52643000,Омская область,Оконешниковский муниципальный район,Всего по обследуемым видам экономической деятельности,2023,38834.5
52643000,Омская область,Оконешниковский муниципальный район,Всего по обследуемым видам экономической деятельности,2024,45186.1
52644000,Омская область,Омский муниципальный район,Всего по обследуемым видам экономической деятельности,2022,41304.2
52644000,Омская область,Омский муниципальный район,Всего по обследуемым видам экономической деятельности,2023,46499.1
52644000,Омская область,Омский муниципальный район,Всего по обследуемым видам экономической деятельности,2024,55625.4
52646000,Омская область,Павлоградский муниципальный район,Всего по обследуемым видам экономической деятельности,2022,35168.7
52646000,Омская область,Павлоградский муниципальный район,Всего по обследуемым видам экономической деятельности,2023,40605.4
52646000,Омская область,Павлоградский муниципальный район,Всего по обследуемым видам экономической деятельности,2024,48039.5
52648000,Омская область,Полтавский муниципальный район,Всего по обследуемым видам экономической деятельности,2022,35490.9
52648000,Омская область,Полтавский муниципальный район,Всего по обследуемым видам экономической деятельности,2023,40185.3
52648000,Омская область,Полтавский муниципальный район,Всего по обследуемым видам экономической деятельности,2024,47737.2
52650000,Омская область,Русско-Полянский муниципальный район,Всего по обследуемым видам экономической деятельности,2022,33903.4
52650000,Омская область,Русско-Полянский муниципальный район,Всего по обследуемым видам экономической деятельности,2023,37986.9
52650000,Омская область,Русско-Полянский муниципальный район,Всего по обследуемым видам экономической деятельности,2024,44913.0
52651000,Омская область,Саргатский муниципальный район,Всего по обследуемым видам экономической деятельности,2022,33988.6
52651000,Омская область,Саргатский муниципальный район,Всего по обследуемым видам экономической деятельности,2023,38608.0
52651000,Омская область,Саргатский муниципальный район,Всего по обследуемым видам экономической деятельности,2024,44770.5
52652000,Омская область,Седельниковский муниципальный район,Всего по обследуемым видам экономической деятельности,2022,33728.8
52652000,Омская область,Седельниковский муниципальный район,Всего по обследуемым видам экономической деятельности,2023,38022.3
52652000,Омская область,Седельниковский муниципальный район,Всего по обследуемым видам экономической деятельности,2024,43667.2
52653000,Омская область,Таврический муниципальный район,Всего по обследуемым видам экономической деятельности,2022,35998.6
52653000,Омская область,Таврический муниципальный район,Всего по обследуемым видам экономической деятельности,2023,40466.7
52653000,Омская область,Таврический муниципальный район,Всего по обследуемым видам экономической деятельности,2024,47839.0
52654000,Омская область,Тарский муниципальный район,Всего по обследуемым видам экономической деятельности,2022,37452.4
52654000,Омская область,Тарский муниципальный район,Всего по обследуемым видам экономической деятельности,2023,42255.4
52654000,Омская область,Тарский муниципальный район,Всего по обследуемым видам экономической деятельности,2024,49200.2
52655000,Омская область,Тевризский муниципальный район,Всего по обследуемым видам экономической деятельности,2022,33836.7
52655000,Омская область,Тевризский муниципальный район,Всего по обследуемым видам экономической деятельности,2023,38426.7
52655000,Омская область,Тевризский муниципальный район,Всего по обследуемым видам экономической деятельности,2024,45468.8
52656000,Омская область,Тюкалинский муниципальный район,Всего по обследуемым видам экономической деятельности,2022,34948.9
52656000,Омская область,Тюкалинский муниципальный район,Всего по обследуемым видам экономической деятельности,2023,39643.1
52656000,Омская область,Тюкалинский муниципальный район,Всего по обследуемым видам экономической деятельности,2024,46387.1
52657000,Омская область,Усть-Ишимский муниципальный район,Всего по обследуемым видам экономической деятельности,2022,32654.5
52657000,Омская область,Усть-Ишимский муниципальный район,Всего по обследуемым видам экономической деятельности,2023,37630.7
52657000,Омская область,Усть-Ишимский муниципальный район,Всего по обследуемым видам экономической деятельности,2024,44483.8
52658000,Омская область,Черлакский муниципальный район,Всего по обследуемым видам экономической деятельности,2022,33896.2
52658000,Омская область,Черлакский муниципальный район,Всего по обследуемым видам экономической деятельности,2023,38004.7
52658000,Омская область,Черлакский муниципальный район,Всего по обследуемым видам экономической деятельности,2024,44547.8
52659000,Омская область,Шербакульский муниципальный район,Всего по обследуемым видам экономической деятельности,2022,34697.3
52659000,Омская область,Шербакульский муниципальный район,Всего по обследуемым видам экономической деятельности,2023,39311.5
52659000,Омская область,Шербакульский муниципальный район,Всего по обследуемым видам экономической деятельности,2024,45717.9
52701000,Омская область,Город Омск,Всего по обследуемым видам экономической деятельности,2022,55840.8
52701000,Омская область,Город Омск,Всего по обследуемым видам экономической деятельности,2023,65738.2
52701000,Омская область,Город Омск,Всего по обследуемым видам экономической деятельности,2024,77427.2
53604000,Оренбургская область,Адамовский муниципальный район,Всего по обследуемым видам экономической деятельности,2022,31248.8
53604000,Оренбургская область,Адамовский муниципальный район,Всего по обследуемым видам экономической деятельности,2023,35791.4
53604000,Оренбургская область,Адамовский муниципальный район,Всего по обследуемым видам экономической деятельности,2024,43601.6
53605000,Оренбургская область,Акбулакский муниципальный район,Всего по обследуемым видам экономической деятельности,2022,30330.7
53605000,Оренбургская область,Акбулакский муниципальный район,Всего по обследуемым видам экономической деятельности,2023,34131.3
53605000,Оренбургская область,Акбулакский муниципальный район,Всего по обследуемым видам экономической деятельности,2024,41483.2
53606000,Оренбургская область,Александровский муниципальный район,Всего по обследуемым видам экономической деятельности,2022,41358.2
53606000,Оренбургская область,Александровский муниципальный район,Всего по обследуемым видам экономической деятельности,2023,47189.1
53606000,Оренбургская область,Александровский муниципальный район,Всего по обследуемым видам экономической деятельности,2024,53187.5
53607000,Оренбургская область,Асекеевский муниципальный район,Всего по обследуемым видам экономической деятельности,2022,36607.3
53607000,Оренбургская область,Асекеевский муниципальный район,Всего по обследуемым видам экономической деятельности,2023,42576.3
53607000,Оренбургская область,Асекеевский муниципальный район,Всего по обследуемым видам экономической деятельности,2024,50076.5
53610000,Оренбургская область,Беляевский муниципальный район,Всего по обследуемым видам экономической деятельности,2022,36361.3
53610000,Оренбургская область,Беляевский муниципальный район,Всего по обследуемым видам экономической деятельности,2023,40904.8
53610000,Оренбургская область,Беляевский муниципальный район,Всего по обследуемым видам экономической деятельности,2024,50165.4
53611000,Оренбургская область,Бугурусланский муниципальный район,Всего по обследуемым видам экономической деятельности,2022,42032.9
53611000,Оренбургская область,Бугурусланский муниципальный район,Всего по обследуемым видам экономической деятельности,2023,47137.4
53611000,Оренбургская область,Бугурусланский муниципальный район,Всего по обследуемым видам экономической деятельности,2024,53931.6
53612000,Оренбургская область,Бузулукский муниципальный район,Всего по обследуемым видам экономической деятельности,2022,40904.8
53612000,Оренбургская область,Бузулукский муниципальный район,Всего по обследуемым видам экономической деятельности,2023,48704.2
53612000,Оренбургская область,Бузулукский муниципальный район,Всего по обследуемым видам экономической деятельности,2024,59712.0
53615000,Оренбургская область,Грачёвский муниципальный район,Всего по обследуемым видам экономической деятельности,2022,38811.3
53615000,Оренбургская область,Грачёвский муниципальный район,Всего по обследуемым видам экономической деятельности,2023,42798.3
53615000,Оренбургская область,Грачёвский муниципальный район,Всего по обследуемым видам экономической деятельности,2024,53369.0
53617000,Оренбургская область,Домбаровский муниципальный район,Всего по обследуемым видам экономической деятельности,2022,43565.3
53617000,Оренбургская область,Домбаровский муниципальный район,Всего по обследуемым видам экономической деятельности,2023,47076.3
53617000,Оренбургская область,Домбаровский муниципальный район,Всего по обследуемым видам экономической деятельности,2024,54897.1
53619000,Оренбургская область,Илекский муниципальный район,Всего по обследуемым видам экономической деятельности,2022,34077.5
53619000,Оренбургская область,Илекский муниципальный район,Всего по обследуемым видам экономической деятельности,2023,39659.6
53619000,Оренбургская область,Илекский муниципальный район,Всего по обследуемым видам экономической деятельности,2024,47564.7
53622000,Оренбургская область,Кваркенский муниципальный район,Всего по обследуемым видам экономической деятельности,2022,41165.9
53622000,Оренбургская область,Кваркенский муниципальный район,Всего по обследуемым видам экономической деятельности,2023,45553.4
53622000,Оренбургская область,Кваркенский муниципальный район,Всего по обследуемым видам экономической деятельности,2024,53385.3
53623000,Оренбургская область,Красногвардейский муниципальный район,Всего по обследуемым видам экономической деятельности,2022,34487.1
53623000,Оренбургская область,Красногвардейский муниципальный район,Всего по обследуемым видам экономической деятельности,2023,37889.8
53623000,Оренбургская область,Красногвардейский муниципальный район,Всего по обследуемым видам экономической деятельности,2024,45739.4
53625000,Оренбургская область,Курманаевский муниципальный район,Всего по обследуемым видам экономической деятельности,2022,39476.6
53625000,Оренбургская область,Курманаевский муниципальный район,Всего по обследуемым видам экономической деятельности,2023,44895.3
53625000,Оренбургская область,Курманаевский муниципальный район,Всего по обследуемым видам экономической деятельности,2024,51089.2
53627000,Оренбургская область,Матвеевский муниципальный район,Всего по обследуемым видам экономической деятельности,2022,31402.9
53627000,Оренбургская область,Матвеевский муниципальный район,Всего по обследуемым видам экономической деятельности,2023,36824.1
53627000,Оренбургская область,Матвеевский муниципальный район,Всего по обследуемым видам экономической деятельности,2024,50219.0
53630000,Оренбургская область,Новоорский муниципальный район,Всего по обследуемым видам экономической деятельности,2022,50367.1
53630000,Оренбургская область,Новоорский муниципальный район,Всего по обследуемым видам экономической деятельности,2023,59217.2
53630000,Оренбургская область,Новоорский муниципальный район,Всего по обследуемым видам экономической деятельности,2024,65573.1
53631000,Оренбургская область,Новосергиевский муниципальный район,Всего по обследуемым видам экономической деятельности,2022,38869.5
53631000,Оренбургская область,Новосергиевский муниципальный район,Всего по обследуемым видам экономической деятельности,2023,48473.3
53631000,Оренбургская область,Новосергиевский муниципальный район,Всего по обследуемым видам экономической деятельности,2024,55143.1
53633000,Оренбургская область,Октябрьский муниципальный район,Всего по обследуемым видам экономической деятельности,2022,40709.7
53633000,Оренбургская область,Октябрьский муниципальный район,Всего по обследуемым видам экономической деятельности,2023,46124.8
53633000,Оренбургская область,Октябрьский муниципальный район,Всего по обследуемым видам экономической деятельности,2024,53243.7
53634000,Оренбургская область,Оренбургский муниципальный район,Всего по обследуемым видам экономической деятельности,2022,58422.3
53634000,Оренбургская область,Оренбургский муниципальный район,Всего по обследуемым видам экономической деятельности,2023,66136.1
53634000,Оренбургская область,Оренбургский муниципальный район,Всего по обследуемым видам экономической деятельности,2024,74657.0
53636000,Оренбургская область,Первомайский муниципальный район,Всего по обследуемым видам экономической деятельности,2022,37437.9
53636000,Оренбургская область,Первомайский муниципальный район,Всего по обследуемым видам экономической деятельности,2023,43354.0
53636000,Оренбургская область,Первомайский муниципальный район,Всего по обследуемым видам экономической деятельности,2024,53986.9
53637000,Оренбургская область,Переволоцкий муниципальный район,Всего по обследуемым видам экономической деятельности,2022,35592.9
53637000,Оренбургская область,Переволоцкий муниципальный район,Всего по обследуемым видам экономической деятельности,2023,44425.0
53637000,Оренбургская область,Переволоцкий муниципальный район,Всего по обследуемым видам экономической деятельности,2024,54376.2
53638000,Оренбургская область,Пономарёвский муниципальный район,Всего по обследуемым видам экономической деятельности,2022,31256.3
53638000,Оренбургская область,Пономарёвский муниципальный район,Всего по обследуемым видам экономической деятельности,2023,34361.7
53638000,Оренбургская область,Пономарёвский муниципальный район,Всего по обследуемым видам экономической деятельности,2024,43159.2
53640000,Оренбургская область,Сакмарский муниципальный район,Всего по обследуемым видам экономической деятельности,2022,38644.2
53640000,Оренбургская область,Сакмарский муниципальный район,Всего по обследуемым видам экономической деятельности,2023,44228.1
53640000,Оренбургская область,Сакмарский муниципальный район,Всего по обследуемым видам экономической деятельности,2024,54767.9
53641000,Оренбургская область,Саракташский муниципальный район,Всего по обследуемым видам экономической деятельности,2022,36290.4
53641000,Оренбургская область,Саракташский муниципальный район,Всего по обследуемым видам экономической деятельности,2023,42778.3
53641000,Оренбургская область,Саракташский муниципальный район,Всего по обследуемым видам экономической деятельности,2024,51540.8
53642000,Оренбургская область,Светлинский муниципальный район,Всего по обследуемым видам экономической деятельности,2022,33415.0
53642000,Оренбургская область,Светлинский муниципальный район,Всего по обследуемым видам экономической деятельности,2023,36878.3
53642000,Оренбургская область,Светлинский муниципальный район,Всего по обследуемым видам экономической деятельности,2024,45985.6
53643000,Оренбургская область,Северный муниципальный район,Всего по обследуемым видам экономической деятельности,2022,43645.3
53643000,Оренбургская область,Северный муниципальный район,Всего по обследуемым видам экономической деятельности,2023,51159.0
53643000,Оренбургская область,Северный муниципальный район,Всего по обследуемым видам экономической деятельности,2024,60306.4
53651000,Оренбургская область,Ташлинский муниципальный район,Всего по обследуемым видам экономической деятельности,2022,41847.7
53651000,Оренбургская область,Ташлинский муниципальный район,Всего по обследуемым видам экономической деятельности,2023,48508.9
53651000,Оренбургская область,Ташлинский муниципальный район,Всего по обследуемым видам экономической деятельности,2024,57467.1
53652000,Оренбургская область,Тоцкий муниципальный район,Всего по обследуемым видам экономической деятельности,2022,33397.9
53652000,Оренбургская область,Тоцкий муниципальный район,Всего по обследуемым видам экономической деятельности,2023,38444.7
53652000,Оренбургская область,Тоцкий муниципальный район,Всего по обследуемым видам экономической деятельности,2024,46971.3
53653000,Оренбургская область,Тюльганский муниципальный район,Всего по обследуемым видам экономической деятельности,2022,30805.8
53653000,Оренбургская область,Тюльганский муниципальный район,Всего по обследуемым видам экономической деятельности,2023,35998.4
53653000,Оренбургская область,Тюльганский муниципальный район,Всего по обследуемым видам экономической деятельности,2024,42087.2
53656000,Оренбургская область,Шарлыкский муниципальный район,Всего по обследуемым видам экономической деятельности,2022,35260.8
53656000,Оренбургская область,Шарлыкский муниципальный район,Всего по обследуемым видам экономической деятельности,2023,40621.4
53656000,Оренбургская область,Шарлыкский муниципальный район,Всего по обследуемым видам экономической деятельности,2024,46125.0
53701000,Оренбургская область,Город Оренбург,Всего по обследуемым видам экономической деятельности,2022,54885.8
53701000,Оренбургская область,Город Оренбург,Всего по обследуемым видам экономической деятельности,2023,67632.3
53701000,Оренбургская область,Город Оренбург,Всего по обследуемым видам экономической деятельности,2024,77401.4
53704000,Оренбургская область,Абдулинский,Всего по обследуемым видам экономической деятельности,2022,47136.1
53704000,Оренбургская область,Абдулинский,Всего по обследуемым видам экономической деятельности,2023,54194.1
53704000,Оренбургская область,Абдулинский,Всего по обследуемым видам экономической деятельности,2024,63306.4
53708000,Оренбургская область,Город Бугуруслан,Всего по обследуемым видам экономической деятельности,2022,45837.6
53708000,Оренбургская область,Город Бугуруслан,Всего по обследуемым видам экономической деятельности,2023,53870.5
53708000,Оренбургская область,Город Бугуруслан,Всего по обследуемым видам экономической деятельности,2024,59751.9
53712000,Оренбургская область,Город Бузулук,Всего по обследуемым видам экономической деятельности,2022,58355.5
53712000,Оренбургская область,Город Бузулук,Всего по обследуемым видам экономической деятельности,2023,66660.6
53712000,Оренбургская область,Город Бузулук,Всего по обследуемым видам экономической деятельности,2024,79778.4
53713000,Оренбургская область,Гайский,Всего по обследуемым видам экономической деятельности,2022,56135.1
53713000,Оренбургская область,Гайский,Всего по обследуемым видам экономической деятельности,2023,68250.5
53713000,Оренбургская область,Гайский,Всего по обследуемым видам экономической деятельности,2024,83424.5
53714000,Оренбургская область,Кувандыкский,Всего по обследуемым видам экономической деятельности,2022,37625.5
53714000,Оренбургская область,Кувандыкский,Всего по обследуемым видам экономической деятельности,2023,43356.3
53714000,Оренбургская область,Кувандыкский,Всего по обследуемым видам экономической деятельности,2024,51752.6
53715000,Оренбургская область,Город Медногорск,Всего по обследуемым видам экономической деятельности,2022,43275.1
53715000,Оренбургская область,Город Медногорск,Всего по обследуемым видам экономической деятельности,2023,52875.3
53715000,Оренбургская область,Город Медногорск,Всего по обследуемым видам экономической деятельности,2024,64872.6
53720000,Оренбургская область,Город Новотроицк,Всего по обследуемым видам экономической деятельности,2022,52295.1
53720000,Оренбургская область,Город Новотроицк,Всего по обследуемым видам экономической деятельности,2023,62326.5
53720000,Оренбургская область,Город Новотроицк,Всего по обследуемым видам экономической деятельности,2024,74255.2
53723000,Оренбургская область,Город Орск,Всего по обследуемым видам экономической деятельности,2022,44578.1
53723000,Оренбургская область,Город Орск,Всего по обследуемым видам экономической деятельности,2023,55690.3
53723000,Оренбургская область,Город Орск,Всего по обследуемым видам экономической деятельности,2024,74043.2
53725000,Оренбургская область,Соль-Илецкий,Всего по обследуемым видам экономической деятельности,2022,36058.3
53725000,Оренбургская область,Соль-Илецкий,Всего по обследуемым видам экономической деятельности,2023,42281.7
53725000,Оренбургская область,Соль-Илецкий,Всего по обследуемым видам экономической деятельности,2024,50777.4
53727000,Оренбургская область,Сорочинский,Всего по обследуемым видам экономической деятельности,2022,37320.7
53727000,Оренбургская область,Сорочинский,Всего по обследуемым видам экономической деятельности,2023,41547.0
53727000,Оренбургская область,Сорочинский,Всего по обследуемым видам экономической деятельности,2024,48696.2
53732000,Оренбургская область,Ясненский,Всего по обследуемым видам экономической деятельности,2022,41829.6
53732000,Оренбургская область,Ясненский,Всего по обследуемым видам экономической деятельности,2023,52307.2
53732000,Оренбургская область,Ясненский,Всего по обследуемым видам экономической деятельности,2024,64263.7
53755000,Оренбургская область,ЗАТО поселок Комаровский,Всего по обследуемым видам экономической деятельности,2022,36688.7
53755000,Оренбургская область,ЗАТО поселок Комаровский,Всего по обследуемым видам экономической деятельности,2023,40665.5
54501000,Орловская область,Орловский,Всего по обследуемым видам экономической деятельности,2022,48739.2
54501000,Орловская область,Орловский,Всего по обследуемым видам экономической деятельности,2023,56347.1
54501000,Орловская область,Орловский,Всего по обследуемым видам экономической деятельности,2024,65790.7
54604000,Орловская область,Болховский муниципальный район,Всего по обследуемым видам экономической деятельности,2022,32941.9
54604000,Орловская область,Болховский муниципальный район,Всего по обследуемым видам экономической деятельности,2023,38893.9
54604000,Орловская область,Болховский муниципальный район,Всего по обследуемым видам экономической деятельности,2024,45166.3
54608000,Орловская область,Верховский муниципальный район,Всего по обследуемым видам экономической деятельности,2022,35860.5
54608000,Орловская область,Верховский муниципальный район,Всего по обследуемым видам экономической деятельности,2023,43305.6
54608000,Орловская область,Верховский муниципальный район,Всего по обследуемым видам экономической деятельности,2024,52594.0
54610000,Орловская область,Глазуновский муниципальный район,Всего по обследуемым видам экономической деятельности,2022,36471.0
54610000,Орловская область,Глазуновский муниципальный район,Всего по обследуемым видам экономической деятельности,2023,42026.2
54610000,Орловская область,Глазуновский муниципальный район,Всего по обследуемым видам экономической деятельности,2024,49502.0
54612000,Орловская область,Дмитровский муниципальный район,Всего по обследуемым видам экономической деятельности,2022,40781.8
54612000,Орловская область,Дмитровский муниципальный район,Всего по обследуемым видам экономической деятельности,2023,47900.0
54612000,Орловская область,Дмитровский муниципальный район,Всего по обследуемым видам экономической деятельности,2024,52611.2
54615000,Орловская область,Должанский муниципальный район,Всего по обследуемым видам экономической деятельности,2022,38840.0
54615000,Орловская область,Должанский муниципальный район,Всего по обследуемым видам экономической деятельности,2023,44731.8
54615000,Орловская область,Должанский муниципальный район,Всего по обследуемым видам экономической деятельности,2024,50892.8
54618000,Орловская область,Залегощенский муниципальный район,Всего по обследуемым видам экономической деятельности,2022,35076.8
54618000,Орловская область,Залегощенский муниципальный район,Всего по обследуемым видам экономической деятельности,2023,40854.5
54618000,Орловская область,Залегощенский муниципальный район,Всего по обследуемым видам экономической деятельности,2024,48806.0
54620000,Орловская область,Знаменский муниципальный район,Всего по обследуемым видам экономической деятельности,2022,34027.0
54620000,Орловская область,Знаменский муниципальный район,Всего по обследуемым видам экономической деятельности,2023,39478.9
54620000,Орловская область,Знаменский муниципальный район,Всего по обследуемым видам экономической деятельности,2024,43410.3
54623000,Орловская область,Колпнянский муниципальный район,Всего по обследуемым видам экономической деятельности,2022,41988.0
54623000,Орловская область,Колпнянский муниципальный район,Всего по обследуемым видам экономической деятельности,2023,50453.4
54623000,Орловская область,Колпнянский муниципальный район,Всего по обследуемым видам экономической деятельности,2024,69003.6
54624000,Орловская область,Краснозоренский муниципальный район,Всего по обследуемым видам экономической деятельности,2022,37574.5
54624000,Орловская область,Краснозоренский муниципальный район,Всего по обследуемым видам экономической деятельности,2023,45073.1
54624000,Орловская область,Краснозоренский муниципальный район,Всего по обследуемым видам экономической деятельности,2024,50320.2
54625000,Орловская область,Кромской муниципальный район,Всего по обследуемым видам экономической деятельности,2022,37285.3
54625000,Орловская область,Кромской муниципальный район,Всего по обследуемым видам экономической деятельности,2023,44957.4
54625000,Орловская область,Кромской муниципальный район,Всего по обследуемым видам экономической деятельности,2024,54417.4
54626000,Орловская область,Корсаковский муниципальный район,Всего по обследуемым видам экономической деятельности,2022,35809.2
54626000,Орловская область,Корсаковский муниципальный район,Всего по обследуемым видам экономической деятельности,2023,41041.8
54626000,Орловская область,Корсаковский муниципальный район,Всего по обследуемым видам экономической деятельности,2024,47056.7
54629000,Орловская область,Ливенский муниципальный район,Всего по обследуемым видам экономической деятельности,2022,43114.2
54629000,Орловская область,Ливенский муниципальный район,Всего по обследуемым видам экономической деятельности,2023,50268.4
54629000,Орловская область,Ливенский муниципальный район,Всего по обследуемым видам экономической деятельности,2024,59619.4
54632000,Орловская область,Малоархангельский муниципальный район,Всего по обследуемым видам экономической деятельности,2022,35219.5
54632000,Орловская область,Малоархангельский муниципальный район,Всего по обследуемым видам экономической деятельности,2023,39875.1
54632000,Орловская область,Малоархангельский муниципальный район,Всего по обследуемым видам экономической деятельности,2024,46776.8
54636000,Орловская область,Мценский муниципальный район,Всего по обследуемым видам экономической деятельности,2022,41062.1
54636000,Орловская область,Мценский муниципальный район,Всего по обследуемым видам экономической деятельности,2023,47704.3
54636000,Орловская область,Мценский муниципальный район,Всего по обследуемым видам экономической деятельности,2024,59768.2
54639000,Орловская область,Новодеревеньковский муниципальный район,Всего по обследуемым видам экономической деятельности,2022,37899.3
54639000,Орловская область,Новодеревеньковский муниципальный район,Всего по обследуемым видам экономической деятельности,2023,44308.7
54639000,Орловская область,Новодеревеньковский муниципальный район,Всего по обследуемым видам экономической деятельности,2024,51968.3
54643000,Орловская область,Новосильский муниципальный район,Всего по обследуемым видам экономической деятельности,2022,35824.3
54643000,Орловская область,Новосильский муниципальный район,Всего по обследуемым видам экономической деятельности,2023,41340.5
54643000,Орловская область,Новосильский муниципальный район,Всего по обследуемым видам экономической деятельности,2024,50855.7
54650000,Орловская область,Покровский муниципальный район,Всего по обследуемым видам экономической деятельности,2022,40619.0
54650000,Орловская область,Покровский муниципальный район,Всего по обследуемым видам экономической деятельности,2023,47609.8
54650000,Орловская область,Покровский муниципальный район,Всего по обследуемым видам экономической деятельности,2024,53224.9
54652000,Орловская область,Свердловский муниципальный район,Всего по обследуемым видам экономической деятельности,2022,37756.5
54652000,Орловская область,Свердловский муниципальный район,Всего по обследуемым видам экономической деятельности,2023,43072.0
54652000,Орловская область,Свердловский муниципальный район,Всего по обследуемым видам экономической деятельности,2024,49255.1
54653000,Орловская область,Сосковский муниципальный район,Всего по обследуемым видам экономической деятельности,2022,35140.5
54653000,Орловская область,Сосковский муниципальный район,Всего по обследуемым видам экономической деятельности,2023,40064.1
54653000,Орловская область,Сосковский муниципальный район,Всего по обследуемым видам экономической деятельности,2024,46070.7
54654000,Орловская область,Троснянский муниципальный район,Всего по обследуемым видам экономической деятельности,2022,39998.4
54654000,Орловская область,Троснянский муниципальный район,Всего по обследуемым видам экономической деятельности,2023,50069.5
54654000,Орловская область,Троснянский муниципальный район,Всего по обследуемым видам экономической деятельности,2024,54617.8
54655000,Орловская область,Урицкий муниципальный район,Всего по обследуемым видам экономической деятельности,2022,30900.1
54655000,Орловская область,Урицкий муниципальный район,Всего по обследуемым видам экономической деятельности,2023,36234.6
54655000,Орловская область,Урицкий муниципальный район,Всего по обследуемым видам экономической деятельности,2024,43893.7
54657000,Орловская область,Хотынецкий муниципальный район,Всего по обследуемым видам экономической деятельности,2022,38644.1
54657000,Орловская область,Хотынецкий муниципальный район,Всего по обследуемым видам экономической деятельности,2023,45569.6
54657000,Орловская область,Хотынецкий муниципальный район,Всего по обследуемым видам экономической деятельности,2024,53718.3
54659000,Орловская область,Шаблыкинский муниципальный район,Всего по обследуемым видам экономической деятельности,2022,38742.6
54659000,Орловская область,Шаблыкинский муниципальный район,Всего по обследуемым видам экономической деятельности,2023,49676.8
54659000,Орловская область,Шаблыкинский муниципальный район,Всего по обследуемым видам экономической деятельности,2024,60459.7
54701000,Орловская область,Город Орёл,Всего по обследуемым видам экономической деятельности,2022,45992.5
54701000,Орловская область,Город Орёл,Всего по обследуемым видам экономической деятельности,2023,52693.8
54701000,Орловская область,Город Орёл,Всего по обследуемым видам экономической деятельности,2024,61277.0
54705000,Орловская область,Город Ливны,Всего по обследуемым видам экономической деятельности,2022,36674.9
54705000,Орловская область,Город Ливны,Всего по обследуемым видам экономической деятельности,2023,43617.5
54705000,Орловская область,Город Ливны,Всего по обследуемым видам экономической деятельности,2024,51959.9
54710000,Орловская область,Город Мценск,Всего по обследуемым видам экономической деятельности,2022,35846.5
54710000,Орловская область,Город Мценск,Всего по обследуемым видам экономической деятельности,2023,42411.9
54710000,Орловская область,Город Мценск,Всего по обследуемым видам экономической деятельности,2024,53229.6
56603000,Пензенская область,Башмаковский муниципальный район,Всего по обследуемым видам экономической деятельности,2022,45805.6
56603000,Пензенская область,Башмаковский муниципальный район,Всего по обследуемым видам экономической деятельности,2023,51914.5
56603000,Пензенская область,Башмаковский муниципальный район,Всего по обследуемым видам экономической деятельности,2024,60294.0
56606000,Пензенская область,Спасский муниципальный район,Всего по обследуемым видам экономической деятельности,2022,37095.0
56606000,Пензенская область,Спасский муниципальный район,Всего по обследуемым видам экономической деятельности,2023,40991.8
56606000,Пензенская область,Спасский муниципальный район,Всего по обследуемым видам экономической деятельности,2024,50927.0
56609000,Пензенская область,Бековский муниципальный район,Всего по обследуемым видам экономической деятельности,2022,34199.0
56609000,Пензенская область,Бековский муниципальный район,Всего по обследуемым видам экономической деятельности,2023,39036.6
56609000,Пензенская область,Бековский муниципальный район,Всего по обследуемым видам экономической деятельности,2024,48089.9
56612000,Пензенская область,Белинский муниципальный район,Всего по обследуемым видам экономической деятельности,2022,34542.4
56612000,Пензенская область,Белинский муниципальный район,Всего по обследуемым видам экономической деятельности,2023,39640.7
56612000,Пензенская область,Белинский муниципальный район,Всего по обследуемым видам экономической деятельности,2024,46192.3
56613000,Пензенская область,Бессоновский муниципальный район,Всего по обследуемым видам экономической деятельности,2022,42311.0
56613000,Пензенская область,Бессоновский муниципальный район,Всего по обследуемым видам экономической деятельности,2023,49601.2
56613000,Пензенская область,Бессоновский муниципальный район,Всего по обследуемым видам экономической деятельности,2024,62408.5
56615000,Пензенская область,Вадинский муниципальный район,Всего по обследуемым видам экономической деятельности,2022,35540.9
56615000,Пензенская область,Вадинский муниципальный район,Всего по обследуемым видам экономической деятельности,2023,39653.2
56615000,Пензенская область,Вадинский муниципальный район,Всего по обследуемым видам экономической деятельности,2024,47719.8
56618000,Пензенская область,Городищенский муниципальный район,Всего по обследуемым видам экономической деятельности,2022,35091.6
56618000,Пензенская область,Городищенский муниципальный район,Всего по обследуемым видам экономической деятельности,2023,39753.0
56618000,Пензенская область,Городищенский муниципальный район,Всего по обследуемым видам экономической деятельности,2024,47836.2
56623000,Пензенская область,Земетчинский муниципальный район,Всего по обследуемым видам экономической деятельности,2022,37405.2
56623000,Пензенская область,Земетчинский муниципальный район,Всего по обследуемым видам экономической деятельности,2023,44156.9
56623000,Пензенская область,Земетчинский муниципальный район,Всего по обследуемым видам экономической деятельности,2024,51322.9
56626000,Пензенская область,Иссинский муниципальный район,Всего по обследуемым видам экономической деятельности,2022,36437.7
56626000,Пензенская область,Иссинский муниципальный район,Всего по обследуемым видам экономической деятельности,2023,41724.1
56626000,Пензенская область,Иссинский муниципальный район,Всего по обследуемым видам экономической деятельности,2024,48212.4
56629000,Пензенская область,Каменский муниципальный район,Всего по обследуемым видам экономической деятельности,2022,40837.3
56629000,Пензенская область,Каменский муниципальный район,Всего по обследуемым видам экономической деятельности,2023,46619.8
56629000,Пензенская область,Каменский муниципальный район,Всего по обследуемым видам экономической деятельности,2024,55626.9
56631000,Пензенская область,Камешкирский муниципальный район,Всего по обследуемым видам экономической деятельности,2022,31750.1
56631000,Пензенская область,Камешкирский муниципальный район,Всего по обследуемым видам экономической деятельности,2023,35446.3
56631000,Пензенская область,Камешкирский муниципальный район,Всего по обследуемым видам экономической деятельности,2024,42526.4
56633000,Пензенская область,Колышлейский муниципальный район,Всего по обследуемым видам экономической деятельности,2022,36134.0
56633000,Пензенская область,Колышлейский муниципальный район,Всего по обследуемым видам экономической деятельности,2023,41908.2
56633000,Пензенская область,Колышлейский муниципальный район,Всего по обследуемым видам экономической деятельности,2024,48162.6
56640000,Пензенская область,Кузнецкий муниципальный район,Всего по обследуемым видам экономической деятельности,2022,37758.4
56640000,Пензенская область,Кузнецкий муниципальный район,Всего по обследуемым видам экономической деятельности,2023,43105.1
56640000,Пензенская область,Кузнецкий муниципальный район,Всего по обследуемым видам экономической деятельности,2024,52943.4
56642000,Пензенская область,Лопатинский муниципальный район,Всего по обследуемым видам экономической деятельности,2022,32459.9
56642000,Пензенская область,Лопатинский муниципальный район,Всего по обследуемым видам экономической деятельности,2023,38739.1
56642000,Пензенская область,Лопатинский муниципальный район,Всего по обследуемым видам экономической деятельности,2024,47132.3
56643000,Пензенская область,Лунинский муниципальный район,Всего по обследуемым видам экономической деятельности,2022,32787.5
56643000,Пензенская область,Лунинский муниципальный район,Всего по обследуемым видам экономической деятельности,2023,38109.0
56643000,Пензенская область,Лунинский муниципальный район,Всего по обследуемым видам экономической деятельности,2024,45966.3
56644000,Пензенская область,Малосердобинский муниципальный район,Всего по обследуемым видам экономической деятельности,2022,31147.4
56644000,Пензенская область,Малосердобинский муниципальный район,Всего по обследуемым видам экономической деятельности,2023,35223.4
56644000,Пензенская область,Малосердобинский муниципальный район,Всего по обследуемым видам экономической деятельности,2024,40943.8
56645000,Пензенская область,Мокшанский муниципальный район,Всего по обследуемым видам экономической деятельности,2022,36086.6
56645000,Пензенская область,Мокшанский муниципальный район,Всего по обследуемым видам экономической деятельности,2023,40374.0
56645000,Пензенская область,Мокшанский муниципальный район,Всего по обследуемым видам экономической деятельности,2024,50058.6
56647000,Пензенская область,Наровчатский муниципальный район,Всего по обследуемым видам экономической деятельности,2022,35307.0
56647000,Пензенская область,Наровчатский муниципальный район,Всего по обследуемым видам экономической деятельности,2023,39938.5
56647000,Пензенская область,Наровчатский муниципальный район,Всего по обследуемым видам экономической деятельности,2024,48008.3
56649000,Пензенская область,Неверкинский муниципальный район,Всего по обследуемым видам экономической деятельности,2022,29937.2
56649000,Пензенская область,Неверкинский муниципальный район,Всего по обследуемым видам экономической деятельности,2023,34240.5
56649000,Пензенская область,Неверкинский муниципальный район,Всего по обследуемым видам экономической деятельности,2024,39738.6
56651000,Пензенская область,Нижнеломовский муниципальный район,Всего по обследуемым видам экономической деятельности,2022,44548.2
56651000,Пензенская область,Нижнеломовский муниципальный район,Всего по обследуемым видам экономической деятельности,2023,53120.5
56651000,Пензенская область,Нижнеломовский муниципальный район,Всего по обследуемым видам экономической деятельности,2024,65412.3
56653000,Пензенская область,Никольский муниципальный район,Всего по обследуемым видам экономической деятельности,2022,38877.5
56653000,Пензенская область,Никольский муниципальный район,Всего по обследуемым видам экономической деятельности,2023,43257.2
56653000,Пензенская область,Никольский муниципальный район,Всего по обследуемым видам экономической деятельности,2024,51354.5
56654000,Пензенская область,Пачелмский муниципальный район,Всего по обследуемым видам экономической деятельности,2022,35101.4
56654000,Пензенская область,Пачелмский муниципальный район,Всего по обследуемым видам экономической деятельности,2023,39618.5
56654000,Пензенская область,Пачелмский муниципальный район,Всего по обследуемым видам экономической деятельности,2024,47733.8
56655000,Пензенская область,Пензенский муниципальный район,Всего по обследуемым видам экономической деятельности,2022,42168.5
56655000,Пензенская область,Пензенский муниципальный район,Всего по обследуемым видам экономической деятельности,2023,49596.1
56655000,Пензенская область,Пензенский муниципальный район,Всего по обследуемым видам экономической деятельности,2024,58702.9
56656000,Пензенская область,Сердобский муниципальный район,Всего по обследуемым видам экономической деятельности,2022,35237.3
56656000,Пензенская область,Сердобский муниципальный район,Всего по обследуемым видам экономической деятельности,2023,40958.0
56656000,Пензенская область,Сердобский муниципальный район,Всего по обследуемым видам экономической деятельности,2024,47333.5
56657000,Пензенская область,Сосновоборский муниципальный район,Всего по обследуемым видам экономической деятельности,2022,29291.7
56657000,Пензенская область,Сосновоборский муниципальный район,Всего по обследуемым видам экономической деятельности,2023,33115.2
56657000,Пензенская область,Сосновоборский муниципальный район,Всего по обследуемым видам экономической деятельности,2024,38565.0
56658000,Пензенская область,Тамалинский муниципальный район,Всего по обследуемым видам экономической деятельности,2022,38025.9
56658000,Пензенская область,Тамалинский муниципальный район,Всего по обследуемым видам экономической деятельности,2023,41552.7
56658000,Пензенская область,Тамалинский муниципальный район,Всего по обследуемым видам экономической деятельности,2024,48864.2
56659000,Пензенская область,Шемышейский муниципальный район,Всего по обследуемым видам экономической деятельности,2022,30506.5
56659000,Пензенская область,Шемышейский муниципальный район,Всего по обследуемым видам экономической деятельности,2023,34459.7
56659000,Пензенская область,Шемышейский муниципальный район,Всего по обследуемым видам экономической деятельности,2024,39959.6
56701000,Пензенская область,Город Пенза,Всего по обследуемым видам экономической деятельности,2022,48070.0
56701000,Пензенская область,Город Пенза,Всего по обследуемым видам экономической деятельности,2023,55836.4
56701000,Пензенская область,Город Пенза,Всего по обследуемым видам экономической деятельности,2024,66589.0
56705000,Пензенская область,Город Кузнецк,Всего по обследуемым видам экономической деятельности,2022,37162.4
56705000,Пензенская область,Город Кузнецк,Всего по обследуемым видам экономической деятельности,2023,43534.2
56705000,Пензенская область,Город Кузнецк,Всего по обследуемым видам экономической деятельности,2024,52273.7
56734000,Пензенская область,ЗАТО город Заречный,Всего по обследуемым видам экономической деятельности,2022,41397.4
56734000,Пензенская область,ЗАТО город Заречный,Всего по обследуемым видам экономической деятельности,2023,51582.2
57502000,Пермский край,Александровский муниципальный округ,Всего по обследуемым видам экономической деятельности,2022,41346.6
57502000,Пермский край,Александровский муниципальный округ,Всего по обследуемым видам экономической деятельности,2023,48168.1
57502000,Пермский край,Александровский муниципальный округ,Всего по обследуемым видам экономической деятельности,2024,58279.0
57503000,Пермский край,Бардымский муниципальный округ,Всего по обследуемым видам экономической деятельности,2022,44330.7
57503000,Пермский край,Бардымский муниципальный округ,Всего по обследуемым видам экономической деятельности,2023,54410.0
57503000,Пермский край,Бардымский муниципальный округ,Всего по обследуемым видам экономической деятельности,2024,64471.0
57506000,Пермский край,Березовский муниципальный округ,Всего по обследуемым видам экономической деятельности,2022,47315.7
57506000,Пермский край,Березовский муниципальный округ,Всего по обследуемым видам экономической деятельности,2023,52774.7
57506000,Пермский край,Березовский муниципальный округ,Всего по обследуемым видам экономической деятельности,2024,59871.3
57508000,Пермский край,Большесосновский муниципальный округ,Всего по обследуемым видам экономической деятельности,2022,38675.7
57508000,Пермский край,Большесосновский муниципальный округ,Всего по обследуемым видам экономической деятельности,2023,44242.0
57508000,Пермский край,Большесосновский муниципальный округ,Всего по обследуемым видам экономической деятельности,2024,52881.4
57513000,Пермский край,Гайнский муниципальный округ,Всего по обследуемым видам экономической деятельности,2022,45904.3
57513000,Пермский край,Гайнский муниципальный округ,Всего по обследуемым видам экономической деятельности,2023,53014.8
57513000,Пермский край,Гайнский муниципальный округ,Всего по обследуемым видам экономической деятельности,2024,61144.0
57516000,Пермский край,Губахинский муниципальный округ,Всего по обследуемым видам экономической деятельности,2023,57670.7
57516000,Пермский край,Губахинский муниципальный округ,Всего по обследуемым видам экономической деятельности,2024,69339.0
57518000,Пермский край,Еловский муниципальный округ,Всего по обследуемым видам экономической деятельности,2022,35948.8
57518000,Пермский край,Еловский муниципальный округ,Всего по обследуемым видам экономической деятельности,2023,40955.6
57518000,Пермский край,Еловский муниципальный округ,Всего по обследуемым видам экономической деятельности,2024,48798.7
57522000,Пермский край,Карагайский муниципальный округ,Всего по обследуемым видам экономической деятельности,2022,37178.2
57522000,Пермский край,Карагайский муниципальный округ,Всего по обследуемым видам экономической деятельности,2023,42146.4
57522000,Пермский край,Карагайский муниципальный округ,Всего по обследуемым видам экономической деятельности,2024,49766.6
57524000,Пермский край,Кишертский муниципальный округ,Всего по обследуемым видам экономической деятельности,2022,37641.5
57524000,Пермский край,Кишертский муниципальный округ,Всего по обследуемым видам экономической деятельности,2023,41784.9
57524000,Пермский край,Кишертский муниципальный округ,Всего по обследуемым видам экономической деятельности,2024,52600.8
57525000,Пермский край,Косинский муниципальный округ,Всего по обследуемым видам экономической деятельности,2022,43147.4
57525000,Пермский край,Косинский муниципальный округ,Всего по обследуемым видам экономической деятельности,2023,49227.6
57525000,Пермский край,Косинский муниципальный округ,Всего по обследуемым видам экономической деятельности,2024,58600.5
57526000,Пермский край,Кочевский муниципальный округ,Всего по обследуемым видам экономической деятельности,2022,49360.7
57526000,Пермский край,Кочевский муниципальный округ,Всего по обследуемым видам экономической деятельности,2023,55904.4
57526000,Пермский край,Кочевский муниципальный округ,Всего по обследуемым видам экономической деятельности,2024,64669.4
57528000,Пермский край,Кудымкарский муниципальный округ,Всего по обследуемым видам экономической деятельности,2022,31002.9
57528000,Пермский край,Кудымкарский муниципальный округ,Всего по обследуемым видам экономической деятельности,2023,44144.9
57528000,Пермский край,Кудымкарский муниципальный округ,Всего по обследуемым видам экономической деятельности,2024,51081.4
57529000,Пермский край,Куединский муниципальный округ,Всего по обследуемым видам экономической деятельности,2022,37676.4
57529000,Пермский край,Куединский муниципальный округ,Всего по обследуемым видам экономической деятельности,2023,42973.6
57529000,Пермский край,Куединский муниципальный округ,Всего по обследуемым видам экономической деятельности,2024,51245.8
57530000,Пермский край,Кунгурский муниципальный округ,Всего по обследуемым видам экономической деятельности,2022,41153.3
57530000,Пермский край,Кунгурский муниципальный округ,Всего по обследуемым видам экономической деятельности,2023,47374.5
57530000,Пермский край,Кунгурский муниципальный округ,Всего по обследуемым видам экономической деятельности,2024,57065.1
57538000,Пермский край,Ординский муниципальный округ,Всего по обследуемым видам экономической деятельности,2022,37951.5
57538000,Пермский край,Ординский муниципальный округ,Всего по обследуемым видам экономической деятельности,2023,45344.4
57538000,Пермский край,Ординский муниципальный округ,Всего по обследуемым видам экономической деятельности,2024,53812.9
57546000,Пермский край,Пермский муниципальный округ,Всего по обследуемым видам экономической деятельности,2023,59854.4
57546000,Пермский край,Пермский муниципальный округ,Всего по обследуемым видам экономической деятельности,2024,72918.6
57548000,Пермский край,Сивинский муниципальный округ,Всего по обследуемым видам экономической деятельности,2022,37556.1
57548000,Пермский край,Сивинский муниципальный округ,Всего по обследуемым видам экономической деятельности,2023,41816.7
57548000,Пермский край,Сивинский муниципальный округ,Всего по обследуемым видам экономической деятельности,2024,49361.4
57552000,Пермский край,Уинский муниципальный округ,Всего по обследуемым видам экономической деятельности,2022,36845.1
57552000,Пермский край,Уинский муниципальный округ,Всего по обследуемым видам экономической деятельности,2023,42824.8
57552000,Пермский край,Уинский муниципальный округ,Всего по обследуемым видам экономической деятельности,2024,52556.1
57555000,Пермский край,Частинский муниципальный округ,Всего по обследуемым видам экономической деятельности,2022,46232.6
57555000,Пермский край,Частинский муниципальный округ,Всего по обследуемым видам экономической деятельности,2023,50475.7
57555000,Пермский край,Частинский муниципальный округ,Всего по обследуемым видам экономической деятельности,2024,58265.8
57559000,Пермский край,Юрлинский муниципальный округ,Всего по обследуемым видам экономической деятельности,2022,34010.1
57559000,Пермский край,Юрлинский муниципальный округ,Всего по обследуемым видам экономической деятельности,2023,38841.8
57559000,Пермский край,Юрлинский муниципальный округ,Всего по обследуемым видам экономической деятельности,2024,45241.8
57560000,Пермский край,Юсьвинский муниципальный округ,Всего по обследуемым видам экономической деятельности,2022,36616.7
57560000,Пермский край,Юсьвинский муниципальный округ,Всего по обследуемым видам экономической деятельности,2023,40779.2
57560000,Пермский край,Юсьвинский муниципальный округ,Всего по обследуемым видам экономической деятельности,2024,49483.7
57646000,Пермский край,Пермский муниципальный район,Всего по обследуемым видам экономической деятельности,2022,50263.6
57701000,Пермский край,Пермский,Всего по обследуемым видам экономической деятельности,2022,63681.2
57701000,Пермский край,Пермский,Всего по обследуемым видам экономической деятельности,2023,74374.9
57701000,Пермский край,Пермский,Всего по обследуемым видам экономической деятельности,2024,88118.2
57708000,Пермский край,Город Березники,Всего по обследуемым видам экономической деятельности,2022,64118.7
57708000,Пермский край,Город Березники,Всего по обследуемым видам экономической деятельности,2023,73277.5
57708000,Пермский край,Город Березники,Всего по обследуемым видам экономической деятельности,2024,89172.5
57712000,Пермский край,Верещагинский,Всего по обследуемым видам экономической деятельности,2022,38639.9
57712000,Пермский край,Верещагинский,Всего по обследуемым видам экономической деятельности,2023,43388.6
57712000,Пермский край,Верещагинский,Всего по обследуемым видам экономической деятельности,2024,51615.6
57714000,Пермский край,Горнозаводский,Всего по обследуемым видам экономической деятельности,2022,51408.2
57714000,Пермский край,Горнозаводский,Всего по обследуемым видам экономической деятельности,2023,58807.4
57714000,Пермский край,Горнозаводский,Всего по обследуемым видам экономической деятельности,2024,67217.5
57715000,Пермский край,Городской округ Гремячинский,Всего по обследуемым видам экономической деятельности,2022,44490.4
57717000,Пермский край,Городской округ Губахинский,Всего по обследуемым видам экономической деятельности,2022,49967.4
57718000,Пермский край,Добрянский,Всего по обследуемым видам экономической деятельности,2022,61424.2
57718000,Пермский край,Добрянский,Всего по обследуемым видам экономической деятельности,2023,71009.6
57718000,Пермский край,Добрянский,Всего по обследуемым видам экономической деятельности,2024,81849.5
57719000,Пермский край,Город Кизел,Всего по обследуемым видам экономической деятельности,2022,37466.2
57719000,Пермский край,Город Кизел,Всего по обследуемым видам экономической деятельности,2023,42261.7
57719000,Пермский край,Город Кизел,Всего по обследуемым видам экономической деятельности,2024,50204.2
57720000,Пермский край,Краснокамский,Всего по обследуемым видам экономической деятельности,2022,52912.9
57720000,Пермский край,Краснокамский,Всего по обследуемым видам экономической деятельности,2023,62407.5
57720000,Пермский край,Краснокамский,Всего по обследуемым видам экономической деятельности,2024,73277.6
57721000,Пермский край,Городской округ город Кудымкар,Всего по обследуемым видам экономической деятельности,2022,41564.6
57726000,Пермский край,Лысьвенский,Всего по обследуемым видам экономической деятельности,2022,40025.0
57726000,Пермский край,Лысьвенский,Всего по обследуемым видам экономической деятельности,2023,48786.6
57726000,Пермский край,Лысьвенский,Всего по обследуемым видам экономической деятельности,2024,59536.1
57727000,Пермский край,Нытвенский,Всего по обследуемым видам экономической деятельности,2022,42307.7
57727000,Пермский край,Нытвенский,Всего по обследуемым видам экономической деятельности,2023,48573.8
57727000,Пермский край,Нытвенский,Всего по обследуемым видам экономической деятельности,2024,59224.5
57728000,Пермский край,Осинский,Всего по обследуемым видам экономической деятельности,2022,48716.3
57728000,Пермский край,Осинский,Всего по обследуемым видам экономической деятельности,2023,57139.0
57728000,Пермский край,Осинский,Всего по обследуемым видам экономической деятельности,2024,67450.8
57729000,Пермский край,Оханский,Всего по обследуемым видам экономической деятельности,2022,33249.4
57729000,Пермский край,Оханский,Всего по обследуемым видам экономической деятельности,2023,38577.5
57729000,Пермский край,Оханский,Всего по обследуемым видам экономической деятельности,2024,47448.6
57730000,Пермский край,Соликамский,Всего по обследуемым видам экономической деятельности,2022,53006.5
57730000,Пермский край,Соликамский,Всего по обследуемым видам экономической деятельности,2023,60698.5
57730000,Пермский край,Соликамский,Всего по обследуемым видам экономической деятельности,2024,72739.3
57731000,Пермский край,Суксунский,Всего по обследуемым видам экономической деятельности,2022,43532.5
57731000,Пермский край,Суксунский,Всего по обследуемым видам экономической деятельности,2023,55881.9
57731000,Пермский край,Суксунский,Всего по обследуемым видам экономической деятельности,2024,67480.1
57735000,Пермский край,Чайковский,Всего по обследуемым видам экономической деятельности,2022,53313.5
57735000,Пермский край,Чайковский,Всего по обследуемым видам экономической деятельности,2023,60209.5
57735000,Пермский край,Чайковский,Всего по обследуемым видам экономической деятельности,2024,70557.7
57756000,Пермский край,Чердынский,Всего по обследуемым видам экономической деятельности,2022,33979.1
57756000,Пермский край,Чердынский,Всего по обследуемым видам экономической деятельности,2023,41341.9
57756000,Пермский край,Чердынский,Всего по обследуемым видам экономической деятельности,2024,48749.8
57757000,Пермский край,Чернушинский,Всего по обследуемым видам экономической деятельности,2022,52242.9
57757000,Пермский край,Чернушинский,Всего по обследуемым видам экономической деятельности,2023,62981.6
57757000,Пермский край,Чернушинский,Всего по обследуемым видам экономической деятельности,2024,74102.2
57758000,Пермский край,Чусовской,Всего по обследуемым видам экономической деятельности,2022,41730.9
57758000,Пермский край,Чусовской,Всего по обследуемым видам экономической деятельности,2023,49621.6
57758000,Пермский край,Чусовской,Всего по обследуемым видам экономической деятельности,2024,62029.9
57759000,Пермский край,Ильинский,Всего по обследуемым видам экономической деятельности,2022,38436.6
57759000,Пермский край,Ильинский,Всего по обследуемым видам экономической деятельности,2023,44293.3
57759000,Пермский край,Ильинский,Всего по обследуемым видам экономической деятельности,2024,51646.9
57760000,Пермский край,Красновишерский,Всего по обследуемым видам экономической деятельности,2022,38929.8
57760000,Пермский край,Красновишерский,Всего по обследуемым видам экономической деятельности,2023,44447.8
57760000,Пермский край,Красновишерский,Всего по обследуемым видам экономической деятельности,2024,52325.2
57761000,Пермский край,Октябрьский,Всего по обследуемым видам экономической деятельности,2022,44793.8
57761000,Пермский край,Октябрьский,Всего по обследуемым видам экономической деятельности,2023,49690.6
57761000,Пермский край,Октябрьский,Всего по обследуемым видам экономической деятельности,2024,60795.1
57762000,Пермский край,Очерский,Всего по обследуемым видам экономической деятельности,2022,43915.6
57762000,Пермский край,Очерский,Всего по обследуемым видам экономической деятельности,2023,52377.4
57762000,Пермский край,Очерский,Всего по обследуемым видам экономической деятельности,2024,59360.1
57763000,Пермский край,ЗАТО Звездный,Всего по обследуемым видам экономической деятельности,2022,45294.9
57763000,Пермский край,ЗАТО Звездный,Всего по обследуемым видам экономической деятельности,2023,51468.3
58514000,Псковская область,Красногородский,Всего по обследуемым видам экономической деятельности,2024,38848.7
58518000,Псковская область,Локнянский,Всего по обследуемым видам экономической деятельности,2024,41230.4
58520000,Псковская область,Невельский,Всего по обследуемым видам экономической деятельности,2024,48842.2
58523000,Псковская область,Новоржевский,Всего по обследуемым видам экономической деятельности,2024,38828.1
58529000,Псковская область,Опочецкий,Всего по обследуемым видам экономической деятельности,2024,42888.8
58540000,Псковская область,Печорский,Всего по обследуемым видам экономической деятельности,2024,53153.1
58553000,Псковская область,Пыталовский,Всего по обследуемым видам экономической деятельности,2024,50507.8
58556000,Псковская область,Струго-Красненский,Всего по обследуемым видам экономической деятельности,2024,42718.1
58604000,Псковская область,Бежаницкий муниципальный район,Всего по обследуемым видам экономической деятельности,2022,35722.6
58604000,Псковская область,Бежаницкий муниципальный район,Всего по обследуемым видам экономической деятельности,2023,41114.3
58604000,Псковская область,Бежаницкий муниципальный район,Всего по обследуемым видам экономической деятельности,2024,47785.3
58606000,Псковская область,Великолукский муниципальный район,Всего по обследуемым видам экономической деятельности,2022,40786.5
58606000,Псковская область,Великолукский муниципальный район,Всего по обследуемым видам экономической деятельности,2023,45851.5
58606000,Псковская область,Великолукский муниципальный район,Всего по обследуемым видам экономической деятельности,2024,54214.8
58608000,Псковская область,Гдовский муниципальный район,Всего по обследуемым видам экономической деятельности,2022,33920.8
58608000,Псковская область,Гдовский муниципальный район,Всего по обследуемым видам экономической деятельности,2023,37518.8
58608000,Псковская область,Гдовский муниципальный район,Всего по обследуемым видам экономической деятельности,2024,43483.6
58610000,Псковская область,Дедовичский муниципальный район,Всего по обследуемым видам экономической деятельности,2022,41739.0
58610000,Псковская область,Дедовичский муниципальный район,Всего по обследуемым видам экономической деятельности,2023,44571.3
58610000,Псковская область,Дедовичский муниципальный район,Всего по обследуемым видам экономической деятельности,2024,50884.3
58612000,Псковская область,Дновский муниципальный район,Всего по обследуемым видам экономической деятельности,2022,45797.6
58612000,Псковская область,Дновский муниципальный район,Всего по обследуемым видам экономической деятельности,2023,52583.4
58612000,Псковская область,Дновский муниципальный район,Всего по обследуемым видам экономической деятельности,2024,62309.5
58614000,Псковская область,Красногородский муниципальный район,Всего по обследуемым видам экономической деятельности,2022,29621.7
58614000,Псковская область,Красногородский муниципальный район,Всего по обследуемым видам экономической деятельности,2023,32832.3
58616000,Псковская область,Куньинский муниципальный район,Всего по обследуемым видам экономической деятельности,2022,35649.2
58616000,Псковская область,Куньинский муниципальный район,Всего по обследуемым видам экономической деятельности,2023,39196.7
58616000,Псковская область,Куньинский муниципальный район,Всего по обследуемым видам экономической деятельности,2024,45166.8
58618000,Псковская область,Локнянский муниципальный район,Всего по обследуемым видам экономической деятельности,2022,30790.8
58618000,Псковская область,Локнянский муниципальный район,Всего по обследуемым видам экономической деятельности,2023,34804.6
58620000,Псковская область,Невельский муниципальный район,Всего по обследуемым видам экономической деятельности,2022,34300.8
58620000,Псковская область,Невельский муниципальный район,Всего по обследуемым видам экономической деятельности,2023,36928.4
58623000,Псковская область,Новоржевский муниципальный район,Всего по обследуемым видам экономической деятельности,2022,30382.8
58623000,Псковская область,Новоржевский муниципальный район,Всего по обследуемым видам экономической деятельности,2023,33266.8
58626000,Псковская область,Новосокольнический муниципальный район,Всего по обследуемым видам экономической деятельности,2022,39222.3
58626000,Псковская область,Новосокольнический муниципальный район,Всего по обследуемым видам экономической деятельности,2023,44148.7
58626000,Псковская область,Новосокольнический муниципальный район,Всего по обследуемым видам экономической деятельности,2024,52751.2
58629000,Псковская область,Опочецкий муниципальный район,Всего по обследуемым видам экономической деятельности,2022,32817.4
58629000,Псковская область,Опочецкий муниципальный район,Всего по обследуемым видам экономической деятельности,2023,37438.7
58633000,Псковская область,Островский муниципальный район,Всего по обследуемым видам экономической деятельности,2022,34250.6
58633000,Псковская область,Островский муниципальный район,Всего по обследуемым видам экономической деятельности,2023,39250.9
58633000,Псковская область,Островский муниципальный район,Всего по обследуемым видам экономической деятельности,2024,46005.5
58637000,Псковская область,Палкинский муниципальный район,Всего по обследуемым видам экономической деятельности,2022,34205.4
58637000,Псковская область,Палкинский муниципальный район,Всего по обследуемым видам экономической деятельности,2023,37997.8
58637000,Псковская область,Палкинский муниципальный район,Всего по обследуемым видам экономической деятельности,2024,44390.6
58640000,Псковская область,Печорский муниципальный район,Всего по обследуемым видам экономической деятельности,2022,38037.5
58640000,Псковская область,Печорский муниципальный район,Всего по обследуемым видам экономической деятельности,2023,44270.1
58643000,Псковская область,Плюсский муниципальный район,Всего по обследуемым видам экономической деятельности,2022,39384.1
58643000,Псковская область,Плюсский муниципальный район,Всего по обследуемым видам экономической деятельности,2023,43154.7
58643000,Псковская область,Плюсский муниципальный район,Всего по обследуемым видам экономической деятельности,2024,55319.8
58647000,Псковская область,Порховский муниципальный район,Всего по обследуемым видам экономической деятельности,2022,34685.3
58647000,Псковская область,Порховский муниципальный район,Всего по обследуемым видам экономической деятельности,2023,39175.3
58647000,Псковская область,Порховский муниципальный район,Всего по обследуемым видам экономической деятельности,2024,45317.9
58649000,Псковская область,Псковский муниципальный район,Всего по обследуемым видам экономической деятельности,2022,39708.3
58649000,Псковская область,Псковский муниципальный район,Всего по обследуемым видам экономической деятельности,2023,44189.9
58649000,Псковская область,Псковский муниципальный район,Всего по обследуемым видам экономической деятельности,2024,53166.2
58650000,Псковская область,Пустошкинский муниципальный район,Всего по обследуемым видам экономической деятельности,2022,34086.3
58650000,Псковская область,Пустошкинский муниципальный район,Всего по обследуемым видам экономической деятельности,2023,37889.2
58650000,Псковская область,Пустошкинский муниципальный район,Всего по обследуемым видам экономической деятельности,2024,43254.7
58651000,Псковская область,Пушкиногорский муниципальный район,Всего по обследуемым видам экономической деятельности,2022,33908.7
58651000,Псковская область,Пушкиногорский муниципальный район,Всего по обследуемым видам экономической деятельности,2023,40762.5
58651000,Псковская область,Пушкиногорский муниципальный район,Всего по обследуемым видам экономической деятельности,2024,48343.6
58653000,Псковская область,Пыталовский муниципальный район,Всего по обследуемым видам экономической деятельности,2022,42896.9
58653000,Псковская область,Пыталовский муниципальный район,Всего по обследуемым видам экономической деятельности,2023,45957.8
58654000,Псковская область,Себежский муниципальный район,Всего по обследуемым видам экономической деятельности,2022,38074.8
58654000,Псковская область,Себежский муниципальный район,Всего по обследуемым видам экономической деятельности,2023,44082.8
58654000,Псковская область,Себежский муниципальный район,Всего по обследуемым видам экономической деятельности,2024,51684.5
58656000,Псковская область,Струго-Красненский муниципальный район,Всего по обследуемым видам экономической деятельности,2022,33020.9
58656000,Псковская область,Струго-Красненский муниципальный район,Всего по обследуемым видам экономической деятельности,2023,37528.2
58658000,Псковская область,Усвятский муниципальный район,Всего по обследуемым видам экономической деятельности,2022,30766.3
58658000,Псковская область,Усвятский муниципальный район,Всего по обследуемым видам экономической деятельности,2023,33984.2
58658000,Псковская область,Усвятский муниципальный район,Всего по обследуемым видам экономической деятельности,2024,39292.9
58701000,Псковская область,Город Псков,Всего по обследуемым видам экономической деятельности,2022,46580.4
58701000,Псковская область,Город Псков,Всего по обследуемым видам экономической деятельности,2023,54130.0
58701000,Псковская область,Город Псков,Всего по обследуемым видам экономической деятельности,2024,63953.7
58710000,Псковская область,Город Великие Луки,Всего по обследуемым видам экономической деятельности,2022,42358.5
58710000,Псковская область,Город Великие Луки,Всего по обследуемым видам экономической деятельности,2023,48198.8
58710000,Псковская область,Город Великие Луки,Всего по обследуемым видам экономической деятельности,2024,62918.6
60601000,Ростовская область,Азовский муниципальный район,Всего по обследуемым видам экономической деятельности,2022,39694.7
60601000,Ростовская область,Азовский муниципальный район,Всего по обследуемым видам экономической деятельности,2023,44143.3
60601000,Ростовская область,Азовский муниципальный район,Всего по обследуемым видам экономической деятельности,2024,52831.2
60602000,Ростовская область,Аксайский муниципальный район,Всего по обследуемым видам экономической деятельности,2022,56770.3
60602000,Ростовская область,Аксайский муниципальный район,Всего по обследуемым видам экономической деятельности,2023,66337.5
60602000,Ростовская область,Аксайский муниципальный район,Всего по обследуемым видам экономической деятельности,2024,79630.8
60605000,Ростовская область,Багаевский муниципальный район,Всего по обследуемым видам экономической деятельности,2022,38297.9
60605000,Ростовская область,Багаевский муниципальный район,Всего по обследуемым видам экономической деятельности,2023,51163.5
60605000,Ростовская область,Багаевский муниципальный район,Всего по обследуемым видам экономической деятельности,2024,79522.7
60606000,Ростовская область,Белокалитвинский муниципальный район,Всего по обследуемым видам экономической деятельности,2022,39414.7
60606000,Ростовская область,Белокалитвинский муниципальный район,Всего по обследуемым видам экономической деятельности,2023,45891.0
60606000,Ростовская область,Белокалитвинский муниципальный район,Всего по обследуемым видам экономической деятельности,2024,54979.4
60607000,Ростовская область,Боковский муниципальный район,Всего по обследуемым видам экономической деятельности,2022,32785.1
60607000,Ростовская область,Боковский муниципальный район,Всего по обследуемым видам экономической деятельности,2023,37167.3
60607000,Ростовская область,Боковский муниципальный район,Всего по обследуемым видам экономической деятельности,2024,42373.9
60608000,Ростовская область,Верхнедонской муниципальный район,Всего по обследуемым видам экономической деятельности,2022,35053.0
60608000,Ростовская область,Верхнедонской муниципальный район,Всего по обследуемым видам экономической деятельности,2023,40304.1
60608000,Ростовская область,Верхнедонской муниципальный район,Всего по обследуемым видам экономической деятельности,2024,46489.5
60609000,Ростовская область,Веселовский муниципальный район,Всего по обследуемым видам экономической деятельности,2022,39889.9
60609000,Ростовская область,Веселовский муниципальный район,Всего по обследуемым видам экономической деятельности,2023,45557.2
60609000,Ростовская область,Веселовский муниципальный район,Всего по обследуемым видам экономической деятельности,2024,54746.4
60612000,Ростовская область,Волгодонской муниципальный район,Всего по обследуемым видам экономической деятельности,2022,36327.0
60612000,Ростовская область,Волгодонской муниципальный район,Всего по обследуемым видам экономической деятельности,2023,40332.7
60612000,Ростовская область,Волгодонской муниципальный район,Всего по обследуемым видам экономической деятельности,2024,46300.7
60613000,Ростовская область,Дубовский муниципальный район,Всего по обследуемым видам экономической деятельности,2022,35975.6
60613000,Ростовская область,Дубовский муниципальный район,Всего по обследуемым видам экономической деятельности,2023,40362.2
60613000,Ростовская область,Дубовский муниципальный район,Всего по обследуемым видам экономической деятельности,2024,48346.3
60615000,Ростовская область,Егорлыкский муниципальный район,Всего по обследуемым видам экономической деятельности,2022,35116.7
60615000,Ростовская область,Егорлыкский муниципальный район,Всего по обследуемым видам экономической деятельности,2023,41620.4
60615000,Ростовская область,Егорлыкский муниципальный район,Всего по обследуемым видам экономической деятельности,2024,48443.4
60617000,Ростовская область,Заветинский муниципальный район,Всего по обследуемым видам экономической деятельности,2022,34753.6
60617000,Ростовская область,Заветинский муниципальный район,Всего по обследуемым видам экономической деятельности,2023,38190.9
60617000,Ростовская область,Заветинский муниципальный район,Всего по обследуемым видам экономической деятельности,2024,44014.0
60618000,Ростовская область,Зерноградский муниципальный район,Всего по обследуемым видам экономической деятельности,2022,39881.5
60618000,Ростовская область,Зерноградский муниципальный район,Всего по обследуемым видам экономической деятельности,2023,44451.4
60618000,Ростовская область,Зерноградский муниципальный район,Всего по обследуемым видам экономической деятельности,2024,53215.2
60619000,Ростовская область,Зимовниковский муниципальный район,Всего по обследуемым видам экономической деятельности,2022,38379.2
60619000,Ростовская область,Зимовниковский муниципальный район,Всего по обследуемым видам экономической деятельности,2023,42328.9
60619000,Ростовская область,Зимовниковский муниципальный район,Всего по обследуемым видам экономической деятельности,2024,49299.8
60622000,Ростовская область,Кагальницкий муниципальный район,Всего по обследуемым видам экономической деятельности,2022,41530.9
60622000,Ростовская область,Кагальницкий муниципальный район,Всего по обследуемым видам экономической деятельности,2023,46732.2
60622000,Ростовская область,Кагальницкий муниципальный район,Всего по обследуемым видам экономической деятельности,2024,57577.4
60623000,Ростовская область,Каменский муниципальный район,Всего по обследуемым видам экономической деятельности,2022,38354.2
60623000,Ростовская область,Каменский муниципальный район,Всего по обследуемым видам экономической деятельности,2023,43139.7
60623000,Ростовская область,Каменский муниципальный район,Всего по обследуемым видам экономической деятельности,2024,51531.3
60624000,Ростовская область,Кашарский муниципальный район,Всего по обследуемым видам экономической деятельности,2022,42093.2
60624000,Ростовская область,Кашарский муниципальный район,Всего по обследуемым видам экономической деятельности,2023,42365.1
60624000,Ростовская область,Кашарский муниципальный район,Всего по обследуемым видам экономической деятельности,2024,49465.6
60625000,Ростовская область,Константиновский муниципальный район,Всего по обследуемым видам экономической деятельности,2022,33103.7
60625000,Ростовская область,Константиновский муниципальный район,Всего по обследуемым видам экономической деятельности,2023,36825.5
60625000,Ростовская область,Константиновский муниципальный район,Всего по обследуемым видам экономической деятельности,2024,44171.3
60626000,Ростовская область,Красносулинский муниципальный район,Всего по обследуемым видам экономической деятельности,2022,48313.1
60626000,Ростовская область,Красносулинский муниципальный район,Всего по обследуемым видам экономической деятельности,2023,58025.9
60626000,Ростовская область,Красносулинский муниципальный район,Всего по обследуемым видам экономической деятельности,2024,70662.8
60627000,Ростовская область,Куйбышевский муниципальный район,Всего по обследуемым видам экономической деятельности,2022,40834.9
60627000,Ростовская область,Куйбышевский муниципальный район,Всего по обследуемым видам экономической деятельности,2023,44827.6
60627000,Ростовская область,Куйбышевский муниципальный район,Всего по обследуемым видам экономической деятельности,2024,52415.6
60630000,Ростовская область,Мартыновский муниципальный район,Всего по обследуемым видам экономической деятельности,2022,33648.2
60630000,Ростовская область,Мартыновский муниципальный район,Всего по обследуемым видам экономической деятельности,2023,37151.0
60630000,Ростовская область,Мартыновский муниципальный район,Всего по обследуемым видам экономической деятельности,2024,43592.2
60631000,Ростовская область,Матвеево-Курганский муниципальный район,Всего по обследуемым видам экономической деятельности,2022,37417.8
60631000,Ростовская область,Матвеево-Курганский муниципальный район,Всего по обследуемым видам экономической деятельности,2023,45356.9
60631000,Ростовская область,Матвеево-Курганский муниципальный район,Всего по обследуемым видам экономической деятельности,2024,48659.5
60632000,Ростовская область,Миллеровский муниципальный район,Всего по обследуемым видам экономической деятельности,2022,40075.9
60632000,Ростовская область,Миллеровский муниципальный район,Всего по обследуемым видам экономической деятельности,2023,47349.6
60632000,Ростовская область,Миллеровский муниципальный район,Всего по обследуемым видам экономической деятельности,2024,56084.0
60633000,Ростовская область,Милютинский муниципальный район,Всего по обследуемым видам экономической деятельности,2022,36836.6
60633000,Ростовская область,Милютинский муниципальный район,Всего по обследуемым видам экономической деятельности,2023,43165.0
60633000,Ростовская область,Милютинский муниципальный район,Всего по обследуемым видам экономической деятельности,2024,48809.3
60634000,Ростовская область,Морозовский муниципальный район,Всего по обследуемым видам экономической деятельности,2022,38764.3
60634000,Ростовская область,Морозовский муниципальный район,Всего по обследуемым видам экономической деятельности,2023,45065.2
60634000,Ростовская область,Морозовский муниципальный район,Всего по обследуемым видам экономической деятельности,2024,53575.6
60635000,Ростовская область,Мясниковский муниципальный район,Всего по обследуемым видам экономической деятельности,2022,46792.1
60635000,Ростовская область,Мясниковский муниципальный район,Всего по обследуемым видам экономической деятельности,2023,57664.1
60635000,Ростовская область,Мясниковский муниципальный район,Всего по обследуемым видам экономической деятельности,2024,69991.4
60636000,Ростовская область,Неклиновский муниципальный район,Всего по обследуемым видам экономической деятельности,2022,38310.6
60636000,Ростовская область,Неклиновский муниципальный район,Всего по обследуемым видам экономической деятельности,2023,43807.6
60636000,Ростовская область,Неклиновский муниципальный район,Всего по обследуемым видам экономической деятельности,2024,50513.3
60640000,Ростовская область,Обливский муниципальный район,Всего по обследуемым видам экономической деятельности,2022,35158.7
60640000,Ростовская область,Обливский муниципальный район,Всего по обследуемым видам экономической деятельности,2023,39174.8
60640000,Ростовская область,Обливский муниципальный район,Всего по обследуемым видам экономической деятельности,2024,45283.3
60641000,Ростовская область,Октябрьский муниципальный район,Всего по обследуемым видам экономической деятельности,2022,43019.2
60641000,Ростовская область,Октябрьский муниципальный район,Всего по обследуемым видам экономической деятельности,2023,52899.0
60641000,Ростовская область,Октябрьский муниципальный район,Всего по обследуемым видам экономической деятельности,2024,66122.5
60642000,Ростовская область,Орловский муниципальный район,Всего по обследуемым видам экономической деятельности,2022,35902.5
60642000,Ростовская область,Орловский муниципальный район,Всего по обследуемым видам экономической деятельности,2023,41763.3
60642000,Ростовская область,Орловский муниципальный район,Всего по обследуемым видам экономической деятельности,2024,48234.0
60644000,Ростовская область,Песчанокопский муниципальный район,Всего по обследуемым видам экономической деятельности,2022,39882.5
60644000,Ростовская область,Песчанокопский муниципальный район,Всего по обследуемым видам экономической деятельности,2023,45298.0
60644000,Ростовская область,Песчанокопский муниципальный район,Всего по обследуемым видам экономической деятельности,2024,52592.4
60645000,Ростовская область,Пролетарский муниципальный район,Всего по обследуемым видам экономической деятельности,2022,38522.3
60645000,Ростовская область,Пролетарский муниципальный район,Всего по обследуемым видам экономической деятельности,2023,43728.4
60645000,Ростовская область,Пролетарский муниципальный район,Всего по обследуемым видам экономической деятельности,2024,52323.1
60647000,Ростовская область,Ремонтненский муниципальный район,Всего по обследуемым видам экономической деятельности,2022,33619.8
60647000,Ростовская область,Ремонтненский муниципальный район,Всего по обследуемым видам экономической деятельности,2023,37753.7
60647000,Ростовская область,Ремонтненский муниципальный район,Всего по обследуемым видам экономической деятельности,2024,43865.2
60648000,Ростовская область,Родионово-Несветайский муниципальный район,Всего по обследуемым видам экономической деятельности,2022,40791.6
60648000,Ростовская область,Родионово-Несветайский муниципальный район,Всего по обследуемым видам экономической деятельности,2023,46419.1
60648000,Ростовская область,Родионово-Несветайский муниципальный район,Всего по обследуемым видам экономической деятельности,2024,53556.0
60650000,Ростовская область,Сальский муниципальный район,Всего по обследуемым видам экономической деятельности,2022,40118.4
60650000,Ростовская область,Сальский муниципальный район,Всего по обследуемым видам экономической деятельности,2023,46226.9
60650000,Ростовская область,Сальский муниципальный район,Всего по обследуемым видам экономической деятельности,2024,54516.1
60651000,Ростовская область,Семикаракорский муниципальный район,Всего по обследуемым видам экономической деятельности,2022,37360.7
60651000,Ростовская область,Семикаракорский муниципальный район,Всего по обследуемым видам экономической деятельности,2023,43603.0
60651000,Ростовская область,Семикаракорский муниципальный район,Всего по обследуемым видам экономической деятельности,2024,53083.4
60652000,Ростовская область,Советский муниципальный район,Всего по обследуемым видам экономической деятельности,2022,33338.7
60652000,Ростовская область,Советский муниципальный район,Всего по обследуемым видам экономической деятельности,2023,36182.3
60652000,Ростовская область,Советский муниципальный район,Всего по обследуемым видам экономической деятельности,2024,41834.9
60653000,Ростовская область,Тарасовский муниципальный район,Всего по обследуемым видам экономической деятельности,2022,36433.9
60653000,Ростовская область,Тарасовский муниципальный район,Всего по обследуемым видам экономической деятельности,2023,41302.2
60653000,Ростовская область,Тарасовский муниципальный район,Всего по обследуемым видам экономической деятельности,2024,47332.4
60654000,Ростовская область,Тацинский муниципальный район,Всего по обследуемым видам экономической деятельности,2022,37428.4
60654000,Ростовская область,Тацинский муниципальный район,Всего по обследуемым видам экономической деятельности,2023,43189.8
60654000,Ростовская область,Тацинский муниципальный район,Всего по обследуемым видам экономической деятельности,2024,51264.1
60655000,Ростовская область,Усть-Донецкий муниципальный район,Всего по обследуемым видам экономической деятельности,2022,39609.7
60655000,Ростовская область,Усть-Донецкий муниципальный район,Всего по обследуемым видам экономической деятельности,2023,46113.8
60655000,Ростовская область,Усть-Донецкий муниципальный район,Всего по обследуемым видам экономической деятельности,2024,51897.5
60656000,Ростовская область,Целинский муниципальный район,Всего по обследуемым видам экономической деятельности,2022,42794.4
60656000,Ростовская область,Целинский муниципальный район,Всего по обследуемым видам экономической деятельности,2023,50697.6
60656000,Ростовская область,Целинский муниципальный район,Всего по обследуемым видам экономической деятельности,2024,60995.7
60657000,Ростовская область,Цимлянский муниципальный район,Всего по обследуемым видам экономической деятельности,2022,44151.3
60657000,Ростовская область,Цимлянский муниципальный район,Всего по обследуемым видам экономической деятельности,2023,50135.8
60657000,Ростовская область,Цимлянский муниципальный район,Всего по обследуемым видам экономической деятельности,2024,69245.1
60658000,Ростовская область,Чертковский муниципальный район,Всего по обследуемым видам экономической деятельности,2022,41169.3
60658000,Ростовская область,Чертковский муниципальный район,Всего по обследуемым видам экономической деятельности,2023,45013.3
60658000,Ростовская область,Чертковский муниципальный район,Всего по обследуемым видам экономической деятельности,2024,52239.9
60659000,Ростовская область,Шолоховский муниципальный район,Всего по обследуемым видам экономической деятельности,2022,36212.9
60659000,Ростовская область,Шолоховский муниципальный район,Всего по обследуемым видам экономической деятельности,2023,40231.0
60659000,Ростовская область,Шолоховский муниципальный район,Всего по обследуемым видам экономической деятельности,2024,46426.4
60701000,Ростовская область,Город Ростов-на-Дону,Всего по обследуемым видам экономической деятельности,2022,61882.8
60701000,Ростовская область,Город Ростов-на-Дону,Всего по обследуемым видам экономической деятельности,2023,72212.6
60701000,Ростовская область,Город Ростов-на-Дону,Всего по обследуемым видам экономической деятельности,2024,86913.3
60704000,Ростовская область,Город Азов,Всего по обследуемым видам экономической деятельности,2022,42200.8
60704000,Ростовская область,Город Азов,Всего по обследуемым видам экономической деятельности,2023,51159.1
60704000,Ростовская область,Город Азов,Всего по обследуемым видам экономической деятельности,2024,62349.4
60707000,Ростовская область,Город Батайск,Всего по обследуемым видам экономической деятельности,2022,46257.5
60707000,Ростовская область,Город Батайск,Всего по обследуемым видам экономической деятельности,2023,55324.8
60707000,Ростовская область,Город Батайск,Всего по обследуемым видам экономической деятельности,2024,68587.7
60712000,Ростовская область,Город Волгодонск,Всего по обследуемым видам экономической деятельности,2022,53312.5
60712000,Ростовская область,Город Волгодонск,Всего по обследуемым видам экономической деятельности,2023,62502.8
60712000,Ростовская область,Город Волгодонск,Всего по обследуемым видам экономической деятельности,2024,74323.9
60715000,Ростовская область,Город Гуково,Всего по обследуемым видам экономической деятельности,2022,37298.7
60715000,Ростовская область,Город Гуково,Всего по обследуемым видам экономической деятельности,2023,41530.1
60715000,Ростовская область,Город Гуково,Всего по обследуемым видам экономической деятельности,2024,46520.0
60717000,Ростовская область,Город Донецк,Всего по обследуемым видам экономической деятельности,2022,32117.7
60717000,Ростовская область,Город Донецк,Всего по обследуемым видам экономической деятельности,2023,37121.7
60717000,Ростовская область,Город Донецк,Всего по обследуемым видам экономической деятельности,2024,44250.6
60718000,Ростовская область,Город Зверево,Всего по обследуемым видам экономической деятельности,2022,47667.8
60718000,Ростовская область,Город Зверево,Всего по обследуемым видам экономической деятельности,2023,55915.7
60718000,Ростовская область,Город Зверево,Всего по обследуемым видам экономической деятельности,2024,58343.5
60719000,Ростовская область,Город Каменск-Шахтинский,Всего по обследуемым видам экономической деятельности,2022,45501.4
60719000,Ростовская область,Город Каменск-Шахтинский,Всего по обследуемым видам экономической деятельности,2023,54299.8
60719000,Ростовская область,Город Каменск-Шахтинский,Всего по обследуемым видам экономической деятельности,2024,65443.2
60727000,Ростовская область,Город Новочеркасск,Всего по обследуемым видам экономической деятельности,2022,45331.9
60727000,Ростовская область,Город Новочеркасск,Всего по обследуемым видам экономической деятельности,2023,52435.2
60727000,Ростовская область,Город Новочеркасск,Всего по обследуемым видам экономической деятельности,2024,63868.5
60730000,Ростовская область,Город Новошахтинск,Всего по обследуемым видам экономической деятельности,2022,39296.6
60730000,Ростовская область,Город Новошахтинск,Всего по обследуемым видам экономической деятельности,2023,49825.8
60730000,Ростовская область,Город Новошахтинск,Всего по обследуемым видам экономической деятельности,2024,53584.8
60737000,Ростовская область,Город Таганрог,Всего по обследуемым видам экономической деятельности,2022,48426.8
60737000,Ростовская область,Город Таганрог,Всего по обследуемым видам экономической деятельности,2023,56546.8
60737000,Ростовская область,Город Таганрог,Всего по обследуемым видам экономической деятельности,2024,69309.0
60740000,Ростовская область,Город Шахты,Всего по обследуемым видам экономической деятельности,2022,42997.2
60740000,Ростовская область,Город Шахты,Всего по обследуемым видам экономической деятельности,2023,51462.1
60740000,Ростовская область,Город Шахты,Всего по обследуемым видам экономической деятельности,2024,61932.3
61602000,Рязанская область,Ермишинский муниципальный район,Всего по обследуемым видам экономической деятельности,2022,37671.0
61602000,Рязанская область,Ермишинский муниципальный район,Всего по обследуемым видам экономической деятельности,2023,42973.6
61604000,Рязанская область,Захаровский муниципальный район,Всего по обследуемым видам экономической деятельности,2022,35402.8
61604000,Рязанская область,Захаровский муниципальный район,Всего по обследуемым видам экономической деятельности,2023,42297.1
61606000,Рязанская область,Кадомский муниципальный район,Всего по обследуемым видам экономической деятельности,2022,29789.0
61606000,Рязанская область,Кадомский муниципальный район,Всего по обследуемым видам экономической деятельности,2023,33649.6
61608000,Рязанская область,Касимовский муниципальный район,Всего по обследуемым видам экономической деятельности,2022,46841.2
61608000,Рязанская область,Касимовский муниципальный район,Всего по обследуемым видам экономической деятельности,2023,51666.2
61610000,Рязанская область,Клепиковский муниципальный район,Всего по обследуемым видам экономической деятельности,2022,39666.4
61610000,Рязанская область,Клепиковский муниципальный район,Всего по обследуемым видам экономической деятельности,2023,43462.4
61612000,Рязанская область,Кораблинский муниципальный район,Всего по обследуемым видам экономической деятельности,2022,36866.2
61612000,Рязанская область,Кораблинский муниципальный район,Всего по обследуемым видам экономической деятельности,2023,43636.5
61615000,Рязанская область,Милославский муниципальный район,Всего по обследуемым видам экономической деятельности,2022,34129.6
61615000,Рязанская область,Милославский муниципальный район,Всего по обследуемым видам экономической деятельности,2023,38962.2
61617000,Рязанская область,Михайловский муниципальный район,Всего по обследуемым видам экономической деятельности,2022,43456.3
61617000,Рязанская область,Михайловский муниципальный район,Всего по обследуемым видам экономической деятельности,2023,50677.0
61620000,Рязанская область,Александро-Невский муниципальный район,Всего по обследуемым видам экономической деятельности,2022,38277.0
61620000,Рязанская область,Александро-Невский муниципальный район,Всего по обследуемым видам экономической деятельности,2023,43784.0
61623000,Рязанская область,Пителинский муниципальный район,Всего по обследуемым видам экономической деятельности,2022,40236.6
61623000,Рязанская область,Пителинский муниципальный район,Всего по обследуемым видам экономической деятельности,2023,45638.6
61625000,Рязанская область,Пронский муниципальный район,Всего по обследуемым видам экономической деятельности,2022,41693.9
61625000,Рязанская область,Пронский муниципальный район,Всего по обследуемым видам экономической деятельности,2023,46419.3
61626000,Рязанская область,Путятинский муниципальный район,Всего по обследуемым видам экономической деятельности,2022,56352.8
61626000,Рязанская область,Путятинский муниципальный район,Всего по обследуемым видам экономической деятельности,2023,58497.1
61627000,Рязанская область,Рыбновский муниципальный район,Всего по обследуемым видам экономической деятельности,2022,59270.7
61627000,Рязанская область,Рыбновский муниципальный район,Всего по обследуемым видам экономической деятельности,2023,66319.4
61630000,Рязанская область,Ряжский муниципальный район,Всего по обследуемым видам экономической деятельности,2022,36508.0
61630000,Рязанская область,Ряжский муниципальный район,Всего по обследуемым видам экономической деятельности,2023,40863.6
61634000,Рязанская область,Рязанский муниципальный район,Всего по обследуемым видам экономической деятельности,2022,46887.0
61634000,Рязанская область,Рязанский муниципальный район,Всего по обследуемым видам экономической деятельности,2023,57592.0
61637000,Рязанская область,Сапожковский муниципальный район,Всего по обследуемым видам экономической деятельности,2022,37569.5
61637000,Рязанская область,Сапожковский муниципальный район,Всего по обследуемым видам экономической деятельности,2023,43440.8
61640000,Рязанская область,Сараевский муниципальный район,Всего по обследуемым видам экономической деятельности,2022,38110.5
61640000,Рязанская область,Сараевский муниципальный район,Всего по обследуемым видам экономической деятельности,2023,44262.9
61642000,Рязанская область,Сасовский муниципальный район,Всего по обследуемым видам экономической деятельности,2022,28745.4
61642000,Рязанская область,Сасовский муниципальный район,Всего по обследуемым видам экономической деятельности,2023,32463.8
61644000,Рязанская область,Скопинский муниципальный район,Всего по обследуемым видам экономической деятельности,2022,39636.0
61644000,Рязанская область,Скопинский муниципальный район,Всего по обследуемым видам экономической деятельности,2023,52936.0
61646000,Рязанская область,Спасский муниципальный район,Всего по обследуемым видам экономической деятельности,2022,35937.6
61646000,Рязанская область,Спасский муниципальный район,Всего по обследуемым видам экономической деятельности,2023,41006.0
61648000,Рязанская область,Старожиловский муниципальный район,Всего по обследуемым видам экономической деятельности,2022,43966.3
61648000,Рязанская область,Старожиловский муниципальный район,Всего по обследуемым видам экономической деятельности,2023,47671.4
61650000,Рязанская область,Ухоловский муниципальный район,Всего по обследуемым видам экономической деятельности,2022,32179.7
61650000,Рязанская область,Ухоловский муниципальный район,Всего по обследуемым видам экономической деятельности,2023,37109.8
61653000,Рязанская область,Чучковский муниципальный район,Всего по обследуемым видам экономической деятельности,2022,35102.9
61653000,Рязанская область,Чучковский муниципальный район,Всего по обследуемым видам экономической деятельности,2023,40250.2
61656000,Рязанская область,Шацкий муниципальный район,Всего по обследуемым видам экономической деятельности,2022,36479.5
61656000,Рязанская область,Шацкий муниципальный район,Всего по обследуемым видам экономической деятельности,2023,42046.3
61658000,Рязанская область,Шиловский муниципальный район,Всего по обследуемым видам экономической деятельности,2022,37328.6
61658000,Рязанская область,Шиловский муниципальный район,Всего по обследуемым видам экономической деятельности,2023,43213.8
61700000,Рязанская область,Городские округа Рязанской области,Всего по обследуемым видам экономической деятельности,2023,61608.2
61701000,Рязанская область,Город Рязань,Всего по обследуемым видам экономической деятельности,2022,54537.8
61701000,Рязанская область,Город Рязань,Всего по обследуемым видам экономической деятельности,2023,63591.8
61705000,Рязанская область,Город Касимов,Всего по обследуемым видам экономической деятельности,2022,37754.0
61705000,Рязанская область,Город Касимов,Всего по обследуемым видам экономической деятельности,2023,44889.1
61710000,Рязанская область,Город Сасово,Всего по обследуемым видам экономической деятельности,2022,39579.7
61710000,Рязанская область,Город Сасово,Всего по обследуемым видам экономической деятельности,2023,47711.1
61715000,Рязанская область,Город Скопин,Всего по обследуемым видам экономической деятельности,2022,35843.0
61715000,Рязанская область,Город Скопин,Всего по обследуемым видам экономической деятельности,2023,41017.1
63602000,Саратовская область,Александрово-Гайский муниципальный район,Всего по обследуемым видам экономической деятельности,2022,41419.3
63602000,Саратовская область,Александрово-Гайский муниципальный район,Всего по обследуемым видам экономической деятельности,2023,45399.5
63602000,Саратовская область,Александрово-Гайский муниципальный район,Всего по обследуемым видам экономической деятельности,2024,50824.1
63603000,Саратовская область,Аркадакский муниципальный район,Всего по обследуемым видам экономической деятельности,2022,30620.6
63603000,Саратовская область,Аркадакский муниципальный район,Всего по обследуемым видам экономической деятельности,2023,37719.4
63603000,Саратовская область,Аркадакский муниципальный район,Всего по обследуемым видам экономической деятельности,2024,44492.7
63604000,Саратовская область,Аткарский муниципальный район,Всего по обследуемым видам экономической деятельности,2022,36187.1
63604000,Саратовская область,Аткарский муниципальный район,Всего по обследуемым видам экономической деятельности,2023,40987.4
63604000,Саратовская область,Аткарский муниципальный район,Всего по обследуемым видам экономической деятельности,2024,47933.4
63606000,Саратовская область,Базарно-Карабулакский муниципальный район,Всего по обследуемым видам экономической деятельности,2022,32282.0
63606000,Саратовская область,Базарно-Карабулакский муниципальный район,Всего по обследуемым видам экономической деятельности,2023,36204.5
63606000,Саратовская область,Базарно-Карабулакский муниципальный район,Всего по обследуемым видам экономической деятельности,2024,41671.5
63607000,Саратовская область,Балаковский муниципальный район,Всего по обследуемым видам экономической деятельности,2022,50444.6
63607000,Саратовская область,Балаковский муниципальный район,Всего по обследуемым видам экономической деятельности,2023,60284.2
63607000,Саратовская область,Балаковский муниципальный район,Всего по обследуемым видам экономической деятельности,2024,72660.5
63608000,Саратовская область,Балашовский муниципальный район,Всего по обследуемым видам экономической деятельности,2022,35893.8
63608000,Саратовская область,Балашовский муниципальный район,Всего по обследуемым видам экономической деятельности,2023,41031.3
63608000,Саратовская область,Балашовский муниципальный район,Всего по обследуемым видам экономической деятельности,2024,47550.6
63609000,Саратовская область,Балтайский муниципальный район,Всего по обследуемым видам экономической деятельности,2022,30847.3
63609000,Саратовская область,Балтайский муниципальный район,Всего по обследуемым видам экономической деятельности,2023,34958.2
63609000,Саратовская область,Балтайский муниципальный район,Всего по обследуемым видам экономической деятельности,2024,39974.2
63611000,Саратовская область,Вольский муниципальный район,Всего по обследуемым видам экономической деятельности,2022,36163.3
63611000,Саратовская область,Вольский муниципальный район,Всего по обследуемым видам экономической деятельности,2023,42108.7
63611000,Саратовская область,Вольский муниципальный район,Всего по обследуемым видам экономической деятельности,2024,49672.8
63612000,Саратовская область,Воскресенский муниципальный район,Всего по обследуемым видам экономической деятельности,2022,36212.3
63612000,Саратовская область,Воскресенский муниципальный район,Всего по обследуемым видам экономической деятельности,2023,40331.0
63612000,Саратовская область,Воскресенский муниципальный район,Всего по обследуемым видам экономической деятельности,2024,47934.7
63613000,Саратовская область,Дергачевский муниципальный район,Всего по обследуемым видам экономической деятельности,2022,30907.5
63613000,Саратовская область,Дергачевский муниципальный район,Всего по обследуемым видам экономической деятельности,2023,35154.5
63613000,Саратовская область,Дергачевский муниципальный район,Всего по обследуемым видам экономической деятельности,2024,38847.0
63614000,Саратовская область,Духовницкий муниципальный район,Всего по обследуемым видам экономической деятельности,2022,37031.8
63614000,Саратовская область,Духовницкий муниципальный район,Всего по обследуемым видам экономической деятельности,2023,41515.4
63614000,Саратовская область,Духовницкий муниципальный район,Всего по обследуемым видам экономической деятельности,2024,49765.8
63616000,Саратовская область,Екатериновский муниципальный район,Всего по обследуемым видам экономической деятельности,2022,37713.4
63616000,Саратовская область,Екатериновский муниципальный район,Всего по обследуемым видам экономической деятельности,2023,42179.1
63616000,Саратовская область,Екатериновский муниципальный район,Всего по обследуемым видам экономической деятельности,2024,47785.6
63617000,Саратовская область,Ершовский муниципальный район,Всего по обследуемым видам экономической деятельности,2022,39165.3
63617000,Саратовская область,Ершовский муниципальный район,Всего по обследуемым видам экономической деятельности,2023,45395.4
63617000,Саратовская область,Ершовский муниципальный район,Всего по обследуемым видам экономической деятельности,2024,53668.0
63619000,Саратовская область,Ивантеевский муниципальный район,Всего по обследуемым видам экономической деятельности,2022,34178.5
63619000,Саратовская область,Ивантеевский муниципальный район,Всего по обследуемым видам экономической деятельности,2023,37699.1
63619000,Саратовская область,Ивантеевский муниципальный район,Всего по обследуемым видам экономической деятельности,2024,43334.6
63621000,Саратовская область,Калининский муниципальный район,Всего по обследуемым видам экономической деятельности,2022,36428.0
63621000,Саратовская область,Калининский муниципальный район,Всего по обследуемым видам экономической деятельности,2023,40690.1
63621000,Саратовская область,Калининский муниципальный район,Всего по обследуемым видам экономической деятельности,2024,47516.0
63622000,Саратовская область,Красноармейский муниципальный район,Всего по обследуемым видам экономической деятельности,2022,31025.0
63622000,Саратовская область,Красноармейский муниципальный район,Всего по обследуемым видам экономической деятельности,2023,36243.9
63622000,Саратовская область,Красноармейский муниципальный район,Всего по обследуемым видам экономической деятельности,2024,43374.0
63623000,Саратовская область,Краснокутский муниципальный район,Всего по обследуемым видам экономической деятельности,2022,34535.1
63623000,Саратовская область,Краснокутский муниципальный район,Всего по обследуемым видам экономической деятельности,2023,39527.0
63623000,Саратовская область,Краснокутский муниципальный район,Всего по обследуемым видам экономической деятельности,2024,47620.4
63624000,Саратовская область,Краснопартизанский муниципальный район,Всего по обследуемым видам экономической деятельности,2022,31161.8
63624000,Саратовская область,Краснопартизанский муниципальный район,Всего по обследуемым видам экономической деятельности,2023,35409.7
63624000,Саратовская область,Краснопартизанский муниципальный район,Всего по обследуемым видам экономической деятельности,2024,41997.3
63625000,Саратовская область,Лысогорский муниципальный район,Всего по обследуемым видам экономической деятельности,2022,36955.5
63625000,Саратовская область,Лысогорский муниципальный район,Всего по обследуемым видам экономической деятельности,2023,50600.8
63625000,Саратовская область,Лысогорский муниципальный район,Всего по обследуемым видам экономической деятельности,2024,48388.2
63626000,Саратовская область,Марксовский муниципальный район,Всего по обследуемым видам экономической деятельности,2022,34475.3
63626000,Саратовская область,Марксовский муниципальный район,Всего по обследуемым видам экономической деятельности,2023,40444.4
63626000,Саратовская область,Марксовский муниципальный район,Всего по обследуемым видам экономической деятельности,2024,48052.8
63629000,Саратовская область,Новобурасский муниципальный район,Всего по обследуемым видам экономической деятельности,2022,34422.9
63629000,Саратовская область,Новобурасский муниципальный район,Всего по обследуемым видам экономической деятельности,2023,39069.8
63629000,Саратовская область,Новобурасский муниципальный район,Всего по обследуемым видам экономической деятельности,2024,43299.4
63630000,Саратовская область,Новоузенский муниципальный район,Всего по обследуемым видам экономической деятельности,2022,31376.1
63630000,Саратовская область,Новоузенский муниципальный район,Всего по обследуемым видам экономической деятельности,2023,35821.1
63630000,Саратовская область,Новоузенский муниципальный район,Всего по обследуемым видам экономической деятельности,2024,39927.4
63632000,Саратовская область,Озинский муниципальный район,Всего по обследуемым видам экономической деятельности,2022,30281.4
63632000,Саратовская область,Озинский муниципальный район,Всего по обследуемым видам экономической деятельности,2023,34080.0
63632000,Саратовская область,Озинский муниципальный район,Всего по обследуемым видам экономической деятельности,2024,39996.7
63634000,Саратовская область,Перелюбский муниципальный район,Всего по обследуемым видам экономической деятельности,2022,32995.7
63634000,Саратовская область,Перелюбский муниципальный район,Всего по обследуемым видам экономической деятельности,2023,39546.8
63634000,Саратовская область,Перелюбский муниципальный район,Всего по обследуемым видам экономической деятельности,2024,45244.7
63635000,Саратовская область,Петровский муниципальный район,Всего по обследуемым видам экономической деятельности,2022,35124.7
63635000,Саратовская область,Петровский муниципальный район,Всего по обследуемым видам экономической деятельности,2023,40217.1
63635000,Саратовская область,Петровский муниципальный район,Всего по обследуемым видам экономической деятельности,2024,47805.9
63636000,Саратовская область,Питерский муниципальный район,Всего по обследуемым видам экономической деятельности,2022,29609.6
63636000,Саратовская область,Питерский муниципальный район,Всего по обследуемым видам экономической деятельности,2023,33834.5
63636000,Саратовская область,Питерский муниципальный район,Всего по обследуемым видам экономической деятельности,2024,37833.4
63637000,Саратовская область,Пугачевский муниципальный район,Всего по обследуемым видам экономической деятельности,2022,34811.2
63637000,Саратовская область,Пугачевский муниципальный район,Всего по обследуемым видам экономической деятельности,2023,39177.6
63637000,Саратовская область,Пугачевский муниципальный район,Всего по обследуемым видам экономической деятельности,2024,45150.5
63639000,Саратовская область,Ровенский муниципальный район,Всего по обследуемым видам экономической деятельности,2022,33222.3
63639000,Саратовская область,Ровенский муниципальный район,Всего по обследуемым видам экономической деятельности,2023,37046.4
63639000,Саратовская область,Ровенский муниципальный район,Всего по обследуемым видам экономической деятельности,2024,40355.1
63640000,Саратовская область,Романовский муниципальный район,Всего по обследуемым видам экономической деятельности,2022,30371.0
63640000,Саратовская область,Романовский муниципальный район,Всего по обследуемым видам экономической деятельности,2023,34929.7
63640000,Саратовская область,Романовский муниципальный район,Всего по обследуемым видам экономической деятельности,2024,39097.0
63641000,Саратовская область,Ртищевский муниципальный район,Всего по обследуемым видам экономической деятельности,2022,36877.3
63641000,Саратовская область,Ртищевский муниципальный район,Всего по обследуемым видам экономической деятельности,2023,41810.2
63641000,Саратовская область,Ртищевский муниципальный район,Всего по обследуемым видам экономической деятельности,2024,49550.0
63642000,Саратовская область,Самойловский муниципальный район,Всего по обследуемым видам экономической деятельности,2022,29997.6
63642000,Саратовская область,Самойловский муниципальный район,Всего по обследуемым видам экономической деятельности,2023,33714.4
63642000,Саратовская область,Самойловский муниципальный район,Всего по обследуемым видам экономической деятельности,2024,38548.4
63644000,Саратовская область,Советский муниципальный район,Всего по обследуемым видам экономической деятельности,2022,38807.9
63644000,Саратовская область,Советский муниципальный район,Всего по обследуемым видам экономической деятельности,2023,43821.2
63644000,Саратовская область,Советский муниципальный район,Всего по обследуемым видам экономической деятельности,2024,50621.3
63646000,Саратовская область,Татищевский муниципальный район,Всего по обследуемым видам экономической деятельности,2022,41546.4
63646000,Саратовская область,Татищевский муниципальный район,Всего по обследуемым видам экономической деятельности,2023,46631.9
63646000,Саратовская область,Татищевский муниципальный район,Всего по обследуемым видам экономической деятельности,2024,54763.5
63647000,Саратовская область,Турковский муниципальный район,Всего по обследуемым видам экономической деятельности,2022,29602.6
63647000,Саратовская область,Турковский муниципальный район,Всего по обследуемым видам экономической деятельности,2023,33869.7
63647000,Саратовская область,Турковский муниципальный район,Всего по обследуемым видам экономической деятельности,2024,40761.0
63648000,Саратовская область,Федоровский муниципальный район,Всего по обследуемым видам экономической деятельности,2022,39479.6
63648000,Саратовская область,Федоровский муниципальный район,Всего по обследуемым видам экономической деятельности,2023,43580.8
63648000,Саратовская область,Федоровский муниципальный район,Всего по обследуемым видам экономической деятельности,2024,47657.8
63649000,Саратовская область,Хвалынский муниципальный район,Всего по обследуемым видам экономической деятельности,2022,31137.4
63649000,Саратовская область,Хвалынский муниципальный район,Всего по обследуемым видам экономической деятельности,2023,35659.5
63649000,Саратовская область,Хвалынский муниципальный район,Всего по обследуемым видам экономической деятельности,2024,41161.3
63650000,Саратовская область,Энгельсский муниципальный район,Всего по обследуемым видам экономической деятельности,2022,41549.6
63650000,Саратовская область,Энгельсский муниципальный район,Всего по обследуемым видам экономической деятельности,2023,50741.5
63650000,Саратовская область,Энгельсский муниципальный район,Всего по обследуемым видам экономической деятельности,2024,59289.0
63700000,Саратовская область,Городские округа Саратовской области,Всего по обследуемым видам экономической деятельности,2022,51978.5
63700000,Саратовская область,Городские округа Саратовской области,Всего по обследуемым видам экономической деятельности,2023,59348.7
63700000,Саратовская область,Городские округа Саратовской области,Всего по обследуемым видам экономической деятельности,2024,68438.0
63701000,Саратовская область,Город Саратов,Всего по обследуемым видам экономической деятельности,2022,52256.6
63701000,Саратовская область,Город Саратов,Всего по обследуемым видам экономической деятельности,2023,59648.8
63701000,Саратовская область,Город Саратов,Всего по обследуемым видам экономической деятельности,2024,68749.6
63746000,Саратовская область,Город Шиханы,Всего по обследуемым видам экономической деятельности,2022,37830.7
63746000,Саратовская область,Город Шиханы,Всего по обследуемым видам экономической деятельности,2023,43044.9
63746000,Саратовская область,Город Шиханы,Всего по обследуемым видам экономической деятельности,2024,50635.5
63760000,Саратовская область,Поселок Михайловский,Всего по обследуемым видам экономической деятельности,2022,36264.3
63760000,Саратовская область,Поселок Михайловский,Всего по обследуемым видам экономической деятельности,2023,41779.6
63760000,Саратовская область,Поселок Михайловский,Всего по обследуемым видам экономической деятельности,2024,53630.8
63775000,Саратовская область,ЗАТО Светлый,Всего по обследуемым видам экономической деятельности,2022,30900.4
63775000,Саратовская область,ЗАТО Светлый,Всего по обследуемым видам экономической деятельности,2023,34609.9
64701000,Сахалинская область,Город Южно-Сахалинск,Всего по обследуемым видам экономической деятельности,2022,125815.8
64701000,Сахалинская область,Город Южно-Сахалинск,Всего по обследуемым видам экономической деятельности,2023,137449.9
64701000,Сахалинская область,Город Южно-Сахалинск,Всего по обследуемым видам экономической деятельности,2024,155575.2
64704000,Сахалинская область,Александровск-Сахалинский район,Всего по обследуемым видам экономической деятельности,2022,74501.3
64704000,Сахалинская область,Александровск-Сахалинский район,Всего по обследуемым видам экономической деятельности,2023,81574.6
64704000,Сахалинская область,Александровск-Сахалинский район,Всего по обследуемым видам экономической деятельности,2024,96625.0
64708000,Сахалинская область,Анивский,Всего по обследуемым видам экономической деятельности,2022,83988.0
64708000,Сахалинская область,Анивский,Всего по обследуемым видам экономической деятельности,2023,92166.7
64708000,Сахалинская область,Анивский,Всего по обследуемым видам экономической деятельности,2024,108286.4
64712000,Сахалинская область,Долинский,Всего по обследуемым видам экономической деятельности,2022,79622.5
64712000,Сахалинская область,Долинский,Всего по обследуемым видам экономической деятельности,2023,89080.2
64712000,Сахалинская область,Долинский,Всего по обследуемым видам экономической деятельности,2024,106257.6
64716000,Сахалинская область,Корсаковский,Всего по обследуемым видам экономической деятельности,2022,103646.0
64716000,Сахалинская область,Корсаковский,Всего по обследуемым видам экономической деятельности,2023,112483.4
64716000,Сахалинская область,Корсаковский,Всего по обследуемым видам экономической деятельности,2024,128090.6
64720000,Сахалинская область,Курильский,Всего по обследуемым видам экономической деятельности,2022,120379.6
64720000,Сахалинская область,Курильский,Всего по обследуемым видам экономической деятельности,2023,128913.4
64720000,Сахалинская область,Курильский,Всего по обследуемым видам экономической деятельности,2024,149723.6
64724000,Сахалинская область,Макаровский,Всего по обследуемым видам экономической деятельности,2022,70115.6
64724000,Сахалинская область,Макаровский,Всего по обследуемым видам экономической деятельности,2023,81758.7
64724000,Сахалинская область,Макаровский,Всего по обследуемым видам экономической деятельности,2024,95628.8
64728000,Сахалинская область,Невельский,Всего по обследуемым видам экономической деятельности,2022,84623.6
64728000,Сахалинская область,Невельский,Всего по обследуемым видам экономической деятельности,2023,94381.6
64728000,Сахалинская область,Невельский,Всего по обследуемым видам экономической деятельности,2024,108694.7
64732000,Сахалинская область,Ногликский,Всего по обследуемым видам экономической деятельности,2022,136294.5
64732000,Сахалинская область,Ногликский,Всего по обследуемым видам экономической деятельности,2023,164427.7
64732000,Сахалинская область,Ногликский,Всего по обследуемым видам экономической деятельности,2024,192734.4
64736000,Сахалинская область,Охинский,Всего по обследуемым видам экономической деятельности,2022,100135.0
64736000,Сахалинская область,Охинский,Всего по обследуемым видам экономической деятельности,2023,109610.5
64736000,Сахалинская область,Охинский,Всего по обследуемым видам экономической деятельности,2024,126841.9
64740000,Сахалинская область,Поронайский,Всего по обследуемым видам экономической деятельности,2022,72601.8
64740000,Сахалинская область,Поронайский,Всего по обследуемым видам экономической деятельности,2023,78505.5
64740000,Сахалинская область,Поронайский,Всего по обследуемым видам экономической деятельности,2024,93411.3
64743000,Сахалинская область,Северо-Курильский,Всего по обследуемым видам экономической деятельности,2022,129433.6
64743000,Сахалинская область,Северо-Курильский,Всего по обследуемым видам экономической деятельности,2023,162303.8
64743000,Сахалинская область,Северо-Курильский,Всего по обследуемым видам экономической деятельности,2024,188521.6
64746000,Сахалинская область,Смирныховский,Всего по обследуемым видам экономической деятельности,2022,72504.3
64746000,Сахалинская область,Смирныховский,Всего по обследуемым видам экономической деятельности,2023,83615.3
64746000,Сахалинская область,Смирныховский,Всего по обследуемым видам экономической деятельности,2024,94562.8
64748000,Сахалинская область,Томаринский,Всего по обследуемым видам экономической деятельности,2022,81533.2
64748000,Сахалинская область,Томаринский,Всего по обследуемым видам экономической деятельности,2023,87857.5
64748000,Сахалинская область,Томаринский,Всего по обследуемым видам экономической деятельности,2024,102967.7
64750000,Сахалинская область,Тымовский,Всего по обследуемым видам экономической деятельности,2022,76335.5
64750000,Сахалинская область,Тымовский,Всего по обследуемым видам экономической деятельности,2023,84975.2
64750000,Сахалинская область,Тымовский,Всего по обследуемым видам экономической деятельности,2024,101926.2
64752000,Сахалинская область,Углегорский,Всего по обследуемым видам экономической деятельности,2022,110569.7
64752000,Сахалинская область,Углегорский,Всего по обследуемым видам экономической деятельности,2023,125258.8
64752000,Сахалинская область,Углегорский,Всего по обследуемым видам экономической деятельности,2024,147821.8
64754000,Сахалинская область,Холмский,Всего по обследуемым видам экономической деятельности,2022,80614.9
64754000,Сахалинская область,Холмский,Всего по обследуемым видам экономической деятельности,2023,90235.4
64754000,Сахалинская область,Холмский,Всего по обследуемым видам экономической деятельности,2024,108750.4
64756000,Сахалинская область,Южно-Курильский,Всего по обследуемым видам экономической деятельности,2022,108773.4
64756000,Сахалинская область,Южно-Курильский,Всего по обследуемым видам экономической деятельности,2023,129815.1
64756000,Сахалинская область,Южно-Курильский,Всего по обследуемым видам экономической деятельности,2024,153313.4
65608000,Свердловская область,Байкаловский муниципальный район,Всего по обследуемым видам экономической деятельности,2022,39145.6
65608000,Свердловская область,Байкаловский муниципальный район,Всего по обследуемым видам экономической деятельности,2023,44837.1
65608000,Свердловская область,Байкаловский муниципальный район,Всего по обследуемым видам экономической деятельности,2024,53780.1
65623000,Свердловская область,Камышловский муниципальный район,Всего по обследуемым видам экономической деятельности,2022,36618.7
65623000,Свердловская область,Камышловский муниципальный район,Всего по обследуемым видам экономической деятельности,2023,40873.7
65623000,Свердловская область,Камышловский муниципальный район,Всего по обследуемым видам экономической деятельности,2024,52378.1
65628000,Свердловская область,Нижнесергинский муниципальный район,Всего по обследуемым видам экономической деятельности,2022,45834.7
65628000,Свердловская область,Нижнесергинский муниципальный район,Всего по обследуемым видам экономической деятельности,2023,52201.9
65628000,Свердловская область,Нижнесергинский муниципальный район,Всего по обследуемым видам экономической деятельности,2024,61036.3
65639000,Свердловская область,Слободо-Туринский муниципальный район,Всего по обследуемым видам экономической деятельности,2022,37845.1
65639000,Свердловская область,Слободо-Туринский муниципальный район,Всего по обследуемым видам экономической деятельности,2023,42844.6
65639000,Свердловская область,Слободо-Туринский муниципальный район,Всего по обследуемым видам экономической деятельности,2024,53489.2
65645000,Свердловская область,Таборинский муниципальный район,Всего по обследуемым видам экономической деятельности,2022,36200.6
65645000,Свердловская область,Таборинский муниципальный район,Всего по обследуемым видам экономической деятельности,2023,40815.5
65645000,Свердловская область,Таборинский муниципальный район,Всего по обследуемым видам экономической деятельности,2024,50324.4
65701000,Свердловская область,Город Екатеринбург,Всего по обследуемым видам экономической деятельности,2022,72572.2
65701000,Свердловская область,Город Екатеринбург,Всего по обследуемым видам экономической деятельности,2023,84542.6
65701000,Свердловская область,Город Екатеринбург,Всего по обследуемым видам экономической деятельности,2024,101589.0
65703000,Свердловская область,Артемовский,Всего по обследуемым видам экономической деятельности,2022,42869.4
65703000,Свердловская область,Артемовский,Всего по обследуемым видам экономической деятельности,2023,49140.3
65703000,Свердловская область,Артемовский,Всего по обследуемым видам экономической деятельности,2024,59481.7
65704000,Свердловская область,Артинский,Всего по обследуемым видам экономической деятельности,2022,36896.8
65704000,Свердловская область,Артинский,Всего по обследуемым видам экономической деятельности,2023,41819.0
65704000,Свердловская область,Артинский,Всего по обследуемым видам экономической деятельности,2024,51459.1
65705000,Свердловская область,Ачитский,Всего по обследуемым видам экономической деятельности,2022,35729.4
65705000,Свердловская область,Ачитский,Всего по обследуемым видам экономической деятельности,2023,46336.4
65705000,Свердловская область,Ачитский,Всего по обследуемым видам экономической деятельности,2024,64903.7
65706000,Свердловская область,Белоярский,Всего по обследуемым видам экономической деятельности,2022,49035.1
65706000,Свердловская область,Белоярский,Всего по обследуемым видам экономической деятельности,2023,53774.7
65706000,Свердловская область,Белоярский,Всего по обследуемым видам экономической деятельности,2024,67794.2
65707000,Свердловская область,Богданович,Всего по обследуемым видам экономической деятельности,2022,45414.6
65707000,Свердловская область,Богданович,Всего по обследуемым видам экономической деятельности,2023,52454.0
65707000,Свердловская область,Богданович,Всего по обследуемым видам экономической деятельности,2024,64660.1
65708000,Свердловская область,Верхнесалдинский,Всего по обследуемым видам экономической деятельности,2022,58622.0
65708000,Свердловская область,Верхнесалдинский,Всего по обследуемым видам экономической деятельности,2023,69699.6
65708000,Свердловская область,Верхнесалдинский,Всего по обследуемым видам экономической деятельности,2024,80504.6
65709000,Свердловская область,Верхотурский,Всего по обследуемым видам экономической деятельности,2022,42990.3
65709000,Свердловская область,Верхотурский,Всего по обследуемым видам экономической деятельности,2023,47991.9
65709000,Свердловская область,Верхотурский,Всего по обследуемым видам экономической деятельности,2024,58918.1
65710000,Свердловская область,Гаринский,Всего по обследуемым видам экономической деятельности,2022,54083.0
65710000,Свердловская область,Гаринский,Всего по обследуемым видам экономической деятельности,2023,70279.0
65710000,Свердловская область,Гаринский,Всего по обследуемым видам экономической деятельности,2024,76557.2
65711000,Свердловская область,Ирбитское,Всего по обследуемым видам экономической деятельности,2022,44076.4
65711000,Свердловская область,Ирбитское,Всего по обследуемым видам экономической деятельности,2023,49221.7
65711000,Свердловская область,Ирбитское,Всего по обследуемым видам экономической деятельности,2024,59483.3
65712000,Свердловская область,Каменский,Всего по обследуемым видам экономической деятельности,2022,39323.9
65712000,Свердловская область,Каменский,Всего по обследуемым видам экономической деятельности,2023,44596.6
65712000,Свердловская область,Каменский,Всего по обследуемым видам экономической деятельности,2024,56177.8
65713000,Свердловская область,Красноуфимский округ,Всего по обследуемым видам экономической деятельности,2022,33162.5
65713000,Свердловская область,Красноуфимский округ,Всего по обследуемым видам экономической деятельности,2023,40228.4
65713000,Свердловская область,Красноуфимский округ,Всего по обследуемым видам экономической деятельности,2024,51932.3
65714000,Свердловская область,Невьянский,Всего по обследуемым видам экономической деятельности,2022,51796.4
65714000,Свердловская область,Невьянский,Всего по обследуемым видам экономической деятельности,2023,57824.9
65714000,Свердловская область,Невьянский,Всего по обследуемым видам экономической деятельности,2024,75222.0
65715000,Свердловская область,Нижнетуринский,Всего по обследуемым видам экономической деятельности,2022,50152.5
65715000,Свердловская область,Нижнетуринский,Всего по обследуемым видам экономической деятельности,2023,57629.1
65715000,Свердловская область,Нижнетуринский,Всего по обследуемым видам экономической деятельности,2024,67976.0
65716000,Свердловская область,Новолялинский,Всего по обследуемым видам экономической деятельности,2022,34997.1
65716000,Свердловская область,Новолялинский,Всего по обследуемым видам экономической деятельности,2023,40534.8
65716000,Свердловская область,Новолялинский,Всего по обследуемым видам экономической деятельности,2024,52468.4
65717000,Свердловская область,Горноуральский,Всего по обследуемым видам экономической деятельности,2022,38004.1
65717000,Свердловская область,Горноуральский,Всего по обследуемым видам экономической деятельности,2023,43317.1
65717000,Свердловская область,Горноуральский,Всего по обследуемым видам экономической деятельности,2024,53304.7
65718000,Свердловская область,Пышминский,Всего по обследуемым видам экономической деятельности,2022,37238.9
65718000,Свердловская область,Пышминский,Всего по обследуемым видам экономической деятельности,2023,43488.5
65718000,Свердловская область,Пышминский,Всего по обследуемым видам экономической деятельности,2024,53137.8
65719000,Свердловская область,Ревда,Всего по обследуемым видам экономической деятельности,2022,59027.2
65719000,Свердловская область,Ревда,Всего по обследуемым видам экономической деятельности,2023,68928.1
65719000,Свердловская область,Ревда,Всего по обследуемым видам экономической деятельности,2024,83436.2
65720000,Свердловская область,Режевской,Всего по обследуемым видам экономической деятельности,2022,43329.1
65720000,Свердловская область,Режевской,Всего по обследуемым видам экономической деятельности,2023,52031.0
65720000,Свердловская область,Режевской,Всего по обследуемым видам экономической деятельности,2024,68749.4
65721000,Свердловская область,Сосьвинский,Всего по обследуемым видам экономической деятельности,2022,44401.7
65721000,Свердловская область,Сосьвинский,Всего по обследуемым видам экономической деятельности,2023,55355.8
65721000,Свердловская область,Сосьвинский,Всего по обследуемым видам экономической деятельности,2024,68694.0
65722000,Свердловская область,Сысертский,Всего по обследуемым видам экономической деятельности,2022,49134.1
65722000,Свердловская область,Сысертский,Всего по обследуемым видам экономической деятельности,2023,58300.2
65722000,Свердловская область,Сысертский,Всего по обследуемым видам экономической деятельности,2024,71343.5
65723000,Свердловская область,Тавдинский,Всего по обследуемым видам экономической деятельности,2022,36709.8
65723000,Свердловская область,Тавдинский,Всего по обследуемым видам экономической деятельности,2023,42085.3
65723000,Свердловская область,Тавдинский,Всего по обследуемым видам экономической деятельности,2024,52608.5
65724000,Свердловская область,Талицкий,Всего по обследуемым видам экономической деятельности,2022,41403.9
65724000,Свердловская область,Талицкий,Всего по обследуемым видам экономической деятельности,2023,47778.1
65724000,Свердловская область,Талицкий,Всего по обследуемым видам экономической деятельности,2024,56097.7
65725000,Свердловская область,Тугулымский,Всего по обследуемым видам экономической деятельности,2022,36275.0
65725000,Свердловская область,Тугулымский,Всего по обследуемым видам экономической деятельности,2023,41217.8
65725000,Свердловская область,Тугулымский,Всего по обследуемым видам экономической деятельности,2024,50712.1
65726000,Свердловская область,Туринский,Всего по обследуемым видам экономической деятельности,2022,38636.5
65726000,Свердловская область,Туринский,Всего по обследуемым видам экономической деятельности,2023,42659.3
65726000,Свердловская область,Туринский,Всего по обследуемым видам экономической деятельности,2024,52992.1
65727000,Свердловская область,Шалинский,Всего по обследуемым видам экономической деятельности,2022,37760.4
65727000,Свердловская область,Шалинский,Всего по обследуемым видам экономической деятельности,2023,41247.6
65727000,Свердловская область,Шалинский,Всего по обследуемым видам экономической деятельности,2024,49926.3
65728000,Свердловская область,Город Алапаевск,Всего по обследуемым видам экономической деятельности,2022,40910.9
65728000,Свердловская область,Город Алапаевск,Всего по обследуемым видам экономической деятельности,2023,46683.5
65728000,Свердловская область,Город Алапаевск,Всего по обследуемым видам экономической деятельности,2024,56865.1
65729000,Свердловская область,Арамильский,Всего по обследуемым видам экономической деятельности,2022,55618.9
65729000,Свердловская область,Арамильский,Всего по обследуемым видам экономической деятельности,2023,64351.8
65729000,Свердловская область,Арамильский,Всего по обследуемым видам экономической деятельности,2024,79463.7
65730000,Свердловская область,Асбестовский,Всего по обследуемым видам экономической деятельности,2022,44703.8
65730000,Свердловская область,Асбестовский,Всего по обследуемым видам экономической деятельности,2023,51821.6
65730000,Свердловская область,Асбестовский,Всего по обследуемым видам экономической деятельности,2024,62189.6
65731000,Свердловская область,Березовский,Всего по обследуемым видам экономической деятельности,2022,54816.7
65731000,Свердловская область,Березовский,Всего по обследуемым видам экономической деятельности,2023,63297.9
65731000,Свердловская область,Березовский,Всего по обследуемым видам экономической деятельности,2024,74891.5
65732000,Свердловская область,Верхняя Пышма,Всего по обследуемым видам экономической деятельности,2022,78451.4
65732000,Свердловская область,Верхняя Пышма,Всего по обследуемым видам экономической деятельности,2023,98872.2
65732000,Свердловская область,Верхняя Пышма,Всего по обследуемым видам экономической деятельности,2024,121612.1
65733000,Свердловская область,Верхний Тагил,Всего по обследуемым видам экономической деятельности,2022,42411.4
65733000,Свердловская область,Верхний Тагил,Всего по обследуемым видам экономической деятельности,2023,46275.9
65733000,Свердловская область,Верхний Тагил,Всего по обследуемым видам экономической деятельности,2024,63572.3
65734000,Свердловская область,Верхняя Тура,Всего по обследуемым видам экономической деятельности,2022,44662.2
65734000,Свердловская область,Верхняя Тура,Всего по обследуемым видам экономической деятельности,2023,65667.5
65734000,Свердловская область,Верхняя Тура,Всего по обследуемым видам экономической деятельности,2024,77512.3
65735000,Свердловская область,Волчанский,Всего по обследуемым видам экономической деятельности,2022,39495.9
65735000,Свердловская область,Волчанский,Всего по обследуемым видам экономической деятельности,2023,46080.2
65735000,Свердловская область,Волчанский,Всего по обследуемым видам экономической деятельности,2024,59169.4
65736000,Свердловская область,Дегтярск,Всего по обследуемым видам экономической деятельности,2022,40972.7
65736000,Свердловская область,Дегтярск,Всего по обследуемым видам экономической деятельности,2023,45631.4
65736000,Свердловская область,Дегтярск,Всего по обследуемым видам экономической деятельности,2024,54823.3
65737000,Свердловская область,Заречный,Всего по обследуемым видам экономической деятельности,2022,70403.3
65737000,Свердловская область,Заречный,Всего по обследуемым видам экономической деятельности,2023,79230.4
65737000,Свердловская область,Заречный,Всего по обследуемым видам экономической деятельности,2024,92315.7
65738000,Свердловская область,Ивдельский,Всего по обследуемым видам экономической деятельности,2022,52707.5
65738000,Свердловская область,Ивдельский,Всего по обследуемым видам экономической деятельности,2023,62935.4
65738000,Свердловская область,Ивдельский,Всего по обследуемым видам экономической деятельности,2024,76838.7
65739000,Свердловская область,Город Ирбит,Всего по обследуемым видам экономической деятельности,2022,43075.1
65739000,Свердловская область,Город Ирбит,Всего по обследуемым видам экономической деятельности,2023,48296.5
65739000,Свердловская область,Город Ирбит,Всего по обследуемым видам экономической деятельности,2024,57882.8
65740000,Свердловская область,Каменск-Уральский,Всего по обследуемым видам экономической деятельности,2022,54768.8
65740000,Свердловская область,Каменск-Уральский,Всего по обследуемым видам экономической деятельности,2023,64968.8
65740000,Свердловская область,Каменск-Уральский,Всего по обследуемым видам экономической деятельности,2024,78639.4
65741000,Свердловская область,Камышловский,Всего по обследуемым видам экономической деятельности,2022,45385.0
65741000,Свердловская область,Камышловский,Всего по обследуемым видам экономической деятельности,2023,50541.9
65741000,Свердловская область,Камышловский,Всего по обследуемым видам экономической деятельности,2024,60568.7
65742000,Свердловская область,Карпинск,Всего по обследуемым видам экономической деятельности,2022,44108.0
65742000,Свердловская область,Карпинск,Всего по обследуемым видам экономической деятельности,2023,54497.4
65742000,Свердловская область,Карпинск,Всего по обследуемым видам экономической деятельности,2024,64332.3
65743000,Свердловская область,Качканарский,Всего по обследуемым видам экономической деятельности,2022,58407.1
65743000,Свердловская область,Качканарский,Всего по обследуемым видам экономической деятельности,2023,66645.7
65743000,Свердловская область,Качканарский,Всего по обследуемым видам экономической деятельности,2024,84160.7
65744000,Свердловская область,Кировградский,Всего по обследуемым видам экономической деятельности,2022,47827.1
65744000,Свердловская область,Кировградский,Всего по обследуемым видам экономической деятельности,2023,56555.4
65744000,Свердловская область,Кировградский,Всего по обследуемым видам экономической деятельности,2024,68445.2
65745000,Свердловская область,Краснотурьинск,Всего по обследуемым видам экономической деятельности,2022,57525.5
65745000,Свердловская область,Краснотурьинск,Всего по обследуемым видам экономической деятельности,2023,63968.2
65745000,Свердловская область,Краснотурьинск,Всего по обследуемым видам экономической деятельности,2024,75733.3
65746000,Свердловская область,Красноуральск,Всего по обследуемым видам экономической деятельности,2022,52777.2
65746000,Свердловская область,Красноуральск,Всего по обследуемым видам экономической деятельности,2023,64475.7
65746000,Свердловская область,Красноуральск,Всего по обследуемым видам экономической деятельности,2024,77467.3
65747000,Свердловская область,Красноуфимск,Всего по обследуемым видам экономической деятельности,2022,46728.5
65747000,Свердловская область,Красноуфимск,Всего по обследуемым видам экономической деятельности,2023,55377.7
65747000,Свердловская область,Красноуфимск,Всего по обследуемым видам экономической деятельности,2024,74010.3
65748000,Свердловская область,Кушвинский,Всего по обследуемым видам экономической деятельности,2022,43345.2
65748000,Свердловская область,Кушвинский,Всего по обследуемым видам экономической деятельности,2023,52515.5
65748000,Свердловская область,Кушвинский,Всего по обследуемым видам экономической деятельности,2024,71488.4
65749000,Свердловская область,Город Лесной,Всего по обследуемым видам экономической деятельности,2022,45692.0
65749000,Свердловская область,Город Лесной,Всего по обследуемым видам экономической деятельности,2023,53145.7
65750000,Свердловская область,Нижняя Салда,Всего по обследуемым видам экономической деятельности,2022,43880.1
65750000,Свердловская область,Нижняя Салда,Всего по обследуемым видам экономической деятельности,2023,52355.2
65750000,Свердловская область,Нижняя Салда,Всего по обследуемым видам экономической деятельности,2024,62956.5
65751000,Свердловская область,Город Нижний Тагил,Всего по обследуемым видам экономической деятельности,2022,51448.2
65751000,Свердловская область,Город Нижний Тагил,Всего по обследуемым видам экономической деятельности,2023,62554.8
65751000,Свердловская область,Город Нижний Тагил,Всего по обследуемым видам экономической деятельности,2024,79610.3
65752000,Свердловская область,Новоуральский,Всего по обследуемым видам экономической деятельности,2022,50535.1
65752000,Свердловская область,Новоуральский,Всего по обследуемым видам экономической деятельности,2023,57486.6
65753000,Свердловская область,Первоуральск,Всего по обследуемым видам экономической деятельности,2022,53674.4
65753000,Свердловская область,Первоуральск,Всего по обследуемым видам экономической деятельности,2023,63718.0
65753000,Свердловская область,Первоуральск,Всего по обследуемым видам экономической деятельности,2024,79425.9
65754000,Свердловская область,Полевской,Всего по обследуемым видам экономической деятельности,2022,53172.3
65754000,Свердловская область,Полевской,Всего по обследуемым видам экономической деятельности,2023,63168.3
65754000,Свердловская область,Полевской,Всего по обследуемым видам экономической деятельности,2024,75830.5
65755000,Свердловская область,Североуральский,Всего по обследуемым видам экономической деятельности,2022,58814.2
65755000,Свердловская область,Североуральский,Всего по обследуемым видам экономической деятельности,2023,62173.8
65755000,Свердловская область,Североуральский,Всего по обследуемым видам экономической деятельности,2024,74651.5
65756000,Свердловская область,Серовский,Всего по обследуемым видам экономической деятельности,2022,48927.7
65756000,Свердловская область,Серовский,Всего по обследуемым видам экономической деятельности,2023,59868.8
65756000,Свердловская область,Серовский,Всего по обследуемым видам экономической деятельности,2024,74232.0
65757000,Свердловская область,Среднеуральск,Всего по обследуемым видам экономической деятельности,2022,60509.4
65757000,Свердловская область,Среднеуральск,Всего по обследуемым видам экономической деятельности,2023,70401.8
65757000,Свердловская область,Среднеуральск,Всего по обследуемым видам экономической деятельности,2024,85577.2
65758000,Свердловская область,Сухой Лог,Всего по обследуемым видам экономической деятельности,2022,51033.7
65758000,Свердловская область,Сухой Лог,Всего по обследуемым видам экономической деятельности,2023,60018.6
65758000,Свердловская область,Сухой Лог,Всего по обследуемым видам экономической деятельности,2024,74281.6
65759000,Свердловская область,Бисертский,Всего по обследуемым видам экономической деятельности,2022,35919.2
65759000,Свердловская область,Бисертский,Всего по обследуемым видам экономической деятельности,2023,39445.5
65759000,Свердловская область,Бисертский,Всего по обследуемым видам экономической деятельности,2024,48978.2
65760000,Свердловская область,Верхнее Дуброво,Всего по обследуемым видам экономической деятельности,2022,52259.6
65760000,Свердловская область,Верхнее Дуброво,Всего по обследуемым видам экономической деятельности,2023,62068.0
65760000,Свердловская область,Верхнее Дуброво,Всего по обследуемым видам экономической деятельности,2024,74336.1
65761000,Свердловская область,Верх-Нейвинский,Всего по обследуемым видам экономической деятельности,2022,53654.4
65761000,Свердловская область,Верх-Нейвинский,Всего по обследуемым видам экономической деятельности,2023,67420.9
65761000,Свердловская область,Верх-Нейвинский,Всего по обследуемым видам экономической деятельности,2024,80988.8
65762000,Свердловская область,Малышевский,Всего по обследуемым видам экономической деятельности,2022,49188.7
65762000,Свердловская область,Малышевский,Всего по обследуемым видам экономической деятельности,2023,56695.3
65762000,Свердловская область,Малышевский,Всего по обследуемым видам экономической деятельности,2024,68613.5
65763000,Свердловская область,Рефтинский,Всего по обследуемым видам экономической деятельности,2022,62611.8
65763000,Свердловская область,Рефтинский,Всего по обследуемым видам экономической деятельности,2023,69857.3
65763000,Свердловская область,Рефтинский,Всего по обследуемым видам экономической деятельности,2024,90919.5
65764000,Свердловская область,Пелым,Всего по обследуемым видам экономической деятельности,2022,82407.1
65764000,Свердловская область,Пелым,Всего по обследуемым видам экономической деятельности,2023,89501.0
65764000,Свердловская область,Пелым,Всего по обследуемым видам экономической деятельности,2024,102305.9
65765000,Свердловская область,ЗАТО Свободный,Всего по обследуемым видам экономической деятельности,2022,37377.1
65765000,Свердловская область,ЗАТО Свободный,Всего по обследуемым видам экономической деятельности,2023,47027.1
65766000,Свердловская область,Староуткинск,Всего по обследуемым видам экономической деятельности,2022,33411.8
65766000,Свердловская область,Староуткинск,Всего по обследуемым видам экономической деятельности,2023,39014.0
65766000,Свердловская область,Староуткинск,Всего по обследуемым видам экономической деятельности,2024,47553.2
65767000,Свердловская область,ЗАТО Уральский,Всего по обследуемым видам экономической деятельности,2022,38213.9
65767000,Свердловская область,ЗАТО Уральский,Всего по обследуемым видам экономической деятельности,2023,41877.1
65769000,Свердловская область,Махнёвское,Всего по обследуемым видам экономической деятельности,2022,34892.7
65769000,Свердловская область,Махнёвское,Всего по обследуемым видам экономической деятельности,2023,38193.7
65769000,Свердловская область,Махнёвское,Всего по обследуемым видам экономической деятельности,2024,45740.6
65771000,Свердловская область,Алапаевское,Всего по обследуемым видам экономической деятельности,2022,41056.0
65771000,Свердловская область,Алапаевское,Всего по обследуемым видам экономической деятельности,2023,47744.1
65771000,Свердловская область,Алапаевское,Всего по обследуемым видам экономической деятельности,2024,60835.5
66603000,Смоленская область,Велижский муниципальный район,Всего по обследуемым видам экономической деятельности,2022,31156.4
66603000,Смоленская область,Велижский муниципальный район,Всего по обследуемым видам экономической деятельности,2023,35384.2
66603000,Смоленская область,Велижский муниципальный район,Всего по обследуемым видам экономической деятельности,2024,43608.9
66605000,Смоленская область,Вяземский муниципальный район,Всего по обследуемым видам экономической деятельности,2022,42537.8
66605000,Смоленская область,Вяземский муниципальный район,Всего по обследуемым видам экономической деятельности,2023,49685.6
66605000,Смоленская область,Вяземский муниципальный район,Всего по обследуемым видам экономической деятельности,2024,60265.2
66608000,Смоленская область,Гагаринский муниципальный район,Всего по обследуемым видам экономической деятельности,2022,52140.7
66608000,Смоленская область,Гагаринский муниципальный район,Всего по обследуемым видам экономической деятельности,2023,60879.6
66608000,Смоленская область,Гагаринский муниципальный район,Всего по обследуемым видам экономической деятельности,2024,77713.3
66609000,Смоленская область,Глинковский муниципальный район,Всего по обследуемым видам экономической деятельности,2022,32899.1
66609000,Смоленская область,Глинковский муниципальный район,Всего по обследуемым видам экономической деятельности,2023,39969.3
66609000,Смоленская область,Глинковский муниципальный район,Всего по обследуемым видам экономической деятельности,2024,47232.3
66611000,Смоленская область,Демидовский муниципальный район,Всего по обследуемым видам экономической деятельности,2022,30055.6
66611000,Смоленская область,Демидовский муниципальный район,Всего по обследуемым видам экономической деятельности,2023,33621.2
66611000,Смоленская область,Демидовский муниципальный район,Всего по обследуемым видам экономической деятельности,2024,39952.1
66614000,Смоленская область,Дорогобужский муниципальный район,Всего по обследуемым видам экономической деятельности,2022,46550.0
66614000,Смоленская область,Дорогобужский муниципальный район,Всего по обследуемым видам экономической деятельности,2023,53524.7
66614000,Смоленская область,Дорогобужский муниципальный район,Всего по обследуемым видам экономической деятельности,2024,71388.1
66616000,Смоленская область,Духовщинский муниципальный район,Всего по обследуемым видам экономической деятельности,2022,36326.6
66616000,Смоленская область,Духовщинский муниципальный район,Всего по обследуемым видам экономической деятельности,2023,42007.3
66616000,Смоленская область,Духовщинский муниципальный район,Всего по обследуемым видам экономической деятельности,2024,50272.8
66619000,Смоленская область,Ельнинский муниципальный район,Всего по обследуемым видам экономической деятельности,2022,32703.0
66619000,Смоленская область,Ельнинский муниципальный район,Всего по обследуемым видам экономической деятельности,2023,37925.3
66619000,Смоленская область,Ельнинский муниципальный район,Всего по обследуемым видам экономической деятельности,2024,44343.3
66621000,Смоленская область,Ершичский муниципальный район,Всего по обследуемым видам экономической деятельности,2022,29813.9
66621000,Смоленская область,Ершичский муниципальный район,Всего по обследуемым видам экономической деятельности,2023,33705.1
66621000,Смоленская область,Ершичский муниципальный район,Всего по обследуемым видам экономической деятельности,2024,40367.3
66623000,Смоленская область,Кардымовский муниципальный район,Всего по обследуемым видам экономической деятельности,2022,34535.3
66623000,Смоленская область,Кардымовский муниципальный район,Всего по обследуемым видам экономической деятельности,2023,39938.6
66623000,Смоленская область,Кардымовский муниципальный район,Всего по обследуемым видам экономической деятельности,2024,53651.1
66624000,Смоленская область,Краснинский муниципальный район,Всего по обследуемым видам экономической деятельности,2022,33503.3
66624000,Смоленская область,Краснинский муниципальный район,Всего по обследуемым видам экономической деятельности,2023,37947.9
66624000,Смоленская область,Краснинский муниципальный район,Всего по обследуемым видам экономической деятельности,2024,43346.9
66627000,Смоленская область,Монастырщинский муниципальный район,Всего по обследуемым видам экономической деятельности,2022,30618.6
66627000,Смоленская область,Монастырщинский муниципальный район,Всего по обследуемым видам экономической деятельности,2023,35860.3
66627000,Смоленская область,Монастырщинский муниципальный район,Всего по обследуемым видам экономической деятельности,2024,43381.2
66630000,Смоленская область,Новодугинский муниципальный район,Всего по обследуемым видам экономической деятельности,2022,29908.1
66630000,Смоленская область,Новодугинский муниципальный район,Всего по обследуемым видам экономической деятельности,2023,34109.5
66630000,Смоленская область,Новодугинский муниципальный район,Всего по обследуемым видам экономической деятельности,2024,40534.1
66633000,Смоленская область,Починковский муниципальный район,Всего по обследуемым видам экономической деятельности,2022,35199.5
66633000,Смоленская область,Починковский муниципальный район,Всего по обследуемым видам экономической деятельности,2023,41145.6
66633000,Смоленская область,Починковский муниципальный район,Всего по обследуемым видам экономической деятельности,2024,50576.0
66636000,Смоленская область,Рославльский муниципальный район,Всего по обследуемым видам экономической деятельности,2022,37279.8
66636000,Смоленская область,Рославльский муниципальный район,Всего по обследуемым видам экономической деятельности,2023,44437.2
66636000,Смоленская область,Рославльский муниципальный район,Всего по обследуемым видам экономической деятельности,2024,53933.4
66638000,Смоленская область,Руднянский муниципальный район,Всего по обследуемым видам экономической деятельности,2022,31642.8
66638000,Смоленская область,Руднянский муниципальный район,Всего по обследуемым видам экономической деятельности,2023,36526.0
66638000,Смоленская область,Руднянский муниципальный район,Всего по обследуемым видам экономической деятельности,2024,46800.5
66641000,Смоленская область,Сафоновский муниципальный район,Всего по обследуемым видам экономической деятельности,2022,38417.2
66641000,Смоленская область,Сафоновский муниципальный район,Всего по обследуемым видам экономической деятельности,2023,44805.2
66641000,Смоленская область,Сафоновский муниципальный район,Всего по обследуемым видам экономической деятельности,2024,54974.6
66644000,Смоленская область,Смоленский муниципальный район,Всего по обследуемым видам экономической деятельности,2022,32880.4
66644000,Смоленская область,Смоленский муниципальный район,Всего по обследуемым видам экономической деятельности,2023,44464.2
66644000,Смоленская область,Смоленский муниципальный район,Всего по обследуемым видам экономической деятельности,2024,65632.8
66646000,Смоленская область,Сычевский муниципальный район,Всего по обследуемым видам экономической деятельности,2022,37937.6
66646000,Смоленская область,Сычевский муниципальный район,Всего по обследуемым видам экономической деятельности,2023,44055.5
66646000,Смоленская область,Сычевский муниципальный район,Всего по обследуемым видам экономической деятельности,2024,52535.6
66648000,Смоленская область,Темкинский муниципальный район,Всего по обследуемым видам экономической деятельности,2022,30992.6
66648000,Смоленская область,Темкинский муниципальный район,Всего по обследуемым видам экономической деятельности,2023,35950.3
66648000,Смоленская область,Темкинский муниципальный район,Всего по обследуемым видам экономической деятельности,2024,42277.7
66650000,Смоленская область,Угранский муниципальный район,Всего по обследуемым видам экономической деятельности,2022,33341.7
66650000,Смоленская область,Угранский муниципальный район,Всего по обследуемым видам экономической деятельности,2023,37506.1
66650000,Смоленская область,Угранский муниципальный район,Всего по обследуемым видам экономической деятельности,2024,45267.7
66652000,Смоленская область,Хиславичский муниципальный район,Всего по обследуемым видам экономической деятельности,2022,31713.5
66652000,Смоленская область,Хиславичский муниципальный район,Всего по обследуемым видам экономической деятельности,2023,35984.7
66652000,Смоленская область,Хиславичский муниципальный район,Всего по обследуемым видам экономической деятельности,2024,42242.5
66654000,Смоленская область,Холм-Жирковский муниципальный район,Всего по обследуемым видам экономической деятельности,2022,47199.9
66654000,Смоленская область,Холм-Жирковский муниципальный район,Всего по обследуемым видам экономической деятельности,2023,54853.3
66654000,Смоленская область,Холм-Жирковский муниципальный район,Всего по обследуемым видам экономической деятельности,2024,62154.1
66656000,Смоленская область,Шумячский муниципальный район,Всего по обследуемым видам экономической деятельности,2022,29899.4
66656000,Смоленская область,Шумячский муниципальный район,Всего по обследуемым видам экономической деятельности,2023,32910.6
66656000,Смоленская область,Шумячский муниципальный район,Всего по обследуемым видам экономической деятельности,2024,39974.4
66658000,Смоленская область,Ярцевский муниципальный район,Всего по обследуемым видам экономической деятельности,2022,38802.3
66658000,Смоленская область,Ярцевский муниципальный район,Всего по обследуемым видам экономической деятельности,2023,45845.6
66658000,Смоленская область,Ярцевский муниципальный район,Всего по обследуемым видам экономической деятельности,2024,55685.9
66701000,Смоленская область,Город Смоленск,Всего по обследуемым видам экономической деятельности,2022,48024.5
66701000,Смоленская область,Город Смоленск,Всего по обследуемым видам экономической деятельности,2023,56937.3
66701000,Смоленская область,Город Смоленск,Всего по обследуемым видам экономической деятельности,2024,68443.7
66710000,Смоленская область,Город Десногорск,Всего по обследуемым видам экономической деятельности,2022,65066.5
66710000,Смоленская область,Город Десногорск,Всего по обследуемым видам экономической деятельности,2023,74010.2
66710000,Смоленская область,Город Десногорск,Всего по обследуемым видам экономической деятельности,2024,87361.0
67302000,Севастополь,Балаклавский муниципальный округ,Всего по обследуемым видам экономической деятельности,2022,49941.9
67302000,Севастополь,Балаклавский муниципальный округ,Всего по обследуемым видам экономической деятельности,2023,58526.9
67302000,Севастополь,Балаклавский муниципальный округ,Всего по обследуемым видам экономической деятельности,2024,68033.0
67304000,Севастополь,Город Инкерман,Всего по обследуемым видам экономической деятельности,2022,55525.7
67304000,Севастополь,Город Инкерман,Всего по обследуемым видам экономической деятельности,2023,58940.3
67304000,Севастополь,Город Инкерман,Всего по обследуемым видам экономической деятельности,2024,66830.6
67306000,Севастополь,Орлиновский муниципальный округ,Всего по обследуемым видам экономической деятельности,2022,47895.9
67306000,Севастополь,Орлиновский муниципальный округ,Всего по обследуемым видам экономической деятельности,2023,43630.1
67306000,Севастополь,Орлиновский муниципальный округ,Всего по обследуемым видам экономической деятельности,2024,55134.1
67308000,Севастополь,Терновский муниципальный округ,Всего по обследуемым видам экономической деятельности,2022,36195.8
67308000,Севастополь,Терновский муниципальный округ,Всего по обследуемым видам экономической деятельности,2023,40410.5
67308000,Севастополь,Терновский муниципальный округ,Всего по обследуемым видам экономической деятельности,2024,44199.5
67310000,Севастополь,Гагаринский муниципальный округ,Всего по обследуемым видам экономической деятельности,2022,55852.5
67310000,Севастополь,Гагаринский муниципальный округ,Всего по обследуемым видам экономической деятельности,2023,61171.4
67310000,Севастополь,Гагаринский муниципальный округ,Всего по обследуемым видам экономической деятельности,2024,72839.2
67312000,Севастополь,Ленинский муниципальный округ,Всего по обследуемым видам экономической деятельности,2022,53622.2
67312000,Севастополь,Ленинский муниципальный округ,Всего по обследуемым видам экономической деятельности,2023,58800.2
67312000,Севастополь,Ленинский муниципальный округ,Всего по обследуемым видам экономической деятельности,2024,71028.6
67314000,Севастополь,Нахимовский муниципальный округ,Всего по обследуемым видам экономической деятельности,2022,45376.9
67314000,Севастополь,Нахимовский муниципальный округ,Всего по обследуемым видам экономической деятельности,2023,50196.1
67314000,Севастополь,Нахимовский муниципальный округ,Всего по обследуемым видам экономической деятельности,2024,57607.9
67316000,Севастополь,Верхнесадовский муниципальный округ,Всего по обследуемым видам экономической деятельности,2022,42561.3
67316000,Севастополь,Верхнесадовский муниципальный округ,Всего по обследуемым видам экономической деятельности,2023,49506.5
67316000,Севастополь,Верхнесадовский муниципальный округ,Всего по обследуемым видам экономической деятельности,2024,59951.3
67318000,Севастополь,Андреевский муниципальный округ,Всего по обследуемым видам экономической деятельности,2022,48427.4
67318000,Севастополь,Андреевский муниципальный округ,Всего по обследуемым видам экономической деятельности,2023,55229.8
67318000,Севастополь,Андреевский муниципальный округ,Всего по обследуемым видам экономической деятельности,2024,63370.7
67320000,Севастополь,Качинский муниципальный округ,Всего по обследуемым видам экономической деятельности,2022,37493.3
67320000,Севастополь,Качинский муниципальный округ,Всего по обследуемым видам экономической деятельности,2023,38869.3
67320000,Севастополь,Качинский муниципальный округ,Всего по обследуемым видам экономической деятельности,2024,46773.7
68502000,Тамбовская область,Бондарский муниципальный округ,Всего по обследуемым видам экономической деятельности,2024,46999.5
68503000,Тамбовская область,Гавриловский муниципальный округ,Всего по обследуемым видам экономической деятельности,2024,55400.1
68504000,Тамбовская область,Жердевский муниципальный округ,Всего по обследуемым видам экономической деятельности,2024,64545.6
68506000,Тамбовская область,Знаменский муниципальный округ,Всего по обследуемым видам экономической деятельности,2024,53739.0
68508000,Тамбовская область,Инжавинский муниципальный округ,Всего по обследуемым видам экономической деятельности,2024,51231.2
68510000,Тамбовская область,Кирсановский муниципальный округ,Всего по обследуемым видам экономической деятельности,2024,49416.8
68512000,Тамбовская область,Мичуринский муниципальный округ,Всего по обследуемым видам экономической деятельности,2024,60541.3
68514000,Тамбовская область,Мордовский муниципальный округ,Всего по обследуемым видам экономической деятельности,2024,48586.8
68516000,Тамбовская область,Моршанский муниципальный округ,Всего по обследуемым видам экономической деятельности,2024,55294.0
68518000,Тамбовская область,Мучкапский муниципальный округ,Всего по обследуемым видам экономической деятельности,2024,44689.0
68520000,Тамбовская область,Никифоровский муниципальный округ,Всего по обследуемым видам экономической деятельности,2024,52189.0
68522000,Тамбовская область,Первомайский муниципальный округ,Всего по обследуемым видам экономической деятельности,2024,56790.7
68524000,Тамбовская область,Петровский муниципальный округ,Всего по обследуемым видам экономической деятельности,2024,51120.9
68526000,Тамбовская область,Пичаевский муниципальный округ,Всего по обследуемым видам экономической деятельности,2024,47307.8
68528000,Тамбовская область,Рассказовский муниципальный округ,Всего по обследуемым видам экономической деятельности,2024,49100.5
68530000,Тамбовская область,Ржаксинский муниципальный округ,Всего по обследуемым видам экономической деятельности,2024,47048.8
68532000,Тамбовская область,Сампурский муниципальный округ,Всего по обследуемым видам экономической деятельности,2024,48078.1
68534000,Тамбовская область,Сосновский муниципальный округ,Всего по обследуемым видам экономической деятельности,2024,40100.6
68536000,Тамбовская область,Староюрьевский муниципальный округ,Всего по обследуемым видам экономической деятельности,2024,51813.6
68540000,Тамбовская область,Тамбовский муниципальный округ,Всего по обследуемым видам экономической деятельности,2024,66626.9
68542000,Тамбовская область,Токарёвский муниципальный округ,Всего по обследуемым видам экономической деятельности,2024,61793.1
68544000,Тамбовская область,Уваровский муниципальный округ,Всего по обследуемым видам экономической деятельности,2024,55091.1
68546000,Тамбовская область,Умётский муниципальный округ,Всего по обследуемым видам экономической деятельности,2024,48407.2
68602000,Тамбовская область,Бондарский муниципальный район,Всего по обследуемым видам экономической деятельности,2022,34203.0
68602000,Тамбовская область,Бондарский муниципальный район,Всего по обследуемым видам экономической деятельности,2023,38263.7
68603000,Тамбовская область,Гавриловский муниципальный район,Всего по обследуемым видам экономической деятельности,2022,36865.9
68603000,Тамбовская область,Гавриловский муниципальный район,Всего по обследуемым видам экономической деятельности,2023,43312.0
68604000,Тамбовская область,Жердевский муниципальный район,Всего по обследуемым видам экономической деятельности,2022,47034.7
68604000,Тамбовская область,Жердевский муниципальный район,Всего по обследуемым видам экономической деятельности,2023,55832.9
68606000,Тамбовская область,Знаменский муниципальный район,Всего по обследуемым видам экономической деятельности,2022,34848.1
68606000,Тамбовская область,Знаменский муниципальный район,Всего по обследуемым видам экономической деятельности,2023,40290.4
68608000,Тамбовская область,Инжавинский муниципальный район,Всего по обследуемым видам экономической деятельности,2022,36754.6
68608000,Тамбовская область,Инжавинский муниципальный район,Всего по обследуемым видам экономической деятельности,2023,42003.6
68610000,Тамбовская область,Кирсановский муниципальный район,Всего по обследуемым видам экономической деятельности,2022,35973.9
68610000,Тамбовская область,Кирсановский муниципальный район,Всего по обследуемым видам экономической деятельности,2023,41452.3
68612000,Тамбовская область,Мичуринский муниципальный район,Всего по обследуемым видам экономической деятельности,2022,46716.1
68612000,Тамбовская область,Мичуринский муниципальный район,Всего по обследуемым видам экономической деятельности,2023,51751.3
68614000,Тамбовская область,Мордовский муниципальный район,Всего по обследуемым видам экономической деятельности,2022,36599.9
68614000,Тамбовская область,Мордовский муниципальный район,Всего по обследуемым видам экономической деятельности,2023,42840.4
68616000,Тамбовская область,Моршанский муниципальный район,Всего по обследуемым видам экономической деятельности,2022,46879.2
68616000,Тамбовская область,Моршанский муниципальный район,Всего по обследуемым видам экономической деятельности,2023,49521.9
68618000,Тамбовская область,Мучкапский муниципальный район,Всего по обследуемым видам экономической деятельности,2022,34073.9
68618000,Тамбовская область,Мучкапский муниципальный район,Всего по обследуемым видам экономической деятельности,2023,39183.5
68620000,Тамбовская область,Никифоровский муниципальный район,Всего по обследуемым видам экономической деятельности,2022,39661.0
68620000,Тамбовская область,Никифоровский муниципальный район,Всего по обследуемым видам экономической деятельности,2023,41788.6
68622000,Тамбовская область,Первомайский муниципальный район,Всего по обследуемым видам экономической деятельности,2022,42174.3
68622000,Тамбовская область,Первомайский муниципальный район,Всего по обследуемым видам экономической деятельности,2023,47137.7
68624000,Тамбовская область,Петровский муниципальный район,Всего по обследуемым видам экономической деятельности,2022,40652.9
68624000,Тамбовская область,Петровский муниципальный район,Всего по обследуемым видам экономической деятельности,2023,44898.9
68626000,Тамбовская область,Пичаевский муниципальный район,Всего по обследуемым видам экономической деятельности,2022,34299.2
68626000,Тамбовская область,Пичаевский муниципальный район,Всего по обследуемым видам экономической деятельности,2023,39070.9
68628000,Тамбовская область,Рассказовский муниципальный район,Всего по обследуемым видам экономической деятельности,2022,34499.7
68628000,Тамбовская область,Рассказовский муниципальный район,Всего по обследуемым видам экономической деятельности,2023,38094.4
68630000,Тамбовская область,Ржаксинский муниципальный район,Всего по обследуемым видам экономической деятельности,2022,34152.5
68630000,Тамбовская область,Ржаксинский муниципальный район,Всего по обследуемым видам экономической деятельности,2023,40024.6
68632000,Тамбовская область,Сампурский муниципальный район,Всего по обследуемым видам экономической деятельности,2022,40647.5
68632000,Тамбовская область,Сампурский муниципальный район,Всего по обследуемым видам экономической деятельности,2023,41273.6
68634000,Тамбовская область,Сосновский муниципальный район,Всего по обследуемым видам экономической деятельности,2022,31735.5
68634000,Тамбовская область,Сосновский муниципальный район,Всего по обследуемым видам экономической деятельности,2023,34843.6
68636000,Тамбовская область,Староюрьевский муниципальный район,Всего по обследуемым видам экономической деятельности,2022,39068.1
68636000,Тамбовская область,Староюрьевский муниципальный район,Всего по обследуемым видам экономической деятельности,2023,44281.5
68640000,Тамбовская область,Тамбовский муниципальный район,Всего по обследуемым видам экономической деятельности,2022,42278.0
68640000,Тамбовская область,Тамбовский муниципальный район,Всего по обследуемым видам экономической деятельности,2023,54165.7
68642000,Тамбовская область,Токарёвский муниципальный район,Всего по обследуемым видам экономической деятельности,2022,43767.6
68642000,Тамбовская область,Токарёвский муниципальный район,Всего по обследуемым видам экономической деятельности,2023,51011.9
68644000,Тамбовская область,Уваровский муниципальный район,Всего по обследуемым видам экономической деятельности,2022,40231.2
68644000,Тамбовская область,Уваровский муниципальный район,Всего по обследуемым видам экономической деятельности,2023,47439.0
68646000,Тамбовская область,Умётский муниципальный район,Всего по обследуемым видам экономической деятельности,2022,36309.1
68646000,Тамбовская область,Умётский муниципальный район,Всего по обследуемым видам экономической деятельности,2023,40277.2
68701000,Тамбовская область,Город Тамбов,Всего по обследуемым видам экономической деятельности,2022,43541.4
68701000,Тамбовская область,Город Тамбов,Всего по обследуемым видам экономической деятельности,2023,50125.0
68701000,Тамбовская область,Город Тамбов,Всего по обследуемым видам экономической деятельности,2024,60551.3
68705000,Тамбовская область,Город Кирсанов,Всего по обследуемым видам экономической деятельности,2022,39824.1
68705000,Тамбовская область,Город Кирсанов,Всего по обследуемым видам экономической деятельности,2023,43204.1
68705000,Тамбовская область,Город Кирсанов,Всего по обследуемым видам экономической деятельности,2024,48888.3
68710000,Тамбовская область,Город Котовск,Всего по обследуемым видам экономической деятельности,2022,36291.6
68710000,Тамбовская область,Город Котовск,Всего по обследуемым видам экономической деятельности,2023,45516.0
68710000,Тамбовская область,Город Котовск,Всего по обследуемым видам экономической деятельности,2024,59305.8
68715000,Тамбовская область,Город Мичуринск,Всего по обследуемым видам экономической деятельности,2022,41412.2
68715000,Тамбовская область,Город Мичуринск,Всего по обследуемым видам экономической деятельности,2023,49207.6
68715000,Тамбовская область,Город Мичуринск,Всего по обследуемым видам экономической деятельности,2024,60937.2
68720000,Тамбовская область,Город Моршанск,Всего по обследуемым видам экономической деятельности,2022,32808.3
68720000,Тамбовская область,Город Моршанск,Всего по обследуемым видам экономической деятельности,2023,36781.3
68720000,Тамбовская область,Город Моршанск,Всего по обследуемым видам экономической деятельности,2024,43097.5
68725000,Тамбовская область,Город Рассказово,Всего по обследуемым видам экономической деятельности,2022,34287.8
68725000,Тамбовская область,Город Рассказово,Всего по обследуемым видам экономической деятельности,2023,43134.1
68725000,Тамбовская область,Город Рассказово,Всего по обследуемым видам экономической деятельности,2024,48163.7
68730000,Тамбовская область,Город Уварово,Всего по обследуемым видам экономической деятельности,2022,35265.9
68730000,Тамбовская область,Город Уварово,Всего по обследуемым видам экономической деятельности,2023,40031.2
68730000,Тамбовская область,Город Уварово,Всего по обследуемым видам экономической деятельности,2024,46146.3
69604000,Томская область,Александровский муниципальный район,Всего по обследуемым видам экономической деятельности,2022,89368.7
69604000,Томская область,Александровский муниципальный район,Всего по обследуемым видам экономической деятельности,2023,109019.4
69604000,Томская область,Александровский муниципальный район,Всего по обследуемым видам экономической деятельности,2024,126598.4
69608000,Томская область,Асиновский муниципальный район,Всего по обследуемым видам экономической деятельности,2022,40229.6
69608000,Томская область,Асиновский муниципальный район,Всего по обследуемым видам экономической деятельности,2023,44631.2
69608000,Томская область,Асиновский муниципальный район,Всего по обследуемым видам экономической деятельности,2024,51907.3
69612000,Томская область,Бакчарский муниципальный район,Всего по обследуемым видам экономической деятельности,2022,48227.7
69612000,Томская область,Бакчарский муниципальный район,Всего по обследуемым видам экономической деятельности,2023,54545.5
69612000,Томская область,Бакчарский муниципальный район,Всего по обследуемым видам экономической деятельности,2024,62639.2
69616000,Томская область,Верхнекетский муниципальный район,Всего по обследуемым видам экономической деятельности,2022,48711.0
69616000,Томская область,Верхнекетский муниципальный район,Всего по обследуемым видам экономической деятельности,2023,56476.0
69616000,Томская область,Верхнекетский муниципальный район,Всего по обследуемым видам экономической деятельности,2024,65346.1
69620000,Томская область,Зырянский муниципальный район,Всего по обследуемым видам экономической деятельности,2022,40900.4
69620000,Томская область,Зырянский муниципальный район,Всего по обследуемым видам экономической деятельности,2023,45797.9
69620000,Томская область,Зырянский муниципальный район,Всего по обследуемым видам экономической деятельности,2024,51218.0
69624000,Томская область,Каргасокский муниципальный район,Всего по обследуемым видам экономической деятельности,2022,76853.6
69624000,Томская область,Каргасокский муниципальный район,Всего по обследуемым видам экономической деятельности,2023,86992.7
69624000,Томская область,Каргасокский муниципальный район,Всего по обследуемым видам экономической деятельности,2024,101019.6
69628000,Томская область,Кожевниковский муниципальный район,Всего по обследуемым видам экономической деятельности,2022,41354.4
69628000,Томская область,Кожевниковский муниципальный район,Всего по обследуемым видам экономической деятельности,2023,48051.6
69628000,Томская область,Кожевниковский муниципальный район,Всего по обследуемым видам экономической деятельности,2024,55490.7
69632000,Томская область,Колпашевский муниципальный район,Всего по обследуемым видам экономической деятельности,2022,54860.5
69632000,Томская область,Колпашевский муниципальный район,Всего по обследуемым видам экономической деятельности,2023,68445.1
69632000,Томская область,Колпашевский муниципальный район,Всего по обследуемым видам экономической деятельности,2024,78500.9
69636000,Томская область,Кривошеинский муниципальный район,Всего по обследуемым видам экономической деятельности,2022,50665.5
69636000,Томская область,Кривошеинский муниципальный район,Всего по обследуемым видам экономической деятельности,2023,57981.4
69636000,Томская область,Кривошеинский муниципальный район,Всего по обследуемым видам экономической деятельности,2024,64584.0
69640000,Томская область,Молчановский муниципальный район,Всего по обследуемым видам экономической деятельности,2022,52344.4
69640000,Томская область,Молчановский муниципальный район,Всего по обследуемым видам экономической деятельности,2023,59990.4
69640000,Томская область,Молчановский муниципальный район,Всего по обследуемым видам экономической деятельности,2024,69354.3
69644000,Томская область,Парабельский муниципальный район,Всего по обследуемым видам экономической деятельности,2022,88119.2
69644000,Томская область,Парабельский муниципальный район,Всего по обследуемым видам экономической деятельности,2023,101427.7
69644000,Томская область,Парабельский муниципальный район,Всего по обследуемым видам экономической деятельности,2024,115751.0
69648000,Томская область,Первомайский муниципальный район,Всего по обследуемым видам экономической деятельности,2022,40629.4
69648000,Томская область,Первомайский муниципальный район,Всего по обследуемым видам экономической деятельности,2023,44867.9
69648000,Томская область,Первомайский муниципальный район,Всего по обследуемым видам экономической деятельности,2024,51540.8
69652000,Томская область,Тегульдетский муниципальный район,Всего по обследуемым видам экономической деятельности,2022,57589.1
69652000,Томская область,Тегульдетский муниципальный район,Всего по обследуемым видам экономической деятельности,2023,65244.1
69652000,Томская область,Тегульдетский муниципальный район,Всего по обследуемым видам экономической деятельности,2024,70669.8
69654000,Томская область,Томский муниципальный район,Всего по обследуемым видам экономической деятельности,2022,47702.0
69654000,Томская область,Томский муниципальный район,Всего по обследуемым видам экономической деятельности,2023,55082.5
69654000,Томская область,Томский муниципальный район,Всего по обследуемым видам экономической деятельности,2024,66370.5
69656000,Томская область,Чаинский муниципальный район,Всего по обследуемым видам экономической деятельности,2022,53421.8
69656000,Томская область,Чаинский муниципальный район,Всего по обследуемым видам экономической деятельности,2023,62104.0
69656000,Томская область,Чаинский муниципальный район,Всего по обследуемым видам экономической деятельности,2024,69126.2
69658000,Томская область,Шегарский муниципальный район,Всего по обследуемым видам экономической деятельности,2022,38587.7
69658000,Томская область,Шегарский муниципальный район,Всего по обследуемым видам экономической деятельности,2023,43949.4
69658000,Томская область,Шегарский муниципальный район,Всего по обследуемым видам экономической деятельности,2024,50048.9
69701000,Томская область,Город Томск,Всего по обследуемым видам экономической деятельности,2022,68085.8
69701000,Томская область,Город Томск,Всего по обследуемым видам экономической деятельности,2023,78099.9
69701000,Томская область,Город Томск,Всего по обследуемым видам экономической деятельности,2024,90444.3
69707000,Томская область,Город Кедровый,Всего по обследуемым видам экономической деятельности,2022,57590.5
69707000,Томская область,Город Кедровый,Всего по обследуемым видам экономической деятельности,2023,67299.4
69707000,Томская область,Город Кедровый,Всего по обследуемым видам экономической деятельности,2024,76099.6
69710000,Томская область,Город Стрежевой,Всего по обследуемым видам экономической деятельности,2022,80591.6
69710000,Томская область,Город Стрежевой,Всего по обследуемым видам экономической деятельности,2023,89803.1
69710000,Томская область,Город Стрежевой,Всего по обследуемым видам экономической деятельности,2024,102903.1
69741000,Томская область,ЗАТО Северск,Всего по обследуемым видам экономической деятельности,2022,51956.9
69741000,Томская область,ЗАТО Северск,Всего по обследуемым видам экономической деятельности,2023,59191.5
70604000,Тульская область,Арсеньевский муниципальный район,Всего по обследуемым видам экономической деятельности,2022,34236.2
70604000,Тульская область,Арсеньевский муниципальный район,Всего по обследуемым видам экономической деятельности,2023,38942.5
70604000,Тульская область,Арсеньевский муниципальный район,Всего по обследуемым видам экономической деятельности,2024,48226.3
70606000,Тульская область,Белевский муниципальный район,Всего по обследуемым видам экономической деятельности,2022,38158.5
70606000,Тульская область,Белевский муниципальный район,Всего по обследуемым видам экономической деятельности,2023,43494.4
70606000,Тульская область,Белевский муниципальный район,Всего по обследуемым видам экономической деятельности,2024,57262.0
70608000,Тульская область,Богородицкий муниципальный район,Всего по обследуемым видам экономической деятельности,2022,52811.2
70608000,Тульская область,Богородицкий муниципальный район,Всего по обследуемым видам экономической деятельности,2023,55236.2
70608000,Тульская область,Богородицкий муниципальный район,Всего по обследуемым видам экономической деятельности,2024,64849.9
70612000,Тульская область,Веневский муниципальный район,Всего по обследуемым видам экономической деятельности,2022,40346.1
70612000,Тульская область,Веневский муниципальный район,Всего по обследуемым видам экономической деятельности,2023,49883.2
70612000,Тульская область,Веневский муниципальный район,Всего по обследуемым видам экономической деятельности,2024,61582.5
70616000,Тульская область,Воловский муниципальный район,Всего по обследуемым видам экономической деятельности,2022,44432.9
70616000,Тульская область,Воловский муниципальный район,Всего по обследуемым видам экономической деятельности,2023,56458.1
70616000,Тульская область,Воловский муниципальный район,Всего по обследуемым видам экономической деятельности,2024,71011.9
70618000,Тульская область,Дубенский муниципальный район,Всего по обследуемым видам экономической деятельности,2022,38851.7
70618000,Тульская область,Дубенский муниципальный район,Всего по обследуемым видам экономической деятельности,2023,45143.7
70618000,Тульская область,Дубенский муниципальный район,Всего по обследуемым видам экономической деятельности,2024,54710.0
70622000,Тульская область,Заокский муниципальный район,Всего по обследуемым видам экономической деятельности,2022,43844.7
70622000,Тульская область,Заокский муниципальный район,Всего по обследуемым видам экономической деятельности,2023,49905.4
70622000,Тульская область,Заокский муниципальный район,Всего по обследуемым видам экономической деятельности,2024,60987.6
70624000,Тульская область,Каменский муниципальный район,Всего по обследуемым видам экономической деятельности,2022,40699.7
70624000,Тульская область,Каменский муниципальный район,Всего по обследуемым видам экономической деятельности,2023,48490.3
70624000,Тульская область,Каменский муниципальный район,Всего по обследуемым видам экономической деятельности,2024,60127.2
70626000,Тульская область,Кимовский муниципальный район,Всего по обследуемым видам экономической деятельности,2022,41210.5
70626000,Тульская область,Кимовский муниципальный район,Всего по обследуемым видам экономической деятельности,2023,49605.8
70626000,Тульская область,Кимовский муниципальный район,Всего по обследуемым видам экономической деятельности,2024,62210.4
70628000,Тульская область,Киреевский муниципальный район,Всего по обследуемым видам экономической деятельности,2022,40618.1
70628000,Тульская область,Киреевский муниципальный район,Всего по обследуемым видам экономической деятельности,2023,46512.2
70628000,Тульская область,Киреевский муниципальный район,Всего по обследуемым видам экономической деятельности,2024,55658.2
70630000,Тульская область,Куркинский муниципальный район,Всего по обследуемым видам экономической деятельности,2022,40080.9
70630000,Тульская область,Куркинский муниципальный район,Всего по обследуемым видам экономической деятельности,2023,46610.3
70630000,Тульская область,Куркинский муниципальный район,Всего по обследуемым видам экономической деятельности,2024,57155.1
70636000,Тульская область,Одоевский муниципальный район,Всего по обследуемым видам экономической деятельности,2022,38119.2
70636000,Тульская область,Одоевский муниципальный район,Всего по обследуемым видам экономической деятельности,2023,45424.9
70636000,Тульская область,Одоевский муниципальный район,Всего по обследуемым видам экономической деятельности,2024,55383.7
70638000,Тульская область,Плавский муниципальный район,Всего по обследуемым видам экономической деятельности,2022,43063.4
70638000,Тульская область,Плавский муниципальный район,Всего по обследуемым видам экономической деятельности,2023,50457.7
70638000,Тульская область,Плавский муниципальный район,Всего по обследуемым видам экономической деятельности,2024,56367.1
70640000,Тульская область,Суворовский муниципальный район,Всего по обследуемым видам экономической деятельности,2022,44031.3
70640000,Тульская область,Суворовский муниципальный район,Всего по обследуемым видам экономической деятельности,2023,48087.8
70640000,Тульская область,Суворовский муниципальный район,Всего по обследуемым видам экономической деятельности,2024,59611.5
70642000,Тульская область,Тепло-Огаревский муниципальный район,Всего по обследуемым видам экономической деятельности,2022,36823.5
70642000,Тульская область,Тепло-Огаревский муниципальный район,Всего по обследуемым видам экономической деятельности,2023,41351.9
70642000,Тульская область,Тепло-Огаревский муниципальный район,Всего по обследуемым видам экономической деятельности,2024,50110.0
70644000,Тульская область,Узловский муниципальный район,Всего по обследуемым видам экономической деятельности,2022,48876.8
70644000,Тульская область,Узловский муниципальный район,Всего по обследуемым видам экономической деятельности,2023,59321.6
70644000,Тульская область,Узловский муниципальный район,Всего по обследуемым видам экономической деятельности,2024,74356.2
70646000,Тульская область,Чернский муниципальный район,Всего по обследуемым видам экономической деятельности,2022,39630.3
70646000,Тульская область,Чернский муниципальный район,Всего по обследуемым видам экономической деятельности,2023,46166.8
70646000,Тульская область,Чернский муниципальный район,Всего по обследуемым видам экономической деятельности,2024,55736.8
70648000,Тульская область,Щекинский муниципальный район,Всего по обследуемым видам экономической деятельности,2022,51908.2
70648000,Тульская область,Щекинский муниципальный район,Всего по обследуемым видам экономической деятельности,2023,59991.3
70648000,Тульская область,Щекинский муниципальный район,Всего по обследуемым видам экономической деятельности,2024,74387.0
70650000,Тульская область,Ясногорский муниципальный район,Всего по обследуемым видам экономической деятельности,2022,54238.1
70650000,Тульская область,Ясногорский муниципальный район,Всего по обследуемым видам экономической деятельности,2023,67502.4
70650000,Тульская область,Ясногорский муниципальный район,Всего по обследуемым видам экономической деятельности,2024,85275.5
70701000,Тульская область,Город Тула,Всего по обследуемым видам экономической деятельности,2022,59630.8
70701000,Тульская область,Город Тула,Всего по обследуемым видам экономической деятельности,2023,70678.6
70701000,Тульская область,Город Тула,Всего по обследуемым видам экономической деятельности,2024,87275.6
70702000,Тульская область,Рабочий поселок Новогуровский,Всего по обследуемым видам экономической деятельности,2022,60994.0
70702000,Тульская область,Рабочий поселок Новогуровский,Всего по обследуемым видам экономической деятельности,2023,72937.9
70702000,Тульская область,Рабочий поселок Новогуровский,Всего по обследуемым видам экономической деятельности,2024,103540.9
70706000,Тульская область,Город Алексин,Всего по обследуемым видам экономической деятельности,2022,46309.0
70706000,Тульская область,Город Алексин,Всего по обследуемым видам экономической деятельности,2023,52327.4
70706000,Тульская область,Город Алексин,Всего по обследуемым видам экономической деятельности,2024,65671.5
70712000,Тульская область,Город Донской,Всего по обследуемым видам экономической деятельности,2022,39980.8
70712000,Тульская область,Город Донской,Всего по обследуемым видам экономической деятельности,2023,47967.1
70712000,Тульская область,Город Донской,Всего по обследуемым видам экономической деятельности,2024,55751.0
70714000,Тульская область,Город Ефремов,Всего по обследуемым видам экономической деятельности,2022,48008.9
70714000,Тульская область,Город Ефремов,Всего по обследуемым видам экономической деятельности,2023,53704.2
70714000,Тульская область,Город Ефремов,Всего по обследуемым видам экономической деятельности,2024,65612.1
70724000,Тульская область,Город Новомосковск,Всего по обследуемым видам экономической деятельности,2022,54939.7
70724000,Тульская область,Город Новомосковск,Всего по обследуемым видам экономической деятельности,2023,65574.9
70724000,Тульская область,Город Новомосковск,Всего по обследуемым видам экономической деятельности,2024,80775.1
70730000,Тульская область,Славный,Всего по обследуемым видам экономической деятельности,2022,47961.8
70730000,Тульская область,Славный,Всего по обследуемым видам экономической деятельности,2023,72103.0
70730000,Тульская область,Славный,Всего по обследуемым видам экономической деятельности,2024,91118.3
71603000,Тюменская область без автономных округов,Абатский муниципальный район,Всего по обследуемым видам экономической деятельности,2022,43854.8
71603000,Тюменская область без автономных округов,Абатский муниципальный район,Всего по обследуемым видам экономической деятельности,2023,49641.0
71603000,Тюменская область без автономных округов,Абатский муниципальный район,Всего по обследуемым видам экономической деятельности,2024,57922.5
71605000,Тюменская область без автономных округов,Армизонский муниципальный район,Всего по обследуемым видам экономической деятельности,2022,40743.5
71605000,Тюменская область без автономных округов,Армизонский муниципальный район,Всего по обследуемым видам экономической деятельности,2023,45937.8
71605000,Тюменская область без автономных округов,Армизонский муниципальный район,Всего по обследуемым видам экономической деятельности,2024,53701.3
71607000,Тюменская область без автономных округов,Аромашевский муниципальный район,Всего по обследуемым видам экономической деятельности,2022,41808.8
71607000,Тюменская область без автономных округов,Аромашевский муниципальный район,Всего по обследуемым видам экономической деятельности,2023,47081.9
71607000,Тюменская область без автономных округов,Аромашевский муниципальный район,Всего по обследуемым видам экономической деятельности,2024,55769.3
71610000,Тюменская область без автономных округов,Бердюжский муниципальный район,Всего по обследуемым видам экономической деятельности,2022,41293.3
71610000,Тюменская область без автономных округов,Бердюжский муниципальный район,Всего по обследуемым видам экономической деятельности,2023,46035.3
71610000,Тюменская область без автономных округов,Бердюжский муниципальный район,Всего по обследуемым видам экономической деятельности,2024,54815.8
71613000,Тюменская область без автономных округов,Вагайский муниципальный район,Всего по обследуемым видам экономической деятельности,2022,44798.8
71613000,Тюменская область без автономных округов,Вагайский муниципальный район,Всего по обследуемым видам экономической деятельности,2023,50831.1
71613000,Тюменская область без автономных округов,Вагайский муниципальный район,Всего по обследуемым видам экономической деятельности,2024,59621.4
71615000,Тюменская область без автономных округов,Викуловский муниципальный район,Всего по обследуемым видам экономической деятельности,2022,40841.7
71615000,Тюменская область без автономных округов,Викуловский муниципальный район,Всего по обследуемым видам экономической деятельности,2023,45454.7
71615000,Тюменская область без автономных округов,Викуловский муниципальный район,Всего по обследуемым видам экономической деятельности,2024,53629.6
71624000,Тюменская область без автономных округов,Исетский муниципальный район,Всего по обследуемым видам экономической деятельности,2022,45742.8
71624000,Тюменская область без автономных округов,Исетский муниципальный район,Всего по обследуемым видам экономической деятельности,2023,49955.8
71624000,Тюменская область без автономных округов,Исетский муниципальный район,Всего по обследуемым видам экономической деятельности,2024,58380.7
71626000,Тюменская область без автономных округов,Ишимский муниципальный район,Всего по обследуемым видам экономической деятельности,2022,44414.3
71626000,Тюменская область без автономных округов,Ишимский муниципальный район,Всего по обследуемым видам экономической деятельности,2023,49734.6
71626000,Тюменская область без автономных округов,Ишимский муниципальный район,Всего по обследуемым видам экономической деятельности,2024,57455.9
71630000,Тюменская область без автономных округов,Казанский муниципальный район,Всего по обследуемым видам экономической деятельности,2022,41011.6
71630000,Тюменская область без автономных округов,Казанский муниципальный район,Всего по обследуемым видам экономической деятельности,2023,47203.8
71630000,Тюменская область без автономных округов,Казанский муниципальный район,Всего по обследуемым видам экономической деятельности,2024,55932.0
71632000,Тюменская область без автономных округов,Нижнетавдинский муниципальный район,Всего по обследуемым видам экономической деятельности,2022,45244.6
71632000,Тюменская область без автономных округов,Нижнетавдинский муниципальный район,Всего по обследуемым видам экономической деятельности,2023,50306.8
71632000,Тюменская область без автономных округов,Нижнетавдинский муниципальный район,Всего по обследуемым видам экономической деятельности,2024,59034.7
71634000,Тюменская область без автономных округов,Омутинский муниципальный район,Всего по обследуемым видам экономической деятельности,2022,43196.9
71634000,Тюменская область без автономных округов,Омутинский муниципальный район,Всего по обследуемым видам экономической деятельности,2023,48559.2
71634000,Тюменская область без автономных округов,Омутинский муниципальный район,Всего по обследуемым видам экономической деятельности,2024,57938.6
71636000,Тюменская область без автономных округов,Сладковский муниципальный район,Всего по обследуемым видам экономической деятельности,2022,40351.3
71636000,Тюменская область без автономных округов,Сладковский муниципальный район,Всего по обследуемым видам экономической деятельности,2023,47581.2
71636000,Тюменская область без автономных округов,Сладковский муниципальный район,Всего по обследуемым видам экономической деятельности,2024,54093.6
71638000,Тюменская область без автономных округов,Сорокинский муниципальный район,Всего по обследуемым видам экономической деятельности,2022,42337.2
71638000,Тюменская область без автономных округов,Сорокинский муниципальный район,Всего по обследуемым видам экономической деятельности,2023,46594.6
71638000,Тюменская область без автономных округов,Сорокинский муниципальный район,Всего по обследуемым видам экономической деятельности,2024,55426.9
71642000,Тюменская область без автономных округов,Тобольский муниципальный район,Всего по обследуемым видам экономической деятельности,2022,58542.5
71642000,Тюменская область без автономных округов,Тобольский муниципальный район,Всего по обследуемым видам экономической деятельности,2023,65028.8
71642000,Тюменская область без автономных округов,Тобольский муниципальный район,Всего по обследуемым видам экономической деятельности,2024,73986.0
71644000,Тюменская область без автономных округов,Тюменский муниципальный район,Всего по обследуемым видам экономической деятельности,2022,62567.8
71644000,Тюменская область без автономных округов,Тюменский муниципальный район,Всего по обследуемым видам экономической деятельности,2023,70535.3
71644000,Тюменская область без автономных округов,Тюменский муниципальный район,Всего по обследуемым видам экономической деятельности,2024,81701.1
71648000,Тюменская область без автономных округов,Уватский муниципальный район,Всего по обследуемым видам экономической деятельности,2022,91302.4
71648000,Тюменская область без автономных округов,Уватский муниципальный район,Всего по обследуемым видам экономической деятельности,2023,102425.7
71648000,Тюменская область без автономных округов,Уватский муниципальный район,Всего по обследуемым видам экономической деятельности,2024,122655.3
71650000,Тюменская область без автономных округов,Упоровский муниципальный район,Всего по обследуемым видам экономической деятельности,2022,42205.9
71650000,Тюменская область без автономных округов,Упоровский муниципальный район,Всего по обследуемым видам экономической деятельности,2023,46320.0
71650000,Тюменская область без автономных округов,Упоровский муниципальный район,Всего по обследуемым видам экономической деятельности,2024,54553.1
71653000,Тюменская область без автономных округов,Юргинский муниципальный район,Всего по обследуемым видам экономической деятельности,2022,42474.8
71653000,Тюменская область без автономных округов,Юргинский муниципальный район,Всего по обследуемым видам экономической деятельности,2023,46429.2
71653000,Тюменская область без автономных округов,Юргинский муниципальный район,Всего по обследуемым видам экономической деятельности,2024,54980.6
71656000,Тюменская область без автономных округов,Ялуторовский муниципальный район,Всего по обследуемым видам экономической деятельности,2022,40931.6
71656000,Тюменская область без автономных округов,Ялуторовский муниципальный район,Всего по обследуемым видам экономической деятельности,2023,47071.2
71656000,Тюменская область без автономных округов,Ялуторовский муниципальный район,Всего по обследуемым видам экономической деятельности,2024,58735.2
71658000,Тюменская область без автономных округов,Ярковский муниципальный район,Всего по обследуемым видам экономической деятельности,2022,47887.4
71658000,Тюменская область без автономных округов,Ярковский муниципальный район,Всего по обследуемым видам экономической деятельности,2023,53605.9
71658000,Тюменская область без автономных округов,Ярковский муниципальный район,Всего по обследуемым видам экономической деятельности,2024,62492.9
71701000,Тюменская область,Город Тюмень,Всего по обследуемым видам экономической деятельности,2022,78470.8
71701000,Тюменская область,Город Тюмень,Всего по обследуемым видам экономической деятельности,2023,90625.8
71701000,Тюменская область,Город Тюмень,Всего по обследуемым видам экономической деятельности,2024,106290.0
71702000,Тюменская область,Голышмановский,Всего по обследуемым видам экономической деятельности,2022,43200.2
71702000,Тюменская область,Голышмановский,Всего по обследуемым видам экономической деятельности,2023,50025.8
71702000,Тюменская область,Голышмановский,Всего по обследуемым видам экономической деятельности,2024,62188.6
71703000,Тюменская область,Заводоуковский,Всего по обследуемым видам экономической деятельности,2022,46885.9
71703000,Тюменская область,Заводоуковский,Всего по обследуемым видам экономической деятельности,2023,52897.2
71703000,Тюменская область,Заводоуковский,Всего по обследуемым видам экономической деятельности,2024,60984.4
71705000,Тюменская область,Город Ишим,Всего по обследуемым видам экономической деятельности,2022,49053.8
71705000,Тюменская область,Город Ишим,Всего по обследуемым видам экономической деятельности,2023,54901.7
71705000,Тюменская область,Город Ишим,Всего по обследуемым видам экономической деятельности,2024,64808.8
71710000,Тюменская область,Город Тобольск,Всего по обследуемым видам экономической деятельности,2022,71162.6
71710000,Тюменская область,Город Тобольск,Всего по обследуемым видам экономической деятельности,2023,78612.9
71710000,Тюменская область,Город Тобольск,Всего по обследуемым видам экономической деятельности,2024,97335.7
71715000,Тюменская область,Город Ялуторовск,Всего по обследуемым видам экономической деятельности,2022,47831.2
71715000,Тюменская область,Город Ялуторовск,Всего по обследуемым видам экономической деятельности,2023,53257.2
71715000,Тюменская область,Город Ялуторовск,Всего по обследуемым видам экономической деятельности,2024,64096.2
71811000,Ханты-Мансийский автономный округ — Югра,Белоярский муниципальный район,Всего по обследуемым видам экономической деятельности,2022,121713.4
71811000,Ханты-Мансийский автономный округ — Югра,Белоярский муниципальный район,Всего по обследуемым видам экономической деятельности,2023,132721.4
71811000,Ханты-Мансийский автономный округ — Югра,Белоярский муниципальный район,Всего по обследуемым видам экономической деятельности,2024,146470.7
71812000,Ханты-Мансийский автономный округ — Югра,Березовский муниципальный район,Всего по обследуемым видам экономической деятельности,2022,99891.2
71812000,Ханты-Мансийский автономный округ — Югра,Березовский муниципальный район,Всего по обследуемым видам экономической деятельности,2023,108535.8
71812000,Ханты-Мансийский автономный округ — Югра,Березовский муниципальный район,Всего по обследуемым видам экономической деятельности,2024,123093.5
71816000,Ханты-Мансийский автономный округ — Югра,Кондинский муниципальный район,Всего по обследуемым видам экономической деятельности,2022,88670.4
71816000,Ханты-Мансийский автономный округ — Югра,Кондинский муниципальный район,Всего по обследуемым видам экономической деятельности,2023,100557.4
71816000,Ханты-Мансийский автономный округ — Югра,Кондинский муниципальный район,Всего по обследуемым видам экономической деятельности,2024,116572.3
71818000,Ханты-Мансийский автономный округ — Югра,Нефтеюганский муниципальный район,Всего по обследуемым видам экономической деятельности,2022,104736.5
71818000,Ханты-Мансийский автономный округ — Югра,Нефтеюганский муниципальный район,Всего по обследуемым видам экономической деятельности,2023,117502.3
71818000,Ханты-Мансийский автономный округ — Югра,Нефтеюганский муниципальный район,Всего по обследуемым видам экономической деятельности,2024,138589.1
71819000,Ханты-Мансийский автономный округ — Югра,Нижневартовский муниципальный район,Всего по обследуемым видам экономической деятельности,2022,96411.4
71819000,Ханты-Мансийский автономный округ — Югра,Нижневартовский муниципальный район,Всего по обследуемым видам экономической деятельности,2023,107537.9
71819000,Ханты-Мансийский автономный округ — Югра,Нижневартовский муниципальный район,Всего по обследуемым видам экономической деятельности,2024,127830.1
71821000,Ханты-Мансийский автономный округ — Югра,Октябрьский муниципальный район,Всего по обследуемым видам экономической деятельности,2022,106535.1
71821000,Ханты-Мансийский автономный округ — Югра,Октябрьский муниципальный район,Всего по обследуемым видам экономической деятельности,2023,113393.5
71821000,Ханты-Мансийский автономный округ — Югра,Октябрьский муниципальный район,Всего по обследуемым видам экономической деятельности,2024,129455.8
71824000,Ханты-Мансийский автономный округ — Югра,Советский муниципальный район,Всего по обследуемым видам экономической деятельности,2022,82262.1
71824000,Ханты-Мансийский автономный округ — Югра,Советский муниципальный район,Всего по обследуемым видам экономической деятельности,2023,91953.4
71824000,Ханты-Мансийский автономный округ — Югра,Советский муниципальный район,Всего по обследуемым видам экономической деятельности,2024,105421.9
71826000,Ханты-Мансийский автономный округ — Югра,Сургутский муниципальный район,Всего по обследуемым видам экономической деятельности,2022,118004.9
71826000,Ханты-Мансийский автономный округ — Югра,Сургутский муниципальный район,Всего по обследуемым видам экономической деятельности,2023,123374.8
71826000,Ханты-Мансийский автономный округ — Югра,Сургутский муниципальный район,Всего по обследуемым видам экономической деятельности,2024,141717.7
71829000,Ханты-Мансийский автономный округ — Югра,Ханты-Мансийский муниципальный район,Всего по обследуемым видам экономической деятельности,2022,107656.4
71829000,Ханты-Мансийский автономный округ — Югра,Ханты-Мансийский муниципальный район,Всего по обследуемым видам экономической деятельности,2023,119745.6
71829000,Ханты-Мансийский автономный округ — Югра,Ханты-Мансийский муниципальный район,Всего по обследуемым видам экономической деятельности,2024,142244.3
71871000,Ханты-Мансийский автономный округ — Югра,Ханты-Мансийск,Всего по обследуемым видам экономической деятельности,2022,102408.6
71871000,Ханты-Мансийский автономный округ — Югра,Ханты-Мансийск,Всего по обследуемым видам экономической деятельности,2023,119189.4
71871000,Ханты-Мансийский автономный округ — Югра,Ханты-Мансийск,Всего по обследуемым видам экономической деятельности,2024,133101.4
71872000,Ханты-Мансийский автономный округ — Югра,Лангепас,Всего по обследуемым видам экономической деятельности,2022,83211.9
71872000,Ханты-Мансийский автономный округ — Югра,Лангепас,Всего по обследуемым видам экономической деятельности,2023,96831.7
71872000,Ханты-Мансийский автономный округ — Югра,Лангепас,Всего по обследуемым видам экономической деятельности,2024,114243.3
71873000,Ханты-Мансийский автономный округ — Югра,Мегион,Всего по обследуемым видам экономической деятельности,2022,95391.1
71873000,Ханты-Мансийский автономный округ — Югра,Мегион,Всего по обследуемым видам экономической деятельности,2023,108848.8
71873000,Ханты-Мансийский автономный округ — Югра,Мегион,Всего по обследуемым видам экономической деятельности,2024,124732.7
71874000,Ханты-Мансийский автономный округ — Югра,Нефтеюганск,Всего по обследуемым видам экономической деятельности,2022,101413.7
71874000,Ханты-Мансийский автономный округ — Югра,Нефтеюганск,Всего по обследуемым видам экономической деятельности,2023,115203.3
71874000,Ханты-Мансийский автономный округ — Югра,Нефтеюганск,Всего по обследуемым видам экономической деятельности,2024,134448.9
71875000,Ханты-Мансийский автономный округ — Югра,Нижневартовск,Всего по обследуемым видам экономической деятельности,2022,90497.1
71875000,Ханты-Мансийский автономный округ — Югра,Нижневартовск,Всего по обследуемым видам экономической деятельности,2023,101517.8
71875000,Ханты-Мансийский автономный округ — Югра,Нижневартовск,Всего по обследуемым видам экономической деятельности,2024,119385.6
71876000,Ханты-Мансийский автономный округ — Югра,Сургут,Всего по обследуемым видам экономической деятельности,2022,116396.0
71876000,Ханты-Мансийский автономный округ — Югра,Сургут,Всего по обследуемым видам экономической деятельности,2023,126143.6
71876000,Ханты-Мансийский автономный округ — Югра,Сургут,Всего по обследуемым видам экономической деятельности,2024,140879.7
71877000,Ханты-Мансийский автономный округ — Югра,Радужный,Всего по обследуемым видам экономической деятельности,2022,87771.4
71877000,Ханты-Мансийский автономный округ — Югра,Радужный,Всего по обследуемым видам экономической деятельности,2023,96809.3
71877000,Ханты-Мансийский автономный округ — Югра,Радужный,Всего по обследуемым видам экономической деятельности,2024,117694.5
71878000,Ханты-Мансийский автономный округ — Югра,Урай,Всего по обследуемым видам экономической деятельности,2022,85447.5
71878000,Ханты-Мансийский автономный округ — Югра,Урай,Всего по обследуемым видам экономической деятельности,2023,97686.2
71878000,Ханты-Мансийский автономный округ — Югра,Урай,Всего по обследуемым видам экономической деятельности,2024,114415.3
71879000,Ханты-Мансийский автономный округ — Югра,Нягань,Всего по обследуемым видам экономической деятельности,2022,86704.2
71879000,Ханты-Мансийский автономный округ — Югра,Нягань,Всего по обследуемым видам экономической деятельности,2023,97090.2
71879000,Ханты-Мансийский автономный округ — Югра,Нягань,Всего по обследуемым видам экономической деятельности,2024,117913.9
71883000,Ханты-Мансийский автономный округ — Югра,Когалым,Всего по обследуемым видам экономической деятельности,2022,99996.3
71883000,Ханты-Мансийский автономный округ — Югра,Когалым,Всего по обследуемым видам экономической деятельности,2023,116419.4
71883000,Ханты-Мансийский автономный округ — Югра,Когалым,Всего по обследуемым видам экономической деятельности,2024,142278.9
71884000,Ханты-Мансийский автономный округ — Югра,Покачи,Всего по обследуемым видам экономической деятельности,2022,85331.4
71884000,Ханты-Мансийский автономный округ — Югра,Покачи,Всего по обследуемым видам экономической деятельности,2023,98187.1
71884000,Ханты-Мансийский автономный округ — Югра,Покачи,Всего по обследуемым видам экономической деятельности,2024,115289.7
71885000,Ханты-Мансийский автономный округ — Югра,Пыть-Ях,Всего по обследуемым видам экономической деятельности,2022,85432.4
71885000,Ханты-Мансийский автономный округ — Югра,Пыть-Ях,Всего по обследуемым видам экономической деятельности,2023,101224.5
71885000,Ханты-Мансийский автономный округ — Югра,Пыть-Ях,Всего по обследуемым видам экономической деятельности,2024,118280.6
71887000,Ханты-Мансийский автономный округ — Югра,Югорск,Всего по обследуемым видам экономической деятельности,2022,121687.8
71887000,Ханты-Мансийский автономный округ — Югра,Югорск,Всего по обследуемым видам экономической деятельности,2023,131829.3
71887000,Ханты-Мансийский автономный округ — Югра,Югорск,Всего по обследуемым видам экономической деятельности,2024,142055.4
71926000,Ямало-Ненецкий автономный округ,Шурышкарский муниципальный район,Всего по обследуемым видам экономической деятельности,2022,93119.0
71933000,Ямало-Ненецкий автономный округ,Муниципальный округ Красноселькупский район,Всего по обследуемым видам экономической деятельности,2022,140023.0
71933000,Ямало-Ненецкий автономный округ,Муниципальный округ Красноселькупский район,Всего по обследуемым видам экономической деятельности,2023,156115.6
71933000,Ямало-Ненецкий автономный округ,Муниципальный округ Красноселькупский район,Всего по обследуемым видам экономической деятельности,2024,177997.6
71936000,Ямало-Ненецкий автономный округ,Муниципальный округ Надымский район,Всего по обследуемым видам экономической деятельности,2022,163662.4
71936000,Ямало-Ненецкий автономный округ,Муниципальный округ Надымский район,Всего по обследуемым видам экономической деятельности,2023,178332.5
71936000,Ямало-Ненецкий автономный округ,Муниципальный округ Надымский район,Всего по обследуемым видам экономической деятельности,2024,192600.2
71938000,Ямало-Ненецкий автономный округ,Муниципальный округ Приуральский район,Всего по обследуемым видам экономической деятельности,2022,104420.9
71938000,Ямало-Ненецкий автономный округ,Муниципальный округ Приуральский район,Всего по обследуемым видам экономической деятельности,2023,114386.4
71938000,Ямало-Ненецкий автономный округ,Муниципальный округ Приуральский район,Всего по обследуемым видам экономической деятельности,2024,129786.2
71940000,Ямало-Ненецкий автономный округ,Муниципальный округ Пуровский район,Всего по обследуемым видам экономической деятельности,2022,139550.3
71940000,Ямало-Ненецкий автономный округ,Муниципальный округ Пуровский район,Всего по обследуемым видам экономической деятельности,2023,156232.9
71940000,Ямало-Ненецкий автономный округ,Муниципальный округ Пуровский район,Всего по обследуемым видам экономической деятельности,2024,176767.4
71943000,Ямало-Ненецкий автономный округ,Муниципальный округ Тазовский район,Всего по обследуемым видам экономической деятельности,2022,128201.3
71943000,Ямало-Ненецкий автономный округ,Муниципальный округ Тазовский район,Всего по обследуемым видам экономической деятельности,2023,153631.6
71943000,Ямало-Ненецкий автономный округ,Муниципальный округ Тазовский район,Всего по обследуемым видам экономической деятельности,2024,181196.5
71946000,Ямало-Ненецкий автономный округ,Муниципальный округ Шурышкарский район,Всего по обследуемым видам экономической деятельности,2023,102891.9
71946000,Ямало-Ненецкий автономный округ,Муниципальный округ Шурышкарский район,Всего по обследуемым видам экономической деятельности,2024,118486.6
71948000,Ямало-Ненецкий автономный округ,Муниципальный округ Ямальский район,Всего по обследуемым видам экономической деятельности,2022,130919.0
71948000,Ямало-Ненецкий автономный округ,Муниципальный округ Ямальский район,Всего по обследуемым видам экономической деятельности,2023,138665.6
71948000,Ямало-Ненецкий автономный округ,Муниципальный округ Ямальский район,Всего по обследуемым видам экономической деятельности,2024,163565.2
71951000,Ямало-Ненецкий автономный округ,Город Салехард,Всего по обследуемым видам экономической деятельности,2022,135789.4
71951000,Ямало-Ненецкий автономный округ,Город Салехард,Всего по обследуемым видам экономической деятельности,2023,151321.9
71951000,Ямало-Ненецкий автономный округ,Город Салехард,Всего по обследуемым видам экономической деятельности,2024,169044.9
71952000,Ямало-Ненецкий автономный округ,Город Губкинский,Всего по обследуемым видам экономической деятельности,2022,123784.5
71952000,Ямало-Ненецкий автономный округ,Город Губкинский,Всего по обследуемым видам экономической деятельности,2023,135057.1
71952000,Ямало-Ненецкий автономный округ,Город Губкинский,Всего по обследуемым видам экономической деятельности,2024,157226.9
71953000,Ямало-Ненецкий автономный округ,Город Лабытнанги,Всего по обследуемым видам экономической деятельности,2022,101554.8
71953000,Ямало-Ненецкий автономный округ,Город Лабытнанги,Всего по обследуемым видам экономической деятельности,2023,108965.7
71953000,Ямало-Ненецкий автономный округ,Город Лабытнанги,Всего по обследуемым видам экономической деятельности,2024,124659.2
71955000,Ямало-Ненецкий автономный округ,Город Муравленко,Всего по обследуемым видам экономической деятельности,2022,97865.1
71955000,Ямало-Ненецкий автономный округ,Город Муравленко,Всего по обследуемым видам экономической деятельности,2023,112597.9
71955000,Ямало-Ненецкий автономный округ,Город Муравленко,Всего по обследуемым видам экономической деятельности,2024,130077.5
71956000,Ямало-Ненецкий автономный округ,Город Новый Уренгой,Всего по обследуемым видам экономической деятельности,2022,147868.1
71956000,Ямало-Ненецкий автономный округ,Город Новый Уренгой,Всего по обследуемым видам экономической деятельности,2023,158298.7
71956000,Ямало-Ненецкий автономный округ,Город Новый Уренгой,Всего по обследуемым видам экономической деятельности,2024,174598.5
71958000,Ямало-Ненецкий автономный округ,Город Ноябрьск,Всего по обследуемым видам экономической деятельности,2022,124573.0
71958000,Ямало-Ненецкий автономный округ,Город Ноябрьск,Всего по обследуемым видам экономической деятельности,2023,138949.2
71958000,Ямало-Ненецкий автономный округ,Город Ноябрьск,Всего по обследуемым видам экономической деятельности,2024,156219.1
73602000,Ульяновская область,Базарносызганский муниципальный район,Всего по обследуемым видам экономической деятельности,2022,28480.9
73602000,Ульяновская область,Базарносызганский муниципальный район,Всего по обследуемым видам экономической деятельности,2023,31486.4
73602000,Ульяновская область,Базарносызганский муниципальный район,Всего по обследуемым видам экономической деятельности,2024,38635.8
73604000,Ульяновская область,Барышский муниципальный район,Всего по обследуемым видам экономической деятельности,2022,31072.8
73604000,Ульяновская область,Барышский муниципальный район,Всего по обследуемым видам экономической деятельности,2023,34635.1
73604000,Ульяновская область,Барышский муниципальный район,Всего по обследуемым видам экономической деятельности,2024,42037.2
73607000,Ульяновская область,Вешкаймский муниципальный район,Всего по обследуемым видам экономической деятельности,2022,29015.7
73607000,Ульяновская область,Вешкаймский муниципальный район,Всего по обследуемым видам экономической деятельности,2023,33886.4
73607000,Ульяновская область,Вешкаймский муниципальный район,Всего по обследуемым видам экономической деятельности,2024,40269.2
73610000,Ульяновская область,Инзенский муниципальный район,Всего по обследуемым видам экономической деятельности,2022,30956.2
73610000,Ульяновская область,Инзенский муниципальный район,Всего по обследуемым видам экономической деятельности,2023,36645.7
73610000,Ульяновская область,Инзенский муниципальный район,Всего по обследуемым видам экономической деятельности,2024,45354.6
73614000,Ульяновская область,Карсунский муниципальный район,Всего по обследуемым видам экономической деятельности,2022,28981.3
73614000,Ульяновская область,Карсунский муниципальный район,Всего по обследуемым видам экономической деятельности,2023,33212.2
73614000,Ульяновская область,Карсунский муниципальный район,Всего по обследуемым видам экономической деятельности,2024,38809.2
73616000,Ульяновская область,Кузоватовский муниципальный район,Всего по обследуемым видам экономической деятельности,2022,30363.9
73616000,Ульяновская область,Кузоватовский муниципальный район,Всего по обследуемым видам экономической деятельности,2023,35027.4
73616000,Ульяновская область,Кузоватовский муниципальный район,Всего по обследуемым видам экономической деятельности,2024,43252.9
73620000,Ульяновская область,Майнский муниципальный район,Всего по обследуемым видам экономической деятельности,2022,30546.0
73620000,Ульяновская область,Майнский муниципальный район,Всего по обследуемым видам экономической деятельности,2023,35504.8
73620000,Ульяновская область,Майнский муниципальный район,Всего по обследуемым видам экономической деятельности,2024,42546.4
73622000,Ульяновская область,Мелекесский муниципальный район,Всего по обследуемым видам экономической деятельности,2022,36248.8
73622000,Ульяновская область,Мелекесский муниципальный район,Всего по обследуемым видам экономической деятельности,2023,40332.2
73622000,Ульяновская область,Мелекесский муниципальный район,Всего по обследуемым видам экономической деятельности,2024,49988.7
73625000,Ульяновская область,Николаевский муниципальный район,Всего по обследуемым видам экономической деятельности,2022,35187.3
73625000,Ульяновская область,Николаевский муниципальный район,Всего по обследуемым видам экономической деятельности,2023,40071.6
73625000,Ульяновская область,Николаевский муниципальный район,Всего по обследуемым видам экономической деятельности,2024,48128.2
73627000,Ульяновская область,Новомалыклинский муниципальный район,Всего по обследуемым видам экономической деятельности,2022,32157.5
73627000,Ульяновская область,Новомалыклинский муниципальный район,Всего по обследуемым видам экономической деятельности,2023,35201.2
73627000,Ульяновская область,Новомалыклинский муниципальный район,Всего по обследуемым видам экономической деятельности,2024,42183.3
73629000,Ульяновская область,Новоспасский муниципальный район,Всего по обследуемым видам экономической деятельности,2022,40051.1
73629000,Ульяновская область,Новоспасский муниципальный район,Всего по обследуемым видам экономической деятельности,2023,44755.4
73629000,Ульяновская область,Новоспасский муниципальный район,Всего по обследуемым видам экономической деятельности,2024,53868.8
73632000,Ульяновская область,Павловский муниципальный район,Всего по обследуемым видам экономической деятельности,2022,38041.7
73632000,Ульяновская область,Павловский муниципальный район,Всего по обследуемым видам экономической деятельности,2023,42963.7
73632000,Ульяновская область,Павловский муниципальный район,Всего по обследуемым видам экономической деятельности,2024,48968.3
73634000,Ульяновская область,Радищевский муниципальный район,Всего по обследуемым видам экономической деятельности,2022,29012.5
73634000,Ульяновская область,Радищевский муниципальный район,Всего по обследуемым видам экономической деятельности,2023,33550.3
73634000,Ульяновская область,Радищевский муниципальный район,Всего по обследуемым видам экономической деятельности,2024,39825.0
73636000,Ульяновская область,Сенгилеевский муниципальный район,Всего по обследуемым видам экономической деятельности,2022,38300.3
73636000,Ульяновская область,Сенгилеевский муниципальный район,Всего по обследуемым видам экономической деятельности,2023,44212.6
73636000,Ульяновская область,Сенгилеевский муниципальный район,Всего по обследуемым видам экономической деятельности,2024,55450.6
73639000,Ульяновская область,Старокулаткинский муниципальный район,Всего по обследуемым видам экономической деятельности,2022,27559.3
73639000,Ульяновская область,Старокулаткинский муниципальный район,Всего по обследуемым видам экономической деятельности,2023,31176.9
73639000,Ульяновская область,Старокулаткинский муниципальный район,Всего по обследуемым видам экономической деятельности,2024,36450.9
73642000,Ульяновская область,Старомайнский муниципальный район,Всего по обследуемым видам экономической деятельности,2022,29670.1
73642000,Ульяновская область,Старомайнский муниципальный район,Всего по обследуемым видам экономической деятельности,2023,34223.8
73642000,Ульяновская область,Старомайнский муниципальный район,Всего по обследуемым видам экономической деятельности,2024,41303.6
73644000,Ульяновская область,Сурский муниципальный район,Всего по обследуемым видам экономической деятельности,2022,27404.6
73644000,Ульяновская область,Сурский муниципальный район,Всего по обследуемым видам экономической деятельности,2023,32158.2
73644000,Ульяновская область,Сурский муниципальный район,Всего по обследуемым видам экономической деятельности,2024,40095.8
73648000,Ульяновская область,Тереньгульский муниципальный район,Всего по обследуемым видам экономической деятельности,2022,31602.7
73648000,Ульяновская область,Тереньгульский муниципальный район,Всего по обследуемым видам экономической деятельности,2023,34596.2
73648000,Ульяновская область,Тереньгульский муниципальный район,Всего по обследуемым видам экономической деятельности,2024,42415.2
73652000,Ульяновская область,Ульяновский муниципальный район,Всего по обследуемым видам экономической деятельности,2022,36928.9
73652000,Ульяновская область,Ульяновский муниципальный район,Всего по обследуемым видам экономической деятельности,2023,43475.4
73652000,Ульяновская область,Ульяновский муниципальный район,Всего по обследуемым видам экономической деятельности,2024,52985.3
73654000,Ульяновская область,Цильнинский муниципальный район,Всего по обследуемым видам экономической деятельности,2022,32818.1
73654000,Ульяновская область,Цильнинский муниципальный район,Всего по обследуемым видам экономической деятельности,2023,37859.9
73654000,Ульяновская область,Цильнинский муниципальный район,Всего по обследуемым видам экономической деятельности,2024,44786.8
73656000,Ульяновская область,Чердаклинский муниципальный район,Всего по обследуемым видам экономической деятельности,2022,44982.0
73656000,Ульяновская область,Чердаклинский муниципальный район,Всего по обследуемым видам экономической деятельности,2023,53836.3
73656000,Ульяновская область,Чердаклинский муниципальный район,Всего по обследуемым видам экономической деятельности,2024,69072.4
73701000,Ульяновская область,Город Ульяновск,Всего по обследуемым видам экономической деятельности,2022,48671.5
73701000,Ульяновская область,Город Ульяновск,Всего по обследуемым видам экономической деятельности,2023,57176.9
73701000,Ульяновская область,Город Ульяновск,Всего по обследуемым видам экономической деятельности,2024,69508.0
73705000,Ульяновская область,Город Димитровград,Всего по обследуемым видам экономической деятельности,2022,48230.0
73705000,Ульяновская область,Город Димитровград,Всего по обследуемым видам экономической деятельности,2023,55438.2
73705000,Ульяновская область,Город Димитровград,Всего по обследуемым видам экономической деятельности,2024,64255.5
73715000,Ульяновская область,Город Новоульяновск,Всего по обследуемым видам экономической деятельности,2022,41484.9
73715000,Ульяновская область,Город Новоульяновск,Всего по обследуемым видам экономической деятельности,2023,47155.4
73715000,Ульяновская область,Город Новоульяновск,Всего по обследуемым видам экономической деятельности,2024,62325.9
75533000,Челябинская область,Коркинский муниципальный округ,Всего по обследуемым видам экономической деятельности,2023,48058.3
75533000,Челябинская область,Коркинский муниципальный округ,Всего по обследуемым видам экономической деятельности,2024,60182.9
75603000,Челябинская область,Агаповский муниципальный район,Всего по обследуемым видам экономической деятельности,2022,38565.1
75603000,Челябинская область,Агаповский муниципальный район,Всего по обследуемым видам экономической деятельности,2023,46590.3
75603000,Челябинская область,Агаповский муниципальный район,Всего по обследуемым видам экономической деятельности,2024,57484.3
75606000,Челябинская область,Аргаяшский муниципальный район,Всего по обследуемым видам экономической деятельности,2022,42149.4
75606000,Челябинская область,Аргаяшский муниципальный район,Всего по обследуемым видам экономической деятельности,2023,47907.0
75606000,Челябинская область,Аргаяшский муниципальный район,Всего по обследуемым видам экономической деятельности,2024,59756.1
75609000,Челябинская область,Ашинский муниципальный район,Всего по обследуемым видам экономической деятельности,2022,51761.3
75609000,Челябинская область,Ашинский муниципальный район,Всего по обследуемым видам экономической деятельности,2023,60097.5
75609000,Челябинская область,Ашинский муниципальный район,Всего по обследуемым видам экономической деятельности,2024,70379.1
75612000,Челябинская область,Брединский муниципальный район,Всего по обследуемым видам экономической деятельности,2022,35751.4
75612000,Челябинская область,Брединский муниципальный район,Всего по обследуемым видам экономической деятельности,2023,39658.8
75612000,Челябинская область,Брединский муниципальный район,Всего по обследуемым видам экономической деятельности,2024,48500.9
75614000,Челябинская область,Варненский муниципальный район,Всего по обследуемым видам экономической деятельности,2022,49731.5
75614000,Челябинская область,Варненский муниципальный район,Всего по обследуемым видам экономической деятельности,2023,58396.2
75614000,Челябинская область,Варненский муниципальный район,Всего по обследуемым видам экономической деятельности,2024,73409.7
75617000,Челябинская область,Верхнеуральский муниципальный район,Всего по обследуемым видам экономической деятельности,2022,49452.8
75617000,Челябинская область,Верхнеуральский муниципальный район,Всего по обследуемым видам экономической деятельности,2023,58581.0
75617000,Челябинская область,Верхнеуральский муниципальный район,Всего по обследуемым видам экономической деятельности,2024,70358.1
75619000,Челябинская область,Еманжелинский муниципальный район,Всего по обследуемым видам экономической деятельности,2022,37308.9
75619000,Челябинская область,Еманжелинский муниципальный район,Всего по обследуемым видам экономической деятельности,2023,43159.3
75619000,Челябинская область,Еманжелинский муниципальный район,Всего по обследуемым видам экономической деятельности,2024,54543.8
75620000,Челябинская область,Еткульский муниципальный район,Всего по обследуемым видам экономической деятельности,2022,42645.1
75620000,Челябинская область,Еткульский муниципальный район,Всего по обследуемым видам экономической деятельности,2023,50026.5
75620000,Челябинская область,Еткульский муниципальный район,Всего по обследуемым видам экономической деятельности,2024,61685.8
75623000,Челябинская область,Карталинский муниципальный район,Всего по обследуемым видам экономической деятельности,2022,45926.1
75623000,Челябинская область,Карталинский муниципальный район,Всего по обследуемым видам экономической деятельности,2023,53501.0
75623000,Челябинская область,Карталинский муниципальный район,Всего по обследуемым видам экономической деятельности,2024,63612.2
75626000,Челябинская область,Каслинский муниципальный район,Всего по обследуемым видам экономической деятельности,2022,41266.7
75626000,Челябинская область,Каслинский муниципальный район,Всего по обследуемым видам экономической деятельности,2023,47770.3
75626000,Челябинская область,Каслинский муниципальный район,Всего по обследуемым видам экономической деятельности,2024,56740.0
75629000,Челябинская область,Катав-Ивановский муниципальный район,Всего по обследуемым видам экономической деятельности,2022,38217.4
75629000,Челябинская область,Катав-Ивановский муниципальный район,Всего по обследуемым видам экономической деятельности,2023,43317.4
75629000,Челябинская область,Катав-Ивановский муниципальный район,Всего по обследуемым видам экономической деятельности,2024,53527.9
75632000,Челябинская область,Кизильский муниципальный район,Всего по обследуемым видам экономической деятельности,2022,36005.4
75632000,Челябинская область,Кизильский муниципальный район,Всего по обследуемым видам экономической деятельности,2023,39579.7
75632000,Челябинская область,Кизильский муниципальный район,Всего по обследуемым видам экономической деятельности,2024,47177.6
75633000,Челябинская область,Коркинский муниципальный район,Всего по обследуемым видам экономической деятельности,2022,41808.1
75634000,Челябинская область,Красноармейский муниципальный район,Всего по обследуемым видам экономической деятельности,2022,42336.5
75634000,Челябинская область,Красноармейский муниципальный район,Всего по обследуемым видам экономической деятельности,2023,49460.0
75634000,Челябинская область,Красноармейский муниципальный район,Всего по обследуемым видам экономической деятельности,2024,61073.5
75636000,Челябинская область,Кунашакский муниципальный район,Всего по обследуемым видам экономической деятельности,2022,36770.6
75636000,Челябинская область,Кунашакский муниципальный район,Всего по обследуемым видам экономической деятельности,2023,42498.8
75636000,Челябинская область,Кунашакский муниципальный район,Всего по обследуемым видам экономической деятельности,2024,52293.7
75638000,Челябинская область,Кусинский муниципальный район,Всего по обследуемым видам экономической деятельности,2022,34765.4
75638000,Челябинская область,Кусинский муниципальный район,Всего по обследуемым видам экономической деятельности,2023,39651.4
75638000,Челябинская область,Кусинский муниципальный район,Всего по обследуемым видам экономической деятельности,2024,47588.8
75642000,Челябинская область,Нагайбакский муниципальный район,Всего по обследуемым видам экономической деятельности,2022,40572.8
75642000,Челябинская область,Нагайбакский муниципальный район,Всего по обследуемым видам экономической деятельности,2023,46576.2
75642000,Челябинская область,Нагайбакский муниципальный район,Всего по обследуемым видам экономической деятельности,2024,60069.3
75644000,Челябинская область,Нязепетровский муниципальный район,Всего по обследуемым видам экономической деятельности,2022,34732.6
75644000,Челябинская область,Нязепетровский муниципальный район,Всего по обследуемым видам экономической деятельности,2023,38171.1
75644000,Челябинская область,Нязепетровский муниципальный район,Всего по обследуемым видам экономической деятельности,2024,46232.3
75647000,Челябинская область,Октябрьский муниципальный район,Всего по обследуемым видам экономической деятельности,2022,38603.8
75647000,Челябинская область,Октябрьский муниципальный район,Всего по обследуемым видам экономической деятельности,2023,42705.4
75647000,Челябинская область,Октябрьский муниципальный район,Всего по обследуемым видам экономической деятельности,2024,52761.0
75648000,Челябинская область,Пластовский муниципальный район,Всего по обследуемым видам экономической деятельности,2022,105216.5
75648000,Челябинская область,Пластовский муниципальный район,Всего по обследуемым видам экономической деятельности,2023,95637.3
75648000,Челябинская область,Пластовский муниципальный район,Всего по обследуемым видам экономической деятельности,2024,102847.9
75649000,Челябинская область,Саткинский муниципальный район,Всего по обследуемым видам экономической деятельности,2022,44291.1
75649000,Челябинская область,Саткинский муниципальный район,Всего по обследуемым видам экономической деятельности,2023,49481.8
75649000,Челябинская область,Саткинский муниципальный район,Всего по обследуемым видам экономической деятельности,2024,60418.5
75652000,Челябинская область,Сосновский муниципальный район,Всего по обследуемым видам экономической деятельности,2022,54030.8
75652000,Челябинская область,Сосновский муниципальный район,Всего по обследуемым видам экономической деятельности,2023,63607.7
75652000,Челябинская область,Сосновский муниципальный район,Всего по обследуемым видам экономической деятельности,2024,78815.5
75654000,Челябинская область,Троицкий муниципальный район,Всего по обследуемым видам экономической деятельности,2022,33046.3
75654000,Челябинская область,Троицкий муниципальный район,Всего по обследуемым видам экономической деятельности,2023,38635.7
75654000,Челябинская область,Троицкий муниципальный район,Всего по обследуемым видам экономической деятельности,2024,47390.5
75655000,Челябинская область,Увельский муниципальный район,Всего по обследуемым видам экономической деятельности,2022,50030.0
75655000,Челябинская область,Увельский муниципальный район,Всего по обследуемым видам экономической деятельности,2023,58898.4
75655000,Челябинская область,Увельский муниципальный район,Всего по обследуемым видам экономической деятельности,2024,69599.1
75656000,Челябинская область,Уйский муниципальный район,Всего по обследуемым видам экономической деятельности,2022,35250.0
75656000,Челябинская область,Уйский муниципальный район,Всего по обследуемым видам экономической деятельности,2023,39877.9
75656000,Челябинская область,Уйский муниципальный район,Всего по обследуемым видам экономической деятельности,2024,47728.1
75657000,Челябинская область,Чебаркульский муниципальный район,Всего по обследуемым видам экономической деятельности,2022,40028.0
75657000,Челябинская область,Чебаркульский муниципальный район,Всего по обследуемым видам экономической деятельности,2023,47590.2
75657000,Челябинская область,Чебаркульский муниципальный район,Всего по обследуемым видам экономической деятельности,2024,60279.1
75659000,Челябинская область,Чесменский муниципальный район,Всего по обследуемым видам экономической деятельности,2022,38230.5
75659000,Челябинская область,Чесменский муниципальный район,Всего по обследуемым видам экономической деятельности,2023,44683.4
75659000,Челябинская область,Чесменский муниципальный район,Всего по обследуемым видам экономической деятельности,2024,53848.6
75701000,Челябинская область,Челябинский,Всего по обследуемым видам экономической деятельности,2022,57364.4
75701000,Челябинская область,Челябинский,Всего по обследуемым видам экономической деятельности,2023,68685.0
75701000,Челябинская область,Челябинский,Всего по обследуемым видам экономической деятельности,2024,84815.5
75701310,Челябинская область,Калининский,Всего по обследуемым видам экономической деятельности,2022,55571.8
75701310,Челябинская область,Калининский,Всего по обследуемым видам экономической деятельности,2023,63808.0
75701310,Челябинская область,Калининский,Всего по обследуемым видам экономической деятельности,2024,77795.8
75701315,Челябинская область,Курчатовский,Всего по обследуемым видам экономической деятельности,2022,54422.5
75701315,Челябинская область,Курчатовский,Всего по обследуемым видам экономической деятельности,2023,67600.5
75701315,Челябинская область,Курчатовский,Всего по обследуемым видам экономической деятельности,2024,81903.1
75701320,Челябинская область,Ленинский,Всего по обследуемым видам экономической деятельности,2022,58311.7
75701320,Челябинская область,Ленинский,Всего по обследуемым видам экономической деятельности,2023,76417.9
75701320,Челябинская область,Ленинский,Всего по обследуемым видам экономической деятельности,2024,97286.9
75701330,Челябинская область,Металлургический,Всего по обследуемым видам экономической деятельности,2022,50967.0
75701330,Челябинская область,Металлургический,Всего по обследуемым видам экономической деятельности,2023,59591.2
75701330,Челябинская область,Металлургический,Всего по обследуемым видам экономической деятельности,2024,74202.7
75701370,Челябинская область,Советский,Всего по обследуемым видам экономической деятельности,2022,61218.9
75701370,Челябинская область,Советский,Всего по обследуемым видам экономической деятельности,2023,69789.7
75701370,Челябинская область,Советский,Всего по обследуемым видам экономической деятельности,2024,84602.5
75701380,Челябинская область,Тракторозаводский,Всего по обследуемым видам экономической деятельности,2022,58255.4
75701380,Челябинская область,Тракторозаводский,Всего по обследуемым видам экономической деятельности,2023,71215.5
75701380,Челябинская область,Тракторозаводский,Всего по обследуемым видам экономической деятельности,2024,87320.3
75701390,Челябинская область,Центральный,Всего по обследуемым видам экономической деятельности,2022,58962.9
75701390,Челябинская область,Центральный,Всего по обследуемым видам экономической деятельности,2023,68371.3
75701390,Челябинская область,Центральный,Всего по обследуемым видам экономической деятельности,2024,82636.1
75706000,Челябинская область,Верхнеуфалейский,Всего по обследуемым видам экономической деятельности,2022,41386.8
75706000,Челябинская область,Верхнеуфалейский,Всего по обследуемым видам экономической деятельности,2023,47104.7
75706000,Челябинская область,Верхнеуфалейский,Всего по обследуемым видам экономической деятельности,2024,59045.2
75707000,Челябинская область,Трехгорный,Всего по обследуемым видам экономической деятельности,2022,43418.7
75707000,Челябинская область,Трехгорный,Всего по обследуемым видам экономической деятельности,2023,49248.8
75712000,Челябинская область,Златоустовский,Всего по обследуемым видам экономической деятельности,2022,41957.4
75712000,Челябинская область,Златоустовский,Всего по обследуемым видам экономической деятельности,2023,47855.0
75712000,Челябинская область,Златоустовский,Всего по обследуемым видам экономической деятельности,2024,58394.4
75715000,Челябинская область,Карабашский,Всего по обследуемым видам экономической деятельности,2022,46216.1
75715000,Челябинская область,Карабашский,Всего по обследуемым видам экономической деятельности,2023,53194.8
75715000,Челябинская область,Карабашский,Всего по обследуемым видам экономической деятельности,2024,66587.7
75728000,Челябинская область,Копейский,Всего по обследуемым видам экономической деятельности,2022,46349.6
75728000,Челябинская область,Копейский,Всего по обследуемым видам экономической деятельности,2023,56834.7
75728000,Челябинская область,Копейский,Всего по обследуемым видам экономической деятельности,2024,71657.4
75734000,Челябинская область,Кыштымский,Всего по обследуемым видам экономической деятельности,2022,45112.5
75734000,Челябинская область,Кыштымский,Всего по обследуемым видам экономической деятельности,2023,54172.9
75734000,Челябинская область,Кыштымский,Всего по обследуемым видам экономической деятельности,2024,65719.5
75738000,Челябинская область,Магнитогорский,Всего по обследуемым видам экономической деятельности,2022,59790.5
75738000,Челябинская область,Магнитогорский,Всего по обследуемым видам экономической деятельности,2023,67299.4
75738000,Челябинская область,Магнитогорский,Всего по обследуемым видам экономической деятельности,2024,83303.8
75742000,Челябинская область,Миасский,Всего по обследуемым видам экономической деятельности,2022,53141.6
75742000,Челябинская область,Миасский,Всего по обследуемым видам экономической деятельности,2023,63534.4
75742000,Челябинская область,Миасский,Всего по обследуемым видам экономической деятельности,2024,78991.3
75743000,Челябинская область,Озерский,Всего по обследуемым видам экономической деятельности,2022,48150.5
75743000,Челябинская область,Озерский,Всего по обследуемым видам экономической деятельности,2023,57241.6
75746000,Челябинская область,Снежинский,Всего по обследуемым видам экономической деятельности,2022,46841.0
75746000,Челябинская область,Снежинский,Всего по обследуемым видам экономической деятельности,2023,52384.0
75752000,Челябинская область,Троицкий,Всего по обследуемым видам экономической деятельности,2022,43928.9
75752000,Челябинская область,Троицкий,Всего по обследуемым видам экономической деятельности,2023,48995.6
75752000,Челябинская область,Троицкий,Всего по обследуемым видам экономической деятельности,2024,57716.2
75755000,Челябинская область,Усть-Катавский,Всего по обследуемым видам экономической деятельности,2022,37218.2
75755000,Челябинская область,Усть-Катавский,Всего по обследуемым видам экономической деятельности,2023,45188.5
75755000,Челябинская область,Усть-Катавский,Всего по обследуемым видам экономической деятельности,2024,57046.3
75758000,Челябинская область,Чебаркульский,Всего по обследуемым видам экономической деятельности,2022,40034.7
75758000,Челябинская область,Чебаркульский,Всего по обследуемым видам экономической деятельности,2023,45356.9
75758000,Челябинская область,Чебаркульский,Всего по обследуемым видам экономической деятельности,2024,57557.8
75759000,Челябинская область,Локомотивный,Всего по обследуемым видам экономической деятельности,2022,35375.4
75759000,Челябинская область,Локомотивный,Всего по обследуемым видам экономической деятельности,2023,39182.0
75759000,Челябинская область,Локомотивный,Всего по обследуемым видам экономической деятельности,2024,47015.3
75764000,Челябинская область,Южноуральский,Всего по обследуемым видам экономической деятельности,2022,48055.6
75764000,Челябинская область,Южноуральский,Всего по обследуемым видам экономической деятельности,2023,55300.8
75764000,Челябинская область,Южноуральский,Всего по обследуемым видам экономической деятельности,2024,70031.6
76503000,Забайкальский край,Акшинский муниципальный округ,Всего по обследуемым видам экономической деятельности,2023,46100.2
76503000,Забайкальский край,Акшинский муниципальный округ,Всего по обследуемым видам экономической деятельности,2024,55990.0
76504000,Забайкальский край,Александрово-Заводский муниципальный округ,Всего по обследуемым видам экономической деятельности,2023,53055.5
76504000,Забайкальский край,Александрово-Заводский муниципальный округ,Всего по обследуемым видам экономической деятельности,2024,85227.7
76510000,Забайкальский край,Газимуро-Заводский муниципальный округ,Всего по обследуемым видам экономической деятельности,2024,136668.3
76515000,Забайкальский край,Каларский муниципальный округ,Всего по обследуемым видам экономической деятельности,2022,115821.3
76515000,Забайкальский край,Каларский муниципальный округ,Всего по обследуемым видам экономической деятельности,2023,143636.1
76515000,Забайкальский край,Каларский муниципальный округ,Всего по обследуемым видам экономической деятельности,2024,191191.8
76518000,Забайкальский край,Калганский муниципальный округ,Всего по обследуемым видам экономической деятельности,2024,100515.1
76526000,Забайкальский край,Могочинский муниципальный округ,Всего по обследуемым видам экономической деятельности,2024,114246.8
76530000,Забайкальский край,Нерчинско-Заводский муниципальный округ,Всего по обследуемым видам экономической деятельности,2023,63767.0
76530000,Забайкальский край,Нерчинско-Заводский муниципальный округ,Всего по обследуемым видам экономической деятельности,2024,86410.2
76534000,Забайкальский край,Ононский муниципальный округ,Всего по обследуемым видам экономической деятельности,2024,50639.5
76538000,Забайкальский край,Приаргунский муниципальный округ,Всего по обследуемым видам экономической деятельности,2022,42091.1
76538000,Забайкальский край,Приаргунский муниципальный округ,Всего по обследуемым видам экономической деятельности,2023,50601.1
76538000,Забайкальский край,Приаргунский муниципальный округ,Всего по обследуемым видам экономической деятельности,2024,61588.3
76544000,Забайкальский край,Тунгокоченский муниципальный округ,Всего по обследуемым видам экономической деятельности,2023,65577.4
76544000,Забайкальский край,Тунгокоченский муниципальный округ,Всего по обследуемым видам экономической деятельности,2024,79039.8
76602000,Забайкальский край,Агинский муниципальный район,Всего по обследуемым видам экономической деятельности,2022,37485.2
76602000,Забайкальский край,Агинский муниципальный район,Всего по обследуемым видам экономической деятельности,2023,41378.7
76602000,Забайкальский край,Агинский муниципальный район,Всего по обследуемым видам экономической деятельности,2024,49514.6
76603000,Забайкальский край,Акшинский муниципальный район,Всего по обследуемым видам экономической деятельности,2022,39914.2
76604000,Забайкальский край,Александрово-Заводский муниципальный район,Всего по обследуемым видам экономической деятельности,2022,40183.5
76606000,Забайкальский край,Балейский муниципальный район,Всего по обследуемым видам экономической деятельности,2022,57893.4
76606000,Забайкальский край,Балейский муниципальный район,Всего по обследуемым видам экономической деятельности,2023,70858.5
76606000,Забайкальский край,Балейский муниципальный район,Всего по обследуемым видам экономической деятельности,2024,82657.8
76609000,Забайкальский край,Борзинский муниципальный район,Всего по обследуемым видам экономической деятельности,2022,53020.0
76609000,Забайкальский край,Борзинский муниципальный район,Всего по обследуемым видам экономической деятельности,2023,62061.5
76609000,Забайкальский край,Борзинский муниципальный район,Всего по обследуемым видам экономической деятельности,2024,75712.2
76610000,Забайкальский край,Газимуро-Заводский муниципальный район,Всего по обследуемым видам экономической деятельности,2022,105229.6
76610000,Забайкальский край,Газимуро-Заводский муниципальный район,Всего по обследуемым видам экономической деятельности,2023,112760.0
76611000,Забайкальский край,Дульдургинский муниципальный район,Всего по обследуемым видам экономической деятельности,2022,40348.6
76611000,Забайкальский край,Дульдургинский муниципальный район,Всего по обследуемым видам экономической деятельности,2023,46908.0
76611000,Забайкальский край,Дульдургинский муниципальный район,Всего по обследуемым видам экономической деятельности,2024,62244.6
76612000,Забайкальский край,Забайкальский муниципальный район,Всего по обследуемым видам экономической деятельности,2022,64408.4
76612000,Забайкальский край,Забайкальский муниципальный район,Всего по обследуемым видам экономической деятельности,2023,77266.3
76612000,Забайкальский край,Забайкальский муниципальный район,Всего по обследуемым видам экономической деятельности,2024,93748.4
76618000,Забайкальский край,Калганский муниципальный район,Всего по обследуемым видам экономической деятельности,2022,66742.4
76618000,Забайкальский край,Калганский муниципальный район,Всего по обследуемым видам экономической деятельности,2023,77497.8
76620000,Забайкальский край,Карымский муниципальный район,Всего по обследуемым видам экономической деятельности,2022,57981.4
76620000,Забайкальский край,Карымский муниципальный район,Всего по обследуемым видам экономической деятельности,2023,66547.8
76620000,Забайкальский край,Карымский муниципальный район,Всего по обследуемым видам экономической деятельности,2024,79219.7
76621000,Забайкальский край,Муниципальный район Город Краснокаменск и Краснокаменский район,Всего по обследуемым видам экономической деятельности,2022,55003.7
76621000,Забайкальский край,Муниципальный район Город Краснокаменск и Краснокаменский район,Всего по обследуемым видам экономической деятельности,2023,62974.9
76621000,Забайкальский край,Муниципальный район Город Краснокаменск и Краснокаменский район,Всего по обследуемым видам экономической деятельности,2024,77474.7
76622000,Забайкальский край,Красночикойский муниципальный район,Всего по обследуемым видам экономической деятельности,2022,43086.0
76622000,Забайкальский край,Красночикойский муниципальный район,Всего по обследуемым видам экономической деятельности,2023,50138.4
76622000,Забайкальский край,Красночикойский муниципальный район,Всего по обследуемым видам экономической деятельности,2024,72216.5
76624000,Забайкальский край,Кыринский муниципальный район,Всего по обследуемым видам экономической деятельности,2022,73984.2
76624000,Забайкальский край,Кыринский муниципальный район,Всего по обследуемым видам экономической деятельности,2023,95889.2
76624000,Забайкальский край,Кыринский муниципальный район,Всего по обследуемым видам экономической деятельности,2024,82082.5
76625000,Забайкальский край,Могойтуйский муниципальный район,Всего по обследуемым видам экономической деятельности,2022,40767.8
76625000,Забайкальский край,Могойтуйский муниципальный район,Всего по обследуемым видам экономической деятельности,2023,45841.4
76625000,Забайкальский край,Могойтуйский муниципальный район,Всего по обследуемым видам экономической деятельности,2024,56189.5
76626000,Забайкальский край,Могочинский муниципальный район,Всего по обследуемым видам экономической деятельности,2022,81100.4
76626000,Забайкальский край,Могочинский муниципальный район,Всего по обследуемым видам экономической деятельности,2023,92117.5
76628000,Забайкальский край,Нерчинский муниципальный район,Всего по обследуемым видам экономической деятельности,2022,46689.8
76628000,Забайкальский край,Нерчинский муниципальный район,Всего по обследуемым видам экономической деятельности,2023,53385.8
76628000,Забайкальский край,Нерчинский муниципальный район,Всего по обследуемым видам экономической деятельности,2024,67910.7
76630000,Забайкальский край,Нерчинско-Заводский муниципальный район,Всего по обследуемым видам экономической деятельности,2022,67930.5
76632000,Забайкальский край,Оловяннинский муниципальный район,Всего по обследуемым видам экономической деятельности,2022,51721.5
76632000,Забайкальский край,Оловяннинский муниципальный район,Всего по обследуемым видам экономической деятельности,2023,60512.4
76632000,Забайкальский край,Оловяннинский муниципальный район,Всего по обследуемым видам экономической деятельности,2024,72903.8
76634000,Забайкальский край,Ононский муниципальный район,Всего по обследуемым видам экономической деятельности,2022,35437.0
76634000,Забайкальский край,Ононский муниципальный район,Всего по обследуемым видам экономической деятельности,2023,41564.5
76636000,Забайкальский край,Петровск-Забайкальский муниципальный район,Всего по обследуемым видам экономической деятельности,2022,52058.0
76636000,Забайкальский край,Петровск-Забайкальский муниципальный район,Всего по обследуемым видам экономической деятельности,2023,62499.3
76636000,Забайкальский край,Петровск-Забайкальский муниципальный район,Всего по обследуемым видам экономической деятельности,2024,76863.8
76640000,Забайкальский край,Сретенский муниципальный район,Всего по обследуемым видам экономической деятельности,2022,61579.2
76640000,Забайкальский край,Сретенский муниципальный район,Всего по обследуемым видам экономической деятельности,2023,80350.9
76640000,Забайкальский край,Сретенский муниципальный район,Всего по обследуемым видам экономической деятельности,2024,94046.2
76642000,Забайкальский край,Тунгиро-Олёкминский муниципальный район,Всего по обследуемым видам экономической деятельности,2022,51675.3
76642000,Забайкальский край,Тунгиро-Олёкминский муниципальный район,Всего по обследуемым видам экономической деятельности,2023,66302.1
76642000,Забайкальский край,Тунгиро-Олёкминский муниципальный район,Всего по обследуемым видам экономической деятельности,2024,80506.5
76644000,Забайкальский край,Тунгокоченский муниципальный район,Всего по обследуемым видам экономической деятельности,2022,59892.5
76646000,Забайкальский край,Улётовский муниципальный район,Всего по обследуемым видам экономической деятельности,2022,42795.6
76646000,Забайкальский край,Улётовский муниципальный район,Всего по обследуемым видам экономической деятельности,2023,49868.2
76646000,Забайкальский край,Улётовский муниципальный район,Всего по обследуемым видам экономической деятельности,2024,64435.7
76647000,Забайкальский край,Хилокский муниципальный район,Всего по обследуемым видам экономической деятельности,2022,59364.1
76647000,Забайкальский край,Хилокский муниципальный район,Всего по обследуемым видам экономической деятельности,2023,68212.6
76647000,Забайкальский край,Хилокский муниципальный район,Всего по обследуемым видам экономической деятельности,2024,79406.6
76648000,Забайкальский край,Чернышевский муниципальный район,Всего по обследуемым видам экономической деятельности,2022,72068.0
76648000,Забайкальский край,Чернышевский муниципальный район,Всего по обследуемым видам экономической деятельности,2023,79657.0
76648000,Забайкальский край,Чернышевский муниципальный район,Всего по обследуемым видам экономической деятельности,2024,97270.4
76650000,Забайкальский край,Читинский муниципальный район,Всего по обследуемым видам экономической деятельности,2022,46646.9
76650000,Забайкальский край,Читинский муниципальный район,Всего по обследуемым видам экономической деятельности,2023,54877.8
76650000,Забайкальский край,Читинский муниципальный район,Всего по обследуемым видам экономической деятельности,2024,64652.2
76652000,Забайкальский край,Шелопугинский муниципальный район,Всего по обследуемым видам экономической деятельности,2022,37608.5
76652000,Забайкальский край,Шелопугинский муниципальный район,Всего по обследуемым видам экономической деятельности,2023,47133.6
76652000,Забайкальский край,Шелопугинский муниципальный район,Всего по обследуемым видам экономической деятельности,2024,61345.5
76654000,Забайкальский край,Шилкинский муниципальный район,Всего по обследуемым видам экономической деятельности,2022,50468.2
76654000,Забайкальский край,Шилкинский муниципальный район,Всего по обследуемым видам экономической деятельности,2023,59030.3
76654000,Забайкальский край,Шилкинский муниципальный район,Всего по обследуемым видам экономической деятельности,2024,74550.7
76701000,Забайкальский край,Город Чита,Всего по обследуемым видам экономической деятельности,2022,64076.8
76701000,Забайкальский край,Город Чита,Всего по обследуемым видам экономической деятельности,2023,74448.0
76701000,Забайкальский край,Город Чита,Всего по обследуемым видам экономической деятельности,2024,90678.2
76702000,Забайкальский край,Поселок Агинское,Всего по обследуемым видам экономической деятельности,2022,43977.7
76702000,Забайкальский край,Поселок Агинское,Всего по обследуемым видам экономической деятельности,2023,51270.4
76702000,Забайкальский край,Поселок Агинское,Всего по обследуемым видам экономической деятельности,2024,63486.7
76715000,Забайкальский край,Город Петровск-Забайкальский,Всего по обследуемым видам экономической деятельности,2022,43084.0
76715000,Забайкальский край,Город Петровск-Забайкальский,Всего по обследуемым видам экономической деятельности,2023,49205.9
76715000,Забайкальский край,Город Петровск-Забайкальский,Всего по обследуемым видам экономической деятельности,2024,60368.9
76785000,Забайкальский край,ЗАТО поселок Горный,Всего по обследуемым видам экономической деятельности,2022,37834.2
76785000,Забайкальский край,ЗАТО поселок Горный,Всего по обследуемым видам экономической деятельности,2023,41944.0
77603000,Чукотский автономный округ,Анадырский муниципальный район,Всего по обследуемым видам экономической деятельности,2022,130268.8
77603000,Чукотский автономный округ,Анадырский муниципальный район,Всего по обследуемым видам экономической деятельности,2023,144192.2
77603000,Чукотский автономный округ,Анадырский муниципальный район,Всего по обследуемым видам экономической деятельности,2024,167493.4
77609000,Чукотский автономный округ,Билибинский муниципальный район,Всего по обследуемым видам экономической деятельности,2022,147010.0
77609000,Чукотский автономный округ,Билибинский муниципальный район,Всего по обследуемым видам экономической деятельности,2023,167549.9
77609000,Чукотский автономный округ,Билибинский муниципальный район,Всего по обследуемым видам экономической деятельности,2024,199396.5
77633000,Чукотский автономный округ,Чукотский муниципальный район,Всего по обследуемым видам экономической деятельности,2022,103599.3
77633000,Чукотский автономный округ,Чукотский муниципальный район,Всего по обследуемым видам экономической деятельности,2023,114295.9
77633000,Чукотский автономный округ,Чукотский муниципальный район,Всего по обследуемым видам экономической деятельности,2024,133540.3
77701000,Чукотский автономный округ,Анадырь,Всего по обследуемым видам экономической деятельности,2022,150006.5
77701000,Чукотский автономный округ,Анадырь,Всего по обследуемым видам экономической деятельности,2023,172300.3
77701000,Чукотский автономный округ,Анадырь,Всего по обследуемым видам экономической деятельности,2024,199856.1
77705000,Чукотский автономный округ,Певек,Всего по обследуемым видам экономической деятельности,2022,159497.7
77705000,Чукотский автономный округ,Певек,Всего по обследуемым видам экономической деятельности,2023,173596.1
77705000,Чукотский автономный округ,Певек,Всего по обследуемым видам экономической деятельности,2024,207520.9
77710000,Чукотский автономный округ,Провиденский,Всего по обследуемым видам экономической деятельности,2022,119043.9
77710000,Чукотский автономный округ,Провиденский,Всего по обследуемым видам экономической деятельности,2023,132052.2
77710000,Чукотский автономный округ,Провиденский,Всего по обследуемым видам экономической деятельности,2024,155150.9
77715000,Чукотский автономный округ,Эгвекинот,Всего по обследуемым видам экономической деятельности,2022,128684.1
77715000,Чукотский автономный округ,Эгвекинот,Всего по обследуемым видам экономической деятельности,2023,147381.6
77715000,Чукотский автономный округ,Эгвекинот,Всего по обследуемым видам экономической деятельности,2024,170752.1
78603000,Ярославская область,Большесельский муниципальный район,Всего по обследуемым видам экономической деятельности,2022,38042.8
78603000,Ярославская область,Большесельский муниципальный район,Всего по обследуемым видам экономической деятельности,2023,43034.7
78603000,Ярославская область,Большесельский муниципальный район,Всего по обследуемым видам экономической деятельности,2024,50677.7
78606000,Ярославская область,Борисоглебский муниципальный район,Всего по обследуемым видам экономической деятельности,2022,40409.6
78606000,Ярославская область,Борисоглебский муниципальный район,Всего по обследуемым видам экономической деятельности,2023,44723.5
78606000,Ярославская область,Борисоглебский муниципальный район,Всего по обследуемым видам экономической деятельности,2024,52498.4
78609000,Ярославская область,Брейтовский муниципальный район,Всего по обследуемым видам экономической деятельности,2022,34685.9
78609000,Ярославская область,Брейтовский муниципальный район,Всего по обследуемым видам экономической деятельности,2023,39488.8
78609000,Ярославская область,Брейтовский муниципальный район,Всего по обследуемым видам экономической деятельности,2024,45626.1
78612000,Ярославская область,Гаврилов-Ямский муниципальный район,Всего по обследуемым видам экономической деятельности,2022,44620.2
78612000,Ярославская область,Гаврилов-Ямский муниципальный район,Всего по обследуемым видам экономической деятельности,2023,51212.6
78612000,Ярославская область,Гаврилов-Ямский муниципальный район,Всего по обследуемым видам экономической деятельности,2024,62073.5
78615000,Ярославская область,Даниловский муниципальный район,Всего по обследуемым видам экономической деятельности,2022,40300.0
78615000,Ярославская область,Даниловский муниципальный район,Всего по обследуемым видам экономической деятельности,2023,45646.3
78615000,Ярославская область,Даниловский муниципальный район,Всего по обследуемым видам экономической деятельности,2024,54092.9
78618000,Ярославская область,Любимский муниципальный район,Всего по обследуемым видам экономической деятельности,2022,36237.6
78618000,Ярославская область,Любимский муниципальный район,Всего по обследуемым видам экономической деятельности,2023,41142.1
78618000,Ярославская область,Любимский муниципальный район,Всего по обследуемым видам экономической деятельности,2024,48998.8
78621000,Ярославская область,Мышкинский муниципальный район,Всего по обследуемым видам экономической деятельности,2022,47711.2
78621000,Ярославская область,Мышкинский муниципальный район,Всего по обследуемым видам экономической деятельности,2023,54798.5
78621000,Ярославская область,Мышкинский муниципальный район,Всего по обследуемым видам экономической деятельности,2024,62791.0
78623000,Ярославская область,Некоузский муниципальный район,Всего по обследуемым видам экономической деятельности,2022,43878.7
78623000,Ярославская область,Некоузский муниципальный район,Всего по обследуемым видам экономической деятельности,2023,50054.4
78623000,Ярославская область,Некоузский муниципальный район,Всего по обследуемым видам экономической деятельности,2024,58673.1
78626000,Ярославская область,Некрасовский муниципальный район,Всего по обследуемым видам экономической деятельности,2022,38974.7
78626000,Ярославская область,Некрасовский муниципальный район,Всего по обследуемым видам экономической деятельности,2023,46948.4
78626000,Ярославская область,Некрасовский муниципальный район,Всего по обследуемым видам экономической деятельности,2024,55614.7
78629000,Ярославская область,Первомайский муниципальный район,Всего по обследуемым видам экономической деятельности,2022,36340.0
78629000,Ярославская область,Первомайский муниципальный район,Всего по обследуемым видам экономической деятельности,2023,42075.5
78629000,Ярославская область,Первомайский муниципальный район,Всего по обследуемым видам экономической деятельности,2024,50142.8
78634000,Ярославская область,Пошехонский муниципальный район,Всего по обследуемым видам экономической деятельности,2022,33601.4
78634000,Ярославская область,Пошехонский муниципальный район,Всего по обследуемым видам экономической деятельности,2023,37624.2
78634000,Ярославская область,Пошехонский муниципальный район,Всего по обследуемым видам экономической деятельности,2024,45040.6
78637000,Ярославская область,Ростовский муниципальный район,Всего по обследуемым видам экономической деятельности,2022,42035.5
78637000,Ярославская область,Ростовский муниципальный район,Всего по обследуемым видам экономической деятельности,2023,48988.0
78637000,Ярославская область,Ростовский муниципальный район,Всего по обследуемым видам экономической деятельности,2024,59404.8
78640000,Ярославская область,Рыбинский муниципальный район,Всего по обследуемым видам экономической деятельности,2022,46832.1
78640000,Ярославская область,Рыбинский муниципальный район,Всего по обследуемым видам экономической деятельности,2023,56190.1
78640000,Ярославская область,Рыбинский муниципальный район,Всего по обследуемым видам экономической деятельности,2024,68584.3
78643000,Ярославская область,Тутаевский муниципальный район,Всего по обследуемым видам экономической деятельности,2022,40772.4
78643000,Ярославская область,Тутаевский муниципальный район,Всего по обследуемым видам экономической деятельности,2023,46527.4
78643000,Ярославская область,Тутаевский муниципальный район,Всего по обследуемым видам экономической деятельности,2024,57575.9
78646000,Ярославская область,Угличский муниципальный район,Всего по обследуемым видам экономической деятельности,2022,41628.7
78646000,Ярославская область,Угличский муниципальный район,Всего по обследуемым видам экономической деятельности,2023,48202.8
78646000,Ярославская область,Угличский муниципальный район,Всего по обследуемым видам экономической деятельности,2024,57746.0
78650000,Ярославская область,Ярославский муниципальный район,Всего по обследуемым видам экономической деятельности,2022,55141.4
78650000,Ярославская область,Ярославский муниципальный район,Всего по обследуемым видам экономической деятельности,2023,63743.2
78650000,Ярославская область,Ярославский муниципальный район,Всего по обследуемым видам экономической деятельности,2024,77400.4
78701000,Ярославская область,Город Ярославль,Всего по обследуемым видам экономической деятельности,2022,56175.5
78701000,Ярославская область,Город Ярославль,Всего по обследуемым видам экономической деятельности,2023,64884.4
78701000,Ярославская область,Город Ярославль,Всего по обследуемым видам экономической деятельности,2024,76713.9
78705000,Ярославская область,Город Переславль-Залесский,Всего по обследуемым видам экономической деятельности,2022,46860.7
78705000,Ярославская область,Город Переславль-Залесский,Всего по обследуемым видам экономической деятельности,2023,54237.6
78705000,Ярославская область,Город Переславль-Залесский,Всего по обследуемым видам экономической деятельности,2024,65925.5
78715000,Ярославская область,Город Рыбинск,Всего по обследуемым видам экономической деятельности,2022,51148.8
78715000,Ярославская область,Город Рыбинск,Всего по обследуемым видам экономической деятельности,2023,61251.8
78715000,Ярославская область,Город Рыбинск,Всего по обследуемым видам экономической деятельности,2024,72473.2
79605000,Республика Адыгея,Гиагинский муниципальный район,Всего по обследуемым видам экономической деятельности,2022,42142.1
79605000,Республика Адыгея,Гиагинский муниципальный район,Всего по обследуемым видам экономической деятельности,2023,46265.2
79605000,Республика Адыгея,Гиагинский муниципальный район,Всего по обследуемым видам экономической деятельности,2024,54547.7
79615000,Республика Адыгея,Кошехабльский муниципальный район,Всего по обследуемым видам экономической деятельности,2022,38300.5
79615000,Республика Адыгея,Кошехабльский муниципальный район,Всего по обследуемым видам экономической деятельности,2023,42959.7
79615000,Республика Адыгея,Кошехабльский муниципальный район,Всего по обследуемым видам экономической деятельности,2024,51262.1
79618000,Республика Адыгея,Красногвардейский муниципальный район,Всего по обследуемым видам экономической деятельности,2022,37963.5
79618000,Республика Адыгея,Красногвардейский муниципальный район,Всего по обследуемым видам экономической деятельности,2023,41495.8
79618000,Республика Адыгея,Красногвардейский муниципальный район,Всего по обследуемым видам экономической деятельности,2024,48849.1
79622000,Республика Адыгея,Майкопский муниципальный район,Всего по обследуемым видам экономической деятельности,2022,36576.5
79622000,Республика Адыгея,Майкопский муниципальный район,Всего по обследуемым видам экономической деятельности,2023,41518.0
79622000,Республика Адыгея,Майкопский муниципальный район,Всего по обследуемым видам экономической деятельности,2024,47965.8
79630000,Республика Адыгея,Тахтамукайский муниципальный район,Всего по обследуемым видам экономической деятельности,2022,50344.8
79630000,Республика Адыгея,Тахтамукайский муниципальный район,Всего по обследуемым видам экономической деятельности,2023,59636.3
79630000,Республика Адыгея,Тахтамукайский муниципальный район,Всего по обследуемым видам экономической деятельности,2024,75708.3
79633000,Республика Адыгея,Теучежский муниципальный район,Всего по обследуемым видам экономической деятельности,2022,44023.1
79633000,Республика Адыгея,Теучежский муниципальный район,Всего по обследуемым видам экономической деятельности,2023,54998.2
79633000,Республика Адыгея,Теучежский муниципальный район,Всего по обследуемым видам экономической деятельности,2024,74168.0
79640000,Республика Адыгея,Шовгеновский муниципальный район,Всего по обследуемым видам экономической деятельности,2022,33089.0
79640000,Республика Адыгея,Шовгеновский муниципальный район,Всего по обследуемым видам экономической деятельности,2023,36231.4
79640000,Республика Адыгея,Шовгеновский муниципальный район,Всего по обследуемым видам экономической деятельности,2024,42776.6
79701000,Республика Адыгея,Город Майкоп,Всего по обследуемым видам экономической деятельности,2022,42264.3
79701000,Республика Адыгея,Город Майкоп,Всего по обследуемым видам экономической деятельности,2023,48392.4
79701000,Республика Адыгея,Город Майкоп,Всего по обследуемым видам экономической деятельности,2024,57440.5
79703000,Республика Адыгея,Город Адыгейск,Всего по обследуемым видам экономической деятельности,2022,34132.1
79703000,Республика Адыгея,Город Адыгейск,Всего по обследуемым видам экономической деятельности,2023,38846.2
79703000,Республика Адыгея,Город Адыгейск,Всего по обследуемым видам экономической деятельности,2024,47407.2
80601000,Республика Башкортостан,Абзелиловский муниципальный район,Всего по обследуемым видам экономической деятельности,2022,39595.8
80601000,Республика Башкортостан,Абзелиловский муниципальный район,Всего по обследуемым видам экономической деятельности,2023,44246.5
80601000,Республика Башкортостан,Абзелиловский муниципальный район,Всего по обследуемым видам экономической деятельности,2024,52673.4
80602000,Республика Башкортостан,Альшеевский муниципальный район,Всего по обследуемым видам экономической деятельности,2022,44329.7
80602000,Республика Башкортостан,Альшеевский муниципальный район,Всего по обследуемым видам экономической деятельности,2023,49972.5
80602000,Республика Башкортостан,Альшеевский муниципальный район,Всего по обследуемым видам экономической деятельности,2024,60609.4
80603000,Республика Башкортостан,Архангельский муниципальный район,Всего по обследуемым видам экономической деятельности,2022,36108.9
80603000,Республика Башкортостан,Архангельский муниципальный район,Всего по обследуемым видам экономической деятельности,2023,39743.9
80603000,Республика Башкортостан,Архангельский муниципальный район,Всего по обследуемым видам экономической деятельности,2024,46871.6
80604000,Республика Башкортостан,Аскинский муниципальный район,Всего по обследуемым видам экономической деятельности,2022,35111.3
80604000,Республика Башкортостан,Аскинский муниципальный район,Всего по обследуемым видам экономической деятельности,2023,39011.0
80604000,Республика Башкортостан,Аскинский муниципальный район,Всего по обследуемым видам экономической деятельности,2024,47944.1
80605000,Республика Башкортостан,Аургазинский муниципальный район,Всего по обследуемым видам экономической деятельности,2022,34288.9
80605000,Республика Башкортостан,Аургазинский муниципальный район,Всего по обследуемым видам экономической деятельности,2023,39343.2
80605000,Республика Башкортостан,Аургазинский муниципальный район,Всего по обследуемым видам экономической деятельности,2024,47303.5
80606000,Республика Башкортостан,Баймакский муниципальный район,Всего по обследуемым видам экономической деятельности,2022,38452.3
80606000,Республика Башкортостан,Баймакский муниципальный район,Всего по обследуемым видам экономической деятельности,2023,41846.8
80606000,Республика Башкортостан,Баймакский муниципальный район,Всего по обследуемым видам экономической деятельности,2024,47395.4
80607000,Республика Башкортостан,Бакалинский муниципальный район,Всего по обследуемым видам экономической деятельности,2022,34095.6
80607000,Республика Башкортостан,Бакалинский муниципальный район,Всего по обследуемым видам экономической деятельности,2023,36516.4
80607000,Республика Башкортостан,Бакалинский муниципальный район,Всего по обследуемым видам экономической деятельности,2024,43414.8
80608000,Республика Башкортостан,Балтачевский муниципальный район,Всего по обследуемым видам экономической деятельности,2022,34901.1
80608000,Республика Башкортостан,Балтачевский муниципальный район,Всего по обследуемым видам экономической деятельности,2023,38840.2
80608000,Республика Башкортостан,Балтачевский муниципальный район,Всего по обследуемым видам экономической деятельности,2024,45217.8
80609000,Республика Башкортостан,Белебеевский муниципальный район,Всего по обследуемым видам экономической деятельности,2022,42454.3
80609000,Республика Башкортостан,Белебеевский муниципальный район,Всего по обследуемым видам экономической деятельности,2023,48823.1
80609000,Республика Башкортостан,Белебеевский муниципальный район,Всего по обследуемым видам экономической деятельности,2024,58297.8
80610000,Республика Башкортостан,Белокатайский муниципальный район,Всего по обследуемым видам экономической деятельности,2022,39405.2
80610000,Республика Башкортостан,Белокатайский муниципальный район,Всего по обследуемым видам экономической деятельности,2023,44607.1
80610000,Республика Башкортостан,Белокатайский муниципальный район,Всего по обследуемым видам экономической деятельности,2024,50585.9
80611000,Республика Башкортостан,Белорецкий муниципальный район,Всего по обследуемым видам экономической деятельности,2022,42132.4
80611000,Республика Башкортостан,Белорецкий муниципальный район,Всего по обследуемым видам экономической деятельности,2023,47596.9
80611000,Республика Башкортостан,Белорецкий муниципальный район,Всего по обследуемым видам экономической деятельности,2024,57286.0
80612000,Республика Башкортостан,Бижбулякский муниципальный район,Всего по обследуемым видам экономической деятельности,2022,38392.2
80612000,Республика Башкортостан,Бижбулякский муниципальный район,Всего по обследуемым видам экономической деятельности,2023,43065.6
80612000,Республика Башкортостан,Бижбулякский муниципальный район,Всего по обследуемым видам экономической деятельности,2024,50782.7
80613000,Республика Башкортостан,Бирский муниципальный район,Всего по обследуемым видам экономической деятельности,2022,39351.8
80613000,Республика Башкортостан,Бирский муниципальный район,Всего по обследуемым видам экономической деятельности,2023,44085.0
80613000,Республика Башкортостан,Бирский муниципальный район,Всего по обследуемым видам экономической деятельности,2024,50586.9
80614000,Республика Башкортостан,Благоварский муниципальный район,Всего по обследуемым видам экономической деятельности,2022,42746.0
80614000,Республика Башкортостан,Благоварский муниципальный район,Всего по обследуемым видам экономической деятельности,2023,47919.5
80614000,Республика Башкортостан,Благоварский муниципальный район,Всего по обследуемым видам экономической деятельности,2024,57138.2
80615000,Республика Башкортостан,Благовещенский муниципальный район,Всего по обследуемым видам экономической деятельности,2022,54197.1
80615000,Республика Башкортостан,Благовещенский муниципальный район,Всего по обследуемым видам экономической деятельности,2023,63283.9
80615000,Республика Башкортостан,Благовещенский муниципальный район,Всего по обследуемым видам экономической деятельности,2024,75715.0
80617000,Республика Башкортостан,Буздякский муниципальный район,Всего по обследуемым видам экономической деятельности,2022,41080.5
80617000,Республика Башкортостан,Буздякский муниципальный район,Всего по обследуемым видам экономической деятельности,2023,44487.9
80617000,Республика Башкортостан,Буздякский муниципальный район,Всего по обследуемым видам экономической деятельности,2024,52308.9
80618000,Республика Башкортостан,Бураевский муниципальный район,Всего по обследуемым видам экономической деятельности,2022,35712.6
80618000,Республика Башкортостан,Бураевский муниципальный район,Всего по обследуемым видам экономической деятельности,2023,50689.0
80618000,Республика Башкортостан,Бураевский муниципальный район,Всего по обследуемым видам экономической деятельности,2024,71323.4
80619000,Республика Башкортостан,Бурзянский муниципальный район,Всего по обследуемым видам экономической деятельности,2022,30419.7
80619000,Республика Башкортостан,Бурзянский муниципальный район,Всего по обследуемым видам экономической деятельности,2023,33865.9
80619000,Республика Башкортостан,Бурзянский муниципальный район,Всего по обследуемым видам экономической деятельности,2024,37911.8
80621000,Республика Башкортостан,Гафурийский муниципальный район,Всего по обследуемым видам экономической деятельности,2022,36082.4
80621000,Республика Башкортостан,Гафурийский муниципальный район,Всего по обследуемым видам экономической деятельности,2023,40742.2
80621000,Республика Башкортостан,Гафурийский муниципальный район,Всего по обследуемым видам экономической деятельности,2024,48074.0
80622000,Республика Башкортостан,Давлекановский муниципальный район,Всего по обследуемым видам экономической деятельности,2022,34455.3
80622000,Республика Башкортостан,Давлекановский муниципальный район,Всего по обследуемым видам экономической деятельности,2023,41173.8
80622000,Республика Башкортостан,Давлекановский муниципальный район,Всего по обследуемым видам экономической деятельности,2024,49262.3
80623000,Республика Башкортостан,Дуванский муниципальный район,Всего по обследуемым видам экономической деятельности,2022,38767.7
80623000,Республика Башкортостан,Дуванский муниципальный район,Всего по обследуемым видам экономической деятельности,2023,42654.9
80623000,Республика Башкортостан,Дуванский муниципальный район,Всего по обследуемым видам экономической деятельности,2024,51092.4
80624000,Республика Башкортостан,Дюртюлинский муниципальный район,Всего по обследуемым видам экономической деятельности,2022,41875.7
80624000,Республика Башкортостан,Дюртюлинский муниципальный район,Всего по обследуемым видам экономической деятельности,2023,47327.5
80624000,Республика Башкортостан,Дюртюлинский муниципальный район,Всего по обследуемым видам экономической деятельности,2024,56946.4
80625000,Республика Башкортостан,Ермекеевский муниципальный район,Всего по обследуемым видам экономической деятельности,2022,42634.2
80625000,Республика Башкортостан,Ермекеевский муниципальный район,Всего по обследуемым видам экономической деятельности,2023,47724.5
80625000,Республика Башкортостан,Ермекеевский муниципальный район,Всего по обследуемым видам экономической деятельности,2024,56981.8
80626000,Республика Башкортостан,Зианчуринский муниципальный район,Всего по обследуемым видам экономической деятельности,2022,34347.0
80626000,Республика Башкортостан,Зианчуринский муниципальный район,Всего по обследуемым видам экономической деятельности,2023,37709.7
80626000,Республика Башкортостан,Зианчуринский муниципальный район,Всего по обследуемым видам экономической деятельности,2024,43741.2
80627000,Республика Башкортостан,Зилаирский муниципальный район,Всего по обследуемым видам экономической деятельности,2022,35357.2
80627000,Республика Башкортостан,Зилаирский муниципальный район,Всего по обследуемым видам экономической деятельности,2023,39035.0
80627000,Республика Башкортостан,Зилаирский муниципальный район,Всего по обследуемым видам экономической деятельности,2024,45957.4
80628000,Республика Башкортостан,Иглинский муниципальный район,Всего по обследуемым видам экономической деятельности,2022,49900.9
80628000,Республика Башкортостан,Иглинский муниципальный район,Всего по обследуемым видам экономической деятельности,2023,58344.2
80628000,Республика Башкортостан,Иглинский муниципальный район,Всего по обследуемым видам экономической деятельности,2024,63419.6
80630000,Республика Башкортостан,Илишевский муниципальный район,Всего по обследуемым видам экономической деятельности,2022,37956.7
80630000,Республика Башкортостан,Илишевский муниципальный район,Всего по обследуемым видам экономической деятельности,2023,48642.8
80630000,Республика Башкортостан,Илишевский муниципальный район,Всего по обследуемым видам экономической деятельности,2024,62935.4
80631000,Республика Башкортостан,Ишимбайский муниципальный район,Всего по обследуемым видам экономической деятельности,2022,43885.6
80631000,Республика Башкортостан,Ишимбайский муниципальный район,Всего по обследуемым видам экономической деятельности,2023,51750.7
80631000,Республика Башкортостан,Ишимбайский муниципальный район,Всего по обследуемым видам экономической деятельности,2024,62428.7
80633000,Республика Башкортостан,Калтасинский муниципальный район,Всего по обследуемым видам экономической деятельности,2022,50209.7
80633000,Республика Башкортостан,Калтасинский муниципальный район,Всего по обследуемым видам экономической деятельности,2023,56027.3
80633000,Республика Башкортостан,Калтасинский муниципальный район,Всего по обследуемым видам экономической деятельности,2024,66702.3
80634000,Республика Башкортостан,Караидельский муниципальный район,Всего по обследуемым видам экономической деятельности,2022,34809.5
80634000,Республика Башкортостан,Караидельский муниципальный район,Всего по обследуемым видам экономической деятельности,2023,38210.7
80634000,Республика Башкортостан,Караидельский муниципальный район,Всего по обследуемым видам экономической деятельности,2024,44545.4
80635000,Республика Башкортостан,Кармаскалинский муниципальный район,Всего по обследуемым видам экономической деятельности,2022,42855.1
80635000,Республика Башкортостан,Кармаскалинский муниципальный район,Всего по обследуемым видам экономической деятельности,2023,47363.8
80635000,Республика Башкортостан,Кармаскалинский муниципальный район,Всего по обследуемым видам экономической деятельности,2024,55837.1
80636000,Республика Башкортостан,Кигинский муниципальный район,Всего по обследуемым видам экономической деятельности,2022,34070.5
80636000,Республика Башкортостан,Кигинский муниципальный район,Всего по обследуемым видам экономической деятельности,2023,38004.0
80636000,Республика Башкортостан,Кигинский муниципальный район,Всего по обследуемым видам экономической деятельности,2024,43959.4
80637000,Республика Башкортостан,Краснокамский муниципальный район,Всего по обследуемым видам экономической деятельности,2022,45802.5
80637000,Республика Башкортостан,Краснокамский муниципальный район,Всего по обследуемым видам экономической деятельности,2023,52085.5
80637000,Республика Башкортостан,Краснокамский муниципальный район,Всего по обследуемым видам экономической деятельности,2024,64901.0
80638000,Республика Башкортостан,Кугарчинский муниципальный район,Всего по обследуемым видам экономической деятельности,2022,37006.2
80638000,Республика Башкортостан,Кугарчинский муниципальный район,Всего по обследуемым видам экономической деятельности,2023,40524.2
80638000,Республика Башкортостан,Кугарчинский муниципальный район,Всего по обследуемым видам экономической деятельности,2024,47305.4
80639000,Республика Башкортостан,Куюргазинский муниципальный район,Всего по обследуемым видам экономической деятельности,2022,46730.6
80639000,Республика Башкортостан,Куюргазинский муниципальный район,Всего по обследуемым видам экономической деятельности,2023,52736.2
80639000,Республика Башкортостан,Куюргазинский муниципальный район,Всего по обследуемым видам экономической деятельности,2024,59356.6
80640000,Республика Башкортостан,Кушнаренковский муниципальный район,Всего по обследуемым видам экономической деятельности,2022,37316.2
80640000,Республика Башкортостан,Кушнаренковский муниципальный район,Всего по обследуемым видам экономической деятельности,2023,42360.9
80640000,Республика Башкортостан,Кушнаренковский муниципальный район,Всего по обследуемым видам экономической деятельности,2024,50295.3
80641000,Республика Башкортостан,Мелеузовский муниципальный район,Всего по обследуемым видам экономической деятельности,2022,40060.8
80641000,Республика Башкортостан,Мелеузовский муниципальный район,Всего по обследуемым видам экономической деятельности,2023,45833.6
80641000,Республика Башкортостан,Мелеузовский муниципальный район,Всего по обследуемым видам экономической деятельности,2024,54630.9
80642000,Республика Башкортостан,Мечетлинский муниципальный район,Всего по обследуемым видам экономической деятельности,2022,34669.1
80642000,Республика Башкортостан,Мечетлинский муниципальный район,Всего по обследуемым видам экономической деятельности,2023,37982.4
80642000,Республика Башкортостан,Мечетлинский муниципальный район,Всего по обследуемым видам экономической деятельности,2024,45561.3
80643000,Республика Башкортостан,Мишкинский муниципальный район,Всего по обследуемым видам экономической деятельности,2022,35245.6
80643000,Республика Башкортостан,Мишкинский муниципальный район,Всего по обследуемым видам экономической деятельности,2023,37720.9
80643000,Республика Башкортостан,Мишкинский муниципальный район,Всего по обследуемым видам экономической деятельности,2024,45268.6
80644000,Республика Башкортостан,Миякинский муниципальный район,Всего по обследуемым видам экономической деятельности,2022,36107.1
80644000,Республика Башкортостан,Миякинский муниципальный район,Всего по обследуемым видам экономической деятельности,2023,39776.9
80644000,Республика Башкортостан,Миякинский муниципальный район,Всего по обследуемым видам экономической деятельности,2024,47598.1
80645000,Республика Башкортостан,Нуримановский муниципальный район,Всего по обследуемым видам экономической деятельности,2022,34404.2
80645000,Республика Башкортостан,Нуримановский муниципальный район,Всего по обследуемым видам экономической деятельности,2023,38525.2
80645000,Республика Башкортостан,Нуримановский муниципальный район,Всего по обследуемым видам экономической деятельности,2024,45435.8
80647000,Республика Башкортостан,Салаватский муниципальный район,Всего по обследуемым видам экономической деятельности,2022,38644.3
80647000,Республика Башкортостан,Салаватский муниципальный район,Всего по обследуемым видам экономической деятельности,2023,44118.4
80647000,Республика Башкортостан,Салаватский муниципальный район,Всего по обследуемым видам экономической деятельности,2024,51691.7
80648000,Республика Башкортостан,Стерлибашевский муниципальный район,Всего по обследуемым видам экономической деятельности,2022,34356.5
80648000,Республика Башкортостан,Стерлибашевский муниципальный район,Всего по обследуемым видам экономической деятельности,2023,37850.1
80648000,Республика Башкортостан,Стерлибашевский муниципальный район,Всего по обследуемым видам экономической деятельности,2024,42737.0
80649000,Республика Башкортостан,Стерлитамакский муниципальный район,Всего по обследуемым видам экономической деятельности,2022,46181.6
80649000,Республика Башкортостан,Стерлитамакский муниципальный район,Всего по обследуемым видам экономической деятельности,2023,52440.3
80649000,Республика Башкортостан,Стерлитамакский муниципальный район,Всего по обследуемым видам экономической деятельности,2024,57412.3
80650000,Республика Башкортостан,Татышлинский муниципальный район,Всего по обследуемым видам экономической деятельности,2022,37611.8
80650000,Республика Башкортостан,Татышлинский муниципальный район,Всего по обследуемым видам экономической деятельности,2023,55593.5
80650000,Республика Башкортостан,Татышлинский муниципальный район,Всего по обследуемым видам экономической деятельности,2024,72519.4
80651000,Республика Башкортостан,Туймазинский муниципальный район,Всего по обследуемым видам экономической деятельности,2022,45342.1
80651000,Республика Башкортостан,Туймазинский муниципальный район,Всего по обследуемым видам экономической деятельности,2023,52135.3
80651000,Республика Башкортостан,Туймазинский муниципальный район,Всего по обследуемым видам экономической деятельности,2024,61257.3
80652000,Республика Башкортостан,Уфимский муниципальный район,Всего по обследуемым видам экономической деятельности,2022,63992.9
80652000,Республика Башкортостан,Уфимский муниципальный район,Всего по обследуемым видам экономической деятельности,2023,75139.9
80652000,Республика Башкортостан,Уфимский муниципальный район,Всего по обследуемым видам экономической деятельности,2024,90380.8
80653000,Республика Башкортостан,Учалинский муниципальный район,Всего по обследуемым видам экономической деятельности,2022,54632.3
80653000,Республика Башкортостан,Учалинский муниципальный район,Всего по обследуемым видам экономической деятельности,2023,66721.0
80653000,Республика Башкортостан,Учалинский муниципальный район,Всего по обследуемым видам экономической деятельности,2024,81713.4
80654000,Республика Башкортостан,Федоровский муниципальный район,Всего по обследуемым видам экономической деятельности,2022,35031.6
80654000,Республика Башкортостан,Федоровский муниципальный район,Всего по обследуемым видам экономической деятельности,2023,38427.2
80654000,Республика Башкортостан,Федоровский муниципальный район,Всего по обследуемым видам экономической деятельности,2024,45108.6
80655000,Республика Башкортостан,Хайбуллинский муниципальный район,Всего по обследуемым видам экономической деятельности,2022,55736.1
80655000,Республика Башкортостан,Хайбуллинский муниципальный район,Всего по обследуемым видам экономической деятельности,2023,66694.5
80655000,Республика Башкортостан,Хайбуллинский муниципальный район,Всего по обследуемым видам экономической деятельности,2024,79129.2
80656000,Республика Башкортостан,Чекмагушевский муниципальный район,Всего по обследуемым видам экономической деятельности,2022,40741.1
80656000,Республика Башкортостан,Чекмагушевский муниципальный район,Всего по обследуемым видам экономической деятельности,2023,46491.6
80656000,Республика Башкортостан,Чекмагушевский муниципальный район,Всего по обследуемым видам экономической деятельности,2024,54175.5
80657000,Республика Башкортостан,Чишминский муниципальный район,Всего по обследуемым видам экономической деятельности,2022,45842.8
80657000,Республика Башкортостан,Чишминский муниципальный район,Всего по обследуемым видам экономической деятельности,2023,51743.4
80657000,Республика Башкортостан,Чишминский муниципальный район,Всего по обследуемым видам экономической деятельности,2024,61702.3
80658000,Республика Башкортостан,Шаранский муниципальный район,Всего по обследуемым видам экономической деятельности,2022,42044.4
80658000,Республика Башкортостан,Шаранский муниципальный район,Всего по обследуемым видам экономической деятельности,2023,47140.2
80658000,Республика Башкортостан,Шаранский муниципальный район,Всего по обследуемым видам экономической деятельности,2024,54072.2
80659000,Республика Башкортостан,Янаульский муниципальный район,Всего по обследуемым видам экономической деятельности,2022,42028.1
80659000,Республика Башкортостан,Янаульский муниципальный район,Всего по обследуемым видам экономической деятельности,2023,49617.3
80659000,Республика Башкортостан,Янаульский муниципальный район,Всего по обследуемым видам экономической деятельности,2024,62296.6
80701000,Республика Башкортостан,Город Уфа,Всего по обследуемым видам экономической деятельности,2022,64628.9
80701000,Республика Башкортостан,Город Уфа,Всего по обследуемым видам экономической деятельности,2023,74150.2
80701000,Республика Башкортостан,Город Уфа,Всего по обследуемым видам экономической деятельности,2024,87313.0
80703000,Республика Башкортостан,Город Агидель,Всего по обследуемым видам экономической деятельности,2022,44817.0
80703000,Республика Башкортостан,Город Агидель,Всего по обследуемым видам экономической деятельности,2023,51380.7
80703000,Республика Башкортостан,Город Агидель,Всего по обследуемым видам экономической деятельности,2024,63802.6
80707000,Республика Башкортостан,ЗАТО город Межгорье,Всего по обследуемым видам экономической деятельности,2022,68749.3
80707000,Республика Башкортостан,ЗАТО город Межгорье,Всего по обследуемым видам экономической деятельности,2023,76707.3
80723000,Республика Башкортостан,Город Кумертау,Всего по обследуемым видам экономической деятельности,2022,41682.4
80723000,Республика Башкортостан,Город Кумертау,Всего по обследуемым видам экономической деятельности,2023,48318.0
80723000,Республика Башкортостан,Город Кумертау,Всего по обследуемым видам экономической деятельности,2024,60446.9
80727000,Республика Башкортостан,Город Нефтекамск,Всего по обследуемым видам экономической деятельности,2022,46713.2
80727000,Республика Башкортостан,Город Нефтекамск,Всего по обследуемым видам экономической деятельности,2023,54362.1
80727000,Республика Башкортостан,Город Нефтекамск,Всего по обследуемым видам экономической деятельности,2024,63974.7
80735000,Республика Башкортостан,Город Октябрьский,Всего по обследуемым видам экономической деятельности,2022,48394.7
80735000,Республика Башкортостан,Город Октябрьский,Всего по обследуемым видам экономической деятельности,2023,56632.7
80735000,Республика Башкортостан,Город Октябрьский,Всего по обследуемым видам экономической деятельности,2024,68419.2
80739000,Республика Башкортостан,Город Салават,Всего по обследуемым видам экономической деятельности,2022,57154.2
80739000,Республика Башкортостан,Город Салават,Всего по обследуемым видам экономической деятельности,2023,62465.8
80739000,Республика Башкортостан,Город Салават,Всего по обследуемым видам экономической деятельности,2024,73747.8
80743000,Республика Башкортостан,Город Сибай,Всего по обследуемым видам экономической деятельности,2022,43257.6
80743000,Республика Башкортостан,Город Сибай,Всего по обследуемым видам экономической деятельности,2023,48111.3
80743000,Республика Башкортостан,Город Сибай,Всего по обследуемым видам экономической деятельности,2024,56023.4
80745000,Республика Башкортостан,Город Стерлитамак,Всего по обследуемым видам экономической деятельности,2022,47267.0
80745000,Республика Башкортостан,Город Стерлитамак,Всего по обследуемым видам экономической деятельности,2023,54143.4
80745000,Республика Башкортостан,Город Стерлитамак,Всего по обследуемым видам экономической деятельности,2024,65443.6
81603000,Республика Бурятия,Баргузинский муниципальный район,Всего по обследуемым видам экономической деятельности,2022,45755.8
81603000,Республика Бурятия,Баргузинский муниципальный район,Всего по обследуемым видам экономической деятельности,2023,53049.0
81603000,Республика Бурятия,Баргузинский муниципальный район,Всего по обследуемым видам экономической деятельности,2024,58586.3
81606000,Республика Бурятия,Баунтовский эвенкийский муниципальный район,Всего по обследуемым видам экономической деятельности,2022,83113.7
81606000,Республика Бурятия,Баунтовский эвенкийский муниципальный район,Всего по обследуемым видам экономической деятельности,2023,93706.8
81606000,Республика Бурятия,Баунтовский эвенкийский муниципальный район,Всего по обследуемым видам экономической деятельности,2024,115788.5
81609000,Республика Бурятия,Бичурский муниципальный район,Всего по обследуемым видам экономической деятельности,2022,50764.6
81609000,Республика Бурятия,Бичурский муниципальный район,Всего по обследуемым видам экономической деятельности,2023,58290.0
81609000,Республика Бурятия,Бичурский муниципальный район,Всего по обследуемым видам экономической деятельности,2024,69334.3
81612000,Республика Бурятия,Джидинский муниципальный район,Всего по обследуемым видам экономической деятельности,2022,40250.1
81612000,Республика Бурятия,Джидинский муниципальный район,Всего по обследуемым видам экономической деятельности,2023,44468.2
81612000,Республика Бурятия,Джидинский муниципальный район,Всего по обследуемым видам экономической деятельности,2024,52038.8
81615000,Республика Бурятия,Еравнинский муниципальный район,Всего по обследуемым видам экономической деятельности,2022,80129.9
81615000,Республика Бурятия,Еравнинский муниципальный район,Всего по обследуемым видам экономической деятельности,2023,91629.6
81615000,Республика Бурятия,Еравнинский муниципальный район,Всего по обследуемым видам экономической деятельности,2024,112586.5
81618000,Республика Бурятия,Заиграевский муниципальный район,Всего по обследуемым видам экономической деятельности,2022,47342.6
81618000,Республика Бурятия,Заиграевский муниципальный район,Всего по обследуемым видам экономической деятельности,2023,53638.8
81618000,Республика Бурятия,Заиграевский муниципальный район,Всего по обследуемым видам экономической деятельности,2024,62641.5
81621000,Республика Бурятия,Закаменский муниципальный район,Всего по обследуемым видам экономической деятельности,2022,37682.7
81621000,Республика Бурятия,Закаменский муниципальный район,Всего по обследуемым видам экономической деятельности,2023,41491.5
81621000,Республика Бурятия,Закаменский муниципальный район,Всего по обследуемым видам экономической деятельности,2024,47674.7
81622000,Республика Бурятия,Иволгинский муниципальный район,Всего по обследуемым видам экономической деятельности,2022,44470.6
81622000,Республика Бурятия,Иволгинский муниципальный район,Всего по обследуемым видам экономической деятельности,2023,49756.5
81622000,Республика Бурятия,Иволгинский муниципальный район,Всего по обследуемым видам экономической деятельности,2024,57922.7
81624000,Республика Бурятия,Кабанский муниципальный район,Всего по обследуемым видам экономической деятельности,2022,46975.4
81624000,Республика Бурятия,Кабанский муниципальный район,Всего по обследуемым видам экономической деятельности,2023,53175.4
81624000,Республика Бурятия,Кабанский муниципальный район,Всего по обследуемым видам экономической деятельности,2024,62687.6
81627000,Республика Бурятия,Кижингинский муниципальный район,Всего по обследуемым видам экономической деятельности,2022,38450.3
81627000,Республика Бурятия,Кижингинский муниципальный район,Всего по обследуемым видам экономической деятельности,2023,43985.8
81627000,Республика Бурятия,Кижингинский муниципальный район,Всего по обследуемым видам экономической деятельности,2024,50322.7
81630000,Республика Бурятия,Курумканский муниципальный район,Всего по обследуемым видам экономической деятельности,2022,47311.1
81630000,Республика Бурятия,Курумканский муниципальный район,Всего по обследуемым видам экономической деятельности,2023,51903.8
81630000,Республика Бурятия,Курумканский муниципальный район,Всего по обследуемым видам экономической деятельности,2024,60544.8
81633000,Республика Бурятия,Кяхтинский муниципальный район,Всего по обследуемым видам экономической деятельности,2022,43322.3
81633000,Республика Бурятия,Кяхтинский муниципальный район,Всего по обследуемым видам экономической деятельности,2023,49243.1
81633000,Республика Бурятия,Кяхтинский муниципальный район,Всего по обследуемым видам экономической деятельности,2024,60799.6
81635000,Республика Бурятия,Муйский муниципальный район,Всего по обследуемым видам экономической деятельности,2022,104253.3
81635000,Республика Бурятия,Муйский муниципальный район,Всего по обследуемым видам экономической деятельности,2023,115575.8
81635000,Республика Бурятия,Муйский муниципальный район,Всего по обследуемым видам экономической деятельности,2024,135925.1
81636000,Республика Бурятия,Мухоршибирский муниципальный район,Всего по обследуемым видам экономической деятельности,2022,57732.0
81636000,Республика Бурятия,Мухоршибирский муниципальный район,Всего по обследуемым видам экономической деятельности,2023,65998.1
81636000,Республика Бурятия,Мухоршибирский муниципальный район,Всего по обследуемым видам экономической деятельности,2024,78466.8
81639000,Республика Бурятия,Окинский муниципальный район,Всего по обследуемым видам экономической деятельности,2022,70396.3
81639000,Республика Бурятия,Окинский муниципальный район,Всего по обследуемым видам экономической деятельности,2023,78084.2
81639000,Республика Бурятия,Окинский муниципальный район,Всего по обследуемым видам экономической деятельности,2024,90079.6
81642000,Республика Бурятия,Прибайкальский муниципальный район,Всего по обследуемым видам экономической деятельности,2022,43837.6
81642000,Республика Бурятия,Прибайкальский муниципальный район,Всего по обследуемым видам экономической деятельности,2023,49484.4
81642000,Республика Бурятия,Прибайкальский муниципальный район,Всего по обследуемым видам экономической деятельности,2024,59712.6
81645000,Республика Бурятия,Северо-Байкальский муниципальный район,Всего по обследуемым видам экономической деятельности,2022,84480.6
81645000,Республика Бурятия,Северо-Байкальский муниципальный район,Всего по обследуемым видам экономической деятельности,2023,96525.9
81645000,Республика Бурятия,Северо-Байкальский муниципальный район,Всего по обследуемым видам экономической деятельности,2024,109845.1
81648000,Республика Бурятия,Селенгинский муниципальный район,Всего по обследуемым видам экономической деятельности,2022,52721.0
81648000,Республика Бурятия,Селенгинский муниципальный район,Всего по обследуемым видам экономической деятельности,2023,60193.5
81648000,Республика Бурятия,Селенгинский муниципальный район,Всего по обследуемым видам экономической деятельности,2024,71174.6
81650000,Республика Бурятия,Тарбагатайский муниципальный район,Всего по обследуемым видам экономической деятельности,2022,42986.0
81650000,Республика Бурятия,Тарбагатайский муниципальный район,Всего по обследуемым видам экономической деятельности,2023,48190.2
81650000,Республика Бурятия,Тарбагатайский муниципальный район,Всего по обследуемым видам экономической деятельности,2024,56676.4
81651000,Республика Бурятия,Тункинский муниципальный район,Всего по обследуемым видам экономической деятельности,2022,42358.3
81651000,Республика Бурятия,Тункинский муниципальный район,Всего по обследуемым видам экономической деятельности,2023,47491.0
81651000,Республика Бурятия,Тункинский муниципальный район,Всего по обследуемым видам экономической деятельности,2024,53093.9
81657000,Республика Бурятия,Хоринский муниципальный район,Всего по обследуемым видам экономической деятельности,2022,40456.6
81657000,Республика Бурятия,Хоринский муниципальный район,Всего по обследуемым видам экономической деятельности,2023,44836.5
81657000,Республика Бурятия,Хоринский муниципальный район,Всего по обследуемым видам экономической деятельности,2024,52188.8
81701000,Республика Бурятия,Город Улан-Удэ,Всего по обследуемым видам экономической деятельности,2022,56784.0
81701000,Республика Бурятия,Город Улан-Удэ,Всего по обследуемым видам экономической деятельности,2023,65711.7
81701000,Республика Бурятия,Город Улан-Удэ,Всего по обследуемым видам экономической деятельности,2024,77647.8
81720000,Республика Бурятия,Город Северобайкальск,Всего по обследуемым видам экономической деятельности,2022,80862.6
81720000,Республика Бурятия,Город Северобайкальск,Всего по обследуемым видам экономической деятельности,2023,92163.7
81720000,Республика Бурятия,Город Северобайкальск,Всего по обследуемым видам экономической деятельности,2024,109723.6
82601000,Республика Дагестан,Агульский муниципальный район,Всего по обследуемым видам экономической деятельности,2022,28296.4
82601000,Республика Дагестан,Агульский муниципальный район,Всего по обследуемым видам экономической деятельности,2023,30415.2
82601000,Республика Дагестан,Агульский муниципальный район,Всего по обследуемым видам экономической деятельности,2024,34045.0
82603000,Республика Дагестан,Акушинский муниципальный район,Всего по обследуемым видам экономической деятельности,2022,31040.4
82603000,Республика Дагестан,Акушинский муниципальный район,Всего по обследуемым видам экономической деятельности,2023,33061.9
82603000,Республика Дагестан,Акушинский муниципальный район,Всего по обследуемым видам экономической деятельности,2024,36979.7
82605000,Республика Дагестан,Ахвахский муниципальный район,Всего по обследуемым видам экономической деятельности,2022,29839.7
82605000,Республика Дагестан,Ахвахский муниципальный район,Всего по обследуемым видам экономической деятельности,2023,32147.7
82605000,Республика Дагестан,Ахвахский муниципальный район,Всего по обследуемым видам экономической деятельности,2024,37168.4
82606000,Республика Дагестан,Ахтынский муниципальный район,Всего по обследуемым видам экономической деятельности,2022,46676.2
82606000,Республика Дагестан,Ахтынский муниципальный район,Всего по обследуемым видам экономической деятельности,2023,48612.9
82606000,Республика Дагестан,Ахтынский муниципальный район,Всего по обследуемым видам экономической деятельности,2024,68720.9
82607000,Республика Дагестан,Бабаюртовский муниципальный район,Всего по обследуемым видам экономической деятельности,2022,28142.3
82607000,Республика Дагестан,Бабаюртовский муниципальный район,Всего по обследуемым видам экономической деятельности,2023,30561.9
82607000,Республика Дагестан,Бабаюртовский муниципальный район,Всего по обследуемым видам экономической деятельности,2024,33658.9
82609000,Республика Дагестан,Ботлихский муниципальный район,Всего по обследуемым видам экономической деятельности,2022,29338.0
82609000,Республика Дагестан,Ботлихский муниципальный район,Всего по обследуемым видам экономической деятельности,2023,31521.3
82609000,Республика Дагестан,Ботлихский муниципальный район,Всего по обследуемым видам экономической деятельности,2024,35070.3
82611000,Республика Дагестан,Буйнакский муниципальный район,Всего по обследуемым видам экономической деятельности,2022,26522.3
82611000,Республика Дагестан,Буйнакский муниципальный район,Всего по обследуемым видам экономической деятельности,2023,29675.0
82611000,Республика Дагестан,Буйнакский муниципальный район,Всего по обследуемым видам экономической деятельности,2024,33535.4
82613000,Республика Дагестан,Гергебильский муниципальный район,Всего по обследуемым видам экономической деятельности,2022,27804.2
82613000,Республика Дагестан,Гергебильский муниципальный район,Всего по обследуемым видам экономической деятельности,2023,29602.0
82613000,Республика Дагестан,Гергебильский муниципальный район,Всего по обследуемым видам экономической деятельности,2024,32904.7
82615000,Республика Дагестан,Гумбетовский муниципальный район,Всего по обследуемым видам экономической деятельности,2022,31742.7
82615000,Республика Дагестан,Гумбетовский муниципальный район,Всего по обследуемым видам экономической деятельности,2023,33542.2
82615000,Республика Дагестан,Гумбетовский муниципальный район,Всего по обследуемым видам экономической деятельности,2024,36806.2
82616000,Республика Дагестан,Гунибский муниципальный район,Всего по обследуемым видам экономической деятельности,2022,31093.3
82616000,Республика Дагестан,Гунибский муниципальный район,Всего по обследуемым видам экономической деятельности,2023,33858.6
82616000,Республика Дагестан,Гунибский муниципальный район,Всего по обследуемым видам экономической деятельности,2024,38998.7
82618000,Республика Дагестан,Дахадаевский муниципальный район,Всего по обследуемым видам экономической деятельности,2022,27644.3
82618000,Республика Дагестан,Дахадаевский муниципальный район,Всего по обследуемым видам экономической деятельности,2023,28471.4
82618000,Республика Дагестан,Дахадаевский муниципальный район,Всего по обследуемым видам экономической деятельности,2024,31162.5
82620000,Республика Дагестан,Дербентский муниципальный район,Всего по обследуемым видам экономической деятельности,2022,28108.2
82620000,Республика Дагестан,Дербентский муниципальный район,Всего по обследуемым видам экономической деятельности,2023,32211.5
82620000,Республика Дагестан,Дербентский муниципальный район,Всего по обследуемым видам экономической деятельности,2024,36990.6
82621000,Республика Дагестан,Докузпаринский муниципальный район,Всего по обследуемым видам экономической деятельности,2022,24445.4
82621000,Республика Дагестан,Докузпаринский муниципальный район,Всего по обследуемым видам экономической деятельности,2023,26559.6
82621000,Республика Дагестан,Докузпаринский муниципальный район,Всего по обследуемым видам экономической деятельности,2024,29639.4
82622000,Республика Дагестан,Казбековский муниципальный район,Всего по обследуемым видам экономической деятельности,2022,32738.5
82622000,Республика Дагестан,Казбековский муниципальный район,Всего по обследуемым видам экономической деятельности,2023,35625.2
82622000,Республика Дагестан,Казбековский муниципальный район,Всего по обследуемым видам экономической деятельности,2024,39664.2
82623000,Республика Дагестан,Кайтагский муниципальный район,Всего по обследуемым видам экономической деятельности,2022,29173.5
82623000,Республика Дагестан,Кайтагский муниципальный район,Всего по обследуемым видам экономической деятельности,2023,30506.6
82623000,Республика Дагестан,Кайтагский муниципальный район,Всего по обследуемым видам экономической деятельности,2024,34465.5
82624000,Республика Дагестан,Каякентский муниципальный район,Всего по обследуемым видам экономической деятельности,2022,29466.8
82624000,Республика Дагестан,Каякентский муниципальный район,Всего по обследуемым видам экономической деятельности,2023,32125.0
82624000,Республика Дагестан,Каякентский муниципальный район,Всего по обследуемым видам экономической деятельности,2024,35719.9
82626000,Республика Дагестан,Кизилюртовский муниципальный район,Всего по обследуемым видам экономической деятельности,2022,35470.8
82626000,Республика Дагестан,Кизилюртовский муниципальный район,Всего по обследуемым видам экономической деятельности,2023,37856.7
82626000,Республика Дагестан,Кизилюртовский муниципальный район,Всего по обследуемым видам экономической деятельности,2024,42237.2
82627000,Республика Дагестан,Кизлярский муниципальный район,Всего по обследуемым видам экономической деятельности,2022,32052.0
82627000,Республика Дагестан,Кизлярский муниципальный район,Всего по обследуемым видам экономической деятельности,2023,35623.7
82627000,Республика Дагестан,Кизлярский муниципальный район,Всего по обследуемым видам экономической деятельности,2024,39044.0
82629000,Республика Дагестан,Кулинский муниципальный район,Всего по обследуемым видам экономической деятельности,2022,26971.9
82629000,Республика Дагестан,Кулинский муниципальный район,Всего по обследуемым видам экономической деятельности,2023,30578.8
82629000,Республика Дагестан,Кулинский муниципальный район,Всего по обследуемым видам экономической деятельности,2024,33719.4
82630000,Республика Дагестан,Курахский муниципальный район,Всего по обследуемым видам экономической деятельности,2022,27309.6
82630000,Республика Дагестан,Курахский муниципальный район,Всего по обследуемым видам экономической деятельности,2023,28628.1
82630000,Республика Дагестан,Курахский муниципальный район,Всего по обследуемым видам экономической деятельности,2024,32521.6
82632000,Республика Дагестан,Лакский муниципальный район,Всего по обследуемым видам экономической деятельности,2022,32725.4
82632000,Республика Дагестан,Лакский муниципальный район,Всего по обследуемым видам экономической деятельности,2023,34254.3
82632000,Республика Дагестан,Лакский муниципальный район,Всего по обследуемым видам экономической деятельности,2024,37283.8
82634000,Республика Дагестан,Левашинский муниципальный район,Всего по обследуемым видам экономической деятельности,2022,31152.5
82634000,Республика Дагестан,Левашинский муниципальный район,Всего по обследуемым видам экономической деятельности,2023,33048.3
82634000,Республика Дагестан,Левашинский муниципальный район,Всего по обследуемым видам экономической деятельности,2024,37203.9
82635000,Республика Дагестан,Карабудахкентский муниципальный район,Всего по обследуемым видам экономической деятельности,2022,29966.1
82635000,Республика Дагестан,Карабудахкентский муниципальный район,Всего по обследуемым видам экономической деятельности,2023,31715.1
82635000,Республика Дагестан,Карабудахкентский муниципальный район,Всего по обследуемым видам экономической деятельности,2024,36516.0
82636000,Республика Дагестан,Кумторкалинский муниципальный район,Всего по обследуемым видам экономической деятельности,2022,44087.9
82636000,Республика Дагестан,Кумторкалинский муниципальный район,Всего по обследуемым видам экономической деятельности,2023,48414.8
82636000,Республика Дагестан,Кумторкалинский муниципальный район,Всего по обследуемым видам экономической деятельности,2024,54104.6
82637000,Республика Дагестан,Магарамкентский муниципальный район,Всего по обследуемым видам экономической деятельности,2022,27407.6
82637000,Республика Дагестан,Магарамкентский муниципальный район,Всего по обследуемым видам экономической деятельности,2023,29940.4
82637000,Республика Дагестан,Магарамкентский муниципальный район,Всего по обследуемым видам экономической деятельности,2024,33518.8
82639000,Республика Дагестан,Новолакский муниципальный район,Всего по обследуемым видам экономической деятельности,2022,28645.1
82639000,Республика Дагестан,Новолакский муниципальный район,Всего по обследуемым видам экономической деятельности,2023,30737.6
82639000,Республика Дагестан,Новолакский муниципальный район,Всего по обследуемым видам экономической деятельности,2024,34333.7
82640000,Республика Дагестан,Ногайский муниципальный район,Всего по обследуемым видам экономической деятельности,2022,35415.3
82640000,Республика Дагестан,Ногайский муниципальный район,Всего по обследуемым видам экономической деятельности,2023,38850.9
82640000,Республика Дагестан,Ногайский муниципальный район,Всего по обследуемым видам экономической деятельности,2024,43117.1
82642000,Республика Дагестан,Рутульский муниципальный район,Всего по обследуемым видам экономической деятельности,2022,27447.6
82642000,Республика Дагестан,Рутульский муниципальный район,Всего по обследуемым видам экономической деятельности,2023,29558.3
82642000,Республика Дагестан,Рутульский муниципальный район,Всего по обследуемым видам экономической деятельности,2024,31482.8
82644000,Республика Дагестан,Сергокалинский муниципальный район,Всего по обследуемым видам экономической деятельности,2022,27282.7
82644000,Республика Дагестан,Сергокалинский муниципальный район,Всего по обследуемым видам экономической деятельности,2023,29905.3
82644000,Республика Дагестан,Сергокалинский муниципальный район,Всего по обследуемым видам экономической деятельности,2024,33832.6
82646000,Республика Дагестан,Шамильский муниципальный район,Всего по обследуемым видам экономической деятельности,2022,28338.0
82646000,Республика Дагестан,Шамильский муниципальный район,Всего по обследуемым видам экономической деятельности,2023,30817.0
82646000,Республика Дагестан,Шамильский муниципальный район,Всего по обследуемым видам экономической деятельности,2024,34175.7
82647000,Республика Дагестан,Сулейман-Стальский муниципальный район,Всего по обследуемым видам экономической деятельности,2022,29184.8
82647000,Республика Дагестан,Сулейман-Стальский муниципальный район,Всего по обследуемым видам экономической деятельности,2023,31899.0
82647000,Республика Дагестан,Сулейман-Стальский муниципальный район,Всего по обследуемым видам экономической деятельности,2024,35383.2
82648000,Республика Дагестан,Табасаранский муниципальный район,Всего по обследуемым видам экономической деятельности,2022,25973.0
82648000,Республика Дагестан,Табасаранский муниципальный район,Всего по обследуемым видам экономической деятельности,2023,27864.8
82648000,Республика Дагестан,Табасаранский муниципальный район,Всего по обследуемым видам экономической деятельности,2024,30671.7
82649000,Республика Дагестан,Тарумовский муниципальный район,Всего по обследуемым видам экономической деятельности,2022,37392.1
82649000,Республика Дагестан,Тарумовский муниципальный район,Всего по обследуемым видам экономической деятельности,2023,41463.8
82649000,Республика Дагестан,Тарумовский муниципальный район,Всего по обследуемым видам экономической деятельности,2024,45817.3
82651000,Республика Дагестан,Тляратинский муниципальный район,Всего по обследуемым видам экономической деятельности,2022,29321.4
82651000,Республика Дагестан,Тляратинский муниципальный район,Всего по обследуемым видам экономической деятельности,2023,31321.8
82651000,Республика Дагестан,Тляратинский муниципальный район,Всего по обследуемым видам экономической деятельности,2024,34373.3
82653000,Республика Дагестан,Унцукульский муниципальный район,Всего по обследуемым видам экономической деятельности,2022,29052.1
82653000,Республика Дагестан,Унцукульский муниципальный район,Всего по обследуемым видам экономической деятельности,2023,31717.1
82653000,Республика Дагестан,Унцукульский муниципальный район,Всего по обследуемым видам экономической деятельности,2024,34819.5
82654000,Республика Дагестан,Хасавюртовский муниципальный район,Всего по обследуемым видам экономической деятельности,2022,28613.2
82654000,Республика Дагестан,Хасавюртовский муниципальный район,Всего по обследуемым видам экономической деятельности,2023,30142.1
82654000,Республика Дагестан,Хасавюртовский муниципальный район,Всего по обследуемым видам экономической деятельности,2024,33854.8
82655000,Республика Дагестан,Хивский муниципальный район,Всего по обследуемым видам экономической деятельности,2022,27080.0
82655000,Республика Дагестан,Хивский муниципальный район,Всего по обследуемым видам экономической деятельности,2023,29429.6
82655000,Республика Дагестан,Хивский муниципальный район,Всего по обследуемым видам экономической деятельности,2024,32282.2
82656000,Республика Дагестан,Хунзахский муниципальный район,Всего по обследуемым видам экономической деятельности,2022,28299.3
82656000,Республика Дагестан,Хунзахский муниципальный район,Всего по обследуемым видам экономической деятельности,2023,29374.3
82656000,Республика Дагестан,Хунзахский муниципальный район,Всего по обследуемым видам экономической деятельности,2024,32769.6
82657000,Республика Дагестан,Цумадинский муниципальный район,Всего по обследуемым видам экономической деятельности,2022,33149.2
82657000,Республика Дагестан,Цумадинский муниципальный район,Всего по обследуемым видам экономической деятельности,2023,35275.8
82657000,Республика Дагестан,Цумадинский муниципальный район,Всего по обследуемым видам экономической деятельности,2024,38621.5
82658000,Республика Дагестан,Цунтинский муниципальный район,Всего по обследуемым видам экономической деятельности,2022,28105.3
82658000,Республика Дагестан,Цунтинский муниципальный район,Всего по обследуемым видам экономической деятельности,2023,30324.4
82658000,Республика Дагестан,Цунтинский муниципальный район,Всего по обследуемым видам экономической деятельности,2024,34031.4
82659000,Республика Дагестан,Чародинский муниципальный район,Всего по обследуемым видам экономической деятельности,2022,28396.6
82659000,Республика Дагестан,Чародинский муниципальный район,Всего по обследуемым видам экономической деятельности,2023,29852.8
82659000,Республика Дагестан,Чародинский муниципальный район,Всего по обследуемым видам экономической деятельности,2024,33368.6
82700000,Республика Дагестан,Городские округа Республики Дагестан,Всего по обследуемым видам экономической деятельности,2022,41026.5
82700000,Республика Дагестан,Городские округа Республики Дагестан,Всего по обследуемым видам экономической деятельности,2023,45708.0
82700000,Республика Дагестан,Городские округа Республики Дагестан,Всего по обследуемым видам экономической деятельности,2024,52152.1
82701000,Республика Дагестан,Город Махачкала,Всего по обследуемым видам экономической деятельности,2022,45177.7
82701000,Республика Дагестан,Город Махачкала,Всего по обследуемым видам экономической деятельности,2023,50591.7
82701000,Республика Дагестан,Город Махачкала,Всего по обследуемым видам экономической деятельности,2024,57841.4
82701365,Республика Дагестан,Ленинский район,Всего по обследуемым видам экономической деятельности,2024,51472.9
82701370,Республика Дагестан,Советский район,Всего по обследуемым видам экономической деятельности,2024,45694.3
82705000,Республика Дагестан,Город Буйнакск,Всего по обследуемым видам экономической деятельности,2022,31625.9
82705000,Республика Дагестан,Город Буйнакск,Всего по обследуемым видам экономической деятельности,2023,34994.3
82705000,Республика Дагестан,Город Буйнакск,Всего по обследуемым видам экономической деятельности,2024,41443.7
82708000,Республика Дагестан,Город Дагестанские Огни,Всего по обследуемым видам экономической деятельности,2022,26022.5
82708000,Республика Дагестан,Город Дагестанские Огни,Всего по обследуемым видам экономической деятельности,2023,28210.2
82708000,Республика Дагестан,Город Дагестанские Огни,Всего по обследуемым видам экономической деятельности,2024,31815.9
82710000,Республика Дагестан,Город Дербент,Всего по обследуемым видам экономической деятельности,2022,35155.1
82710000,Республика Дагестан,Город Дербент,Всего по обследуемым видам экономической деятельности,2023,37620.9
82710000,Республика Дагестан,Город Дербент,Всего по обследуемым видам экономической деятельности,2024,41926.0
82715000,Республика Дагестан,Город Избербаш,Всего по обследуемым видам экономической деятельности,2022,31983.1
82715000,Республика Дагестан,Город Избербаш,Всего по обследуемым видам экономической деятельности,2023,36083.0
82715000,Республика Дагестан,Город Избербаш,Всего по обследуемым видам экономической деятельности,2024,40332.7
82720000,Республика Дагестан,Город Каспийск,Всего по обследуемым видам экономической деятельности,2022,36685.6
82720000,Республика Дагестан,Город Каспийск,Всего по обследуемым видам экономической деятельности,2023,40794.3
82720000,Республика Дагестан,Город Каспийск,Всего по обследуемым видам экономической деятельности,2024,45862.8
82725000,Республика Дагестан,Город Кизилюрт,Всего по обследуемым видам экономической деятельности,2022,34659.5
82725000,Республика Дагестан,Город Кизилюрт,Всего по обследуемым видам экономической деятельности,2023,37740.2
82725000,Республика Дагестан,Город Кизилюрт,Всего по обследуемым видам экономической деятельности,2024,43601.3
82730000,Республика Дагестан,Город Кизляр,Всего по обследуемым видам экономической деятельности,2022,40359.3
82730000,Республика Дагестан,Город Кизляр,Всего по обследуемым видам экономической деятельности,2023,44740.1
82730000,Республика Дагестан,Город Кизляр,Всего по обследуемым видам экономической деятельности,2024,51791.0
82735000,Республика Дагестан,Город Хасавюрт,Всего по обследуемым видам экономической деятельности,2022,33784.8
82735000,Республика Дагестан,Город Хасавюрт,Всего по обследуемым видам экономической деятельности,2023,36940.9
82735000,Республика Дагестан,Город Хасавюрт,Всего по обследуемым видам экономической деятельности,2024,40753.9
82738000,Республика Дагестан,Город Южно-Сухокумск,Всего по обследуемым видам экономической деятельности,2022,31225.4
82738000,Республика Дагестан,Город Южно-Сухокумск,Всего по обследуемым видам экономической деятельности,2023,35197.2
82738000,Республика Дагестан,Город Южно-Сухокумск,Всего по обследуемым видам экономической деятельности,2024,40344.9
83610000,Кабардино-Балкарская Республика,Баксанский муниципальный район,Всего по обследуемым видам экономической деятельности,2022,26993.1
83610000,Кабардино-Балкарская Республика,Баксанский муниципальный район,Всего по обследуемым видам экономической деятельности,2023,31648.8
83610000,Кабардино-Балкарская Республика,Баксанский муниципальный район,Всего по обследуемым видам экономической деятельности,2024,36848.7
83615000,Кабардино-Балкарская Республика,Зольский муниципальный район,Всего по обследуемым видам экономической деятельности,2022,29985.8
83615000,Кабардино-Балкарская Республика,Зольский муниципальный район,Всего по обследуемым видам экономической деятельности,2023,35429.2
83615000,Кабардино-Балкарская Республика,Зольский муниципальный район,Всего по обследуемым видам экономической деятельности,2024,41051.7
83618000,Кабардино-Балкарская Республика,Лескенский муниципальный район,Всего по обследуемым видам экономической деятельности,2022,28769.0
83618000,Кабардино-Балкарская Республика,Лескенский муниципальный район,Всего по обследуемым видам экономической деятельности,2023,33035.3
83618000,Кабардино-Балкарская Республика,Лескенский муниципальный район,Всего по обследуемым видам экономической деятельности,2024,37476.2
83620000,Кабардино-Балкарская Республика,Майский муниципальный район,Всего по обследуемым видам экономической деятельности,2022,32666.0
83620000,Кабардино-Балкарская Республика,Майский муниципальный район,Всего по обследуемым видам экономической деятельности,2023,38075.4
83620000,Кабардино-Балкарская Республика,Майский муниципальный район,Всего по обследуемым видам экономической деятельности,2024,43597.7
83625000,Кабардино-Балкарская Республика,Прохладненский муниципальный район,Всего по обследуемым видам экономической деятельности,2022,26560.9
83625000,Кабардино-Балкарская Республика,Прохладненский муниципальный район,Всего по обследуемым видам экономической деятельности,2023,32098.9
83625000,Кабардино-Балкарская Республика,Прохладненский муниципальный район,Всего по обследуемым видам экономической деятельности,2024,37157.1
83630000,Кабардино-Балкарская Республика,Черекский муниципальный район,Всего по обследуемым видам экономической деятельности,2022,54344.5
83630000,Кабардино-Балкарская Республика,Черекский муниципальный район,Всего по обследуемым видам экономической деятельности,2023,40176.1
83630000,Кабардино-Балкарская Республика,Черекский муниципальный район,Всего по обследуемым видам экономической деятельности,2024,46480.6
83635000,Кабардино-Балкарская Республика,Терский муниципальный район,Всего по обследуемым видам экономической деятельности,2022,30499.2
83635000,Кабардино-Балкарская Республика,Терский муниципальный район,Всего по обследуемым видам экономической деятельности,2023,35220.5
83635000,Кабардино-Балкарская Республика,Терский муниципальный район,Всего по обследуемым видам экономической деятельности,2024,41697.3
83640000,Кабардино-Балкарская Республика,Урванский муниципальный район,Всего по обследуемым видам экономической деятельности,2022,31018.0
83640000,Кабардино-Балкарская Республика,Урванский муниципальный район,Всего по обследуемым видам экономической деятельности,2023,35796.3
83640000,Кабардино-Балкарская Республика,Урванский муниципальный район,Всего по обследуемым видам экономической деятельности,2024,39502.5
83645000,Кабардино-Балкарская Республика,Чегемский муниципальный район,Всего по обследуемым видам экономической деятельности,2022,32042.6
83645000,Кабардино-Балкарская Республика,Чегемский муниципальный район,Всего по обследуемым видам экономической деятельности,2023,36402.3
83645000,Кабардино-Балкарская Республика,Чегемский муниципальный район,Всего по обследуемым видам экономической деятельности,2024,42077.9
83648000,Кабардино-Балкарская Республика,Эльбрусский муниципальный район,Всего по обследуемым видам экономической деятельности,2022,34545.9
83648000,Кабардино-Балкарская Республика,Эльбрусский муниципальный район,Всего по обследуемым видам экономической деятельности,2023,40225.9
83648000,Кабардино-Балкарская Республика,Эльбрусский муниципальный район,Всего по обследуемым видам экономической деятельности,2024,49134.7
83701000,Кабардино-Балкарская Республика,Нальчик,Всего по обследуемым видам экономической деятельности,2022,40787.7
83701000,Кабардино-Балкарская Республика,Нальчик,Всего по обследуемым видам экономической деятельности,2023,46055.1
83701000,Кабардино-Балкарская Республика,Нальчик,Всего по обследуемым видам экономической деятельности,2024,54194.3
83703000,Кабардино-Балкарская Республика,Баксан,Всего по обследуемым видам экономической деятельности,2022,32158.3
83703000,Кабардино-Балкарская Республика,Баксан,Всего по обследуемым видам экономической деятельности,2023,36964.4
83703000,Кабардино-Балкарская Республика,Баксан,Всего по обследуемым видам экономической деятельности,2024,41355.4
83710000,Кабардино-Балкарская Республика,Прохладный,Всего по обследуемым видам экономической деятельности,2022,34042.3
83710000,Кабардино-Балкарская Республика,Прохладный,Всего по обследуемым видам экономической деятельности,2023,41272.9
83710000,Кабардино-Балкарская Республика,Прохладный,Всего по обследуемым видам экономической деятельности,2024,44481.9
84610000,Республика Алтай,Кош-Агачский муниципальный район,Всего по обследуемым видам экономической деятельности,2022,51008.4
84610000,Республика Алтай,Кош-Агачский муниципальный район,Всего по обследуемым видам экономической деятельности,2023,56419.6
84610000,Республика Алтай,Кош-Агачский муниципальный район,Всего по обследуемым видам экономической деятельности,2024,70732.2
84615000,Республика Алтай,Майминский муниципальный район,Всего по обследуемым видам экономической деятельности,2022,46948.7
84615000,Республика Алтай,Майминский муниципальный район,Всего по обследуемым видам экономической деятельности,2023,63980.1
84615000,Республика Алтай,Майминский муниципальный район,Всего по обследуемым видам экономической деятельности,2024,73551.6
84620000,Республика Алтай,Онгудайский муниципальный район,Всего по обследуемым видам экономической деятельности,2022,34113.6
84620000,Республика Алтай,Онгудайский муниципальный район,Всего по обследуемым видам экономической деятельности,2023,38419.1
84620000,Республика Алтай,Онгудайский муниципальный район,Всего по обследуемым видам экономической деятельности,2024,46742.2
84625000,Республика Алтай,Турочакский муниципальный район,Всего по обследуемым видам экономической деятельности,2022,39988.3
84625000,Республика Алтай,Турочакский муниципальный район,Всего по обследуемым видам экономической деятельности,2023,46431.3
84625000,Республика Алтай,Турочакский муниципальный район,Всего по обследуемым видам экономической деятельности,2024,57696.8
84630000,Республика Алтай,Улаганский муниципальный район,Всего по обследуемым видам экономической деятельности,2022,47304.7
84630000,Республика Алтай,Улаганский муниципальный район,Всего по обследуемым видам экономической деятельности,2023,52337.2
84630000,Республика Алтай,Улаганский муниципальный район,Всего по обследуемым видам экономической деятельности,2024,63315.0
84635000,Республика Алтай,Усть-Канский муниципальный район,Всего по обследуемым видам экономической деятельности,2022,32973.6
84635000,Республика Алтай,Усть-Канский муниципальный район,Всего по обследуемым видам экономической деятельности,2023,36998.4
84635000,Республика Алтай,Усть-Канский муниципальный район,Всего по обследуемым видам экономической деятельности,2024,45304.0
84640000,Республика Алтай,Усть-Коксинский муниципальный район,Всего по обследуемым видам экономической деятельности,2022,34009.4
84640000,Республика Алтай,Усть-Коксинский муниципальный район,Всего по обследуемым видам экономической деятельности,2023,38885.2
84640000,Республика Алтай,Усть-Коксинский муниципальный район,Всего по обследуемым видам экономической деятельности,2024,47699.6
84643000,Республика Алтай,Чемальский муниципальный район,Всего по обследуемым видам экономической деятельности,2022,45294.8
84643000,Республика Алтай,Чемальский муниципальный район,Всего по обследуемым видам экономической деятельности,2023,51409.9
84643000,Республика Алтай,Чемальский муниципальный район,Всего по обследуемым видам экономической деятельности,2024,65317.7
84645000,Республика Алтай,Чойский муниципальный район,Всего по обследуемым видам экономической деятельности,2022,40092.4
84645000,Республика Алтай,Чойский муниципальный район,Всего по обследуемым видам экономической деятельности,2023,45411.1
84645000,Республика Алтай,Чойский муниципальный район,Всего по обследуемым видам экономической деятельности,2024,55749.4
84650000,Республика Алтай,Шебалинский муниципальный район,Всего по обследуемым видам экономической деятельности,2022,35201.3
84650000,Республика Алтай,Шебалинский муниципальный район,Всего по обследуемым видам экономической деятельности,2023,40049.2
84650000,Республика Алтай,Шебалинский муниципальный район,Всего по обследуемым видам экономической деятельности,2024,50870.5
84701000,Республика Алтай,Город Горно-Алтайск,Всего по обследуемым видам экономической деятельности,2022,52762.5
84701000,Республика Алтай,Город Горно-Алтайск,Всего по обследуемым видам экономической деятельности,2023,61211.1
84701000,Республика Алтай,Город Горно-Алтайск,Всего по обследуемым видам экономической деятельности,2024,73499.3
85605000,Республика Калмыкия,Городовиковский муниципальный район,Всего по обследуемым видам экономической деятельности,2022,28165.6
85605000,Республика Калмыкия,Городовиковский муниципальный район,Всего по обследуемым видам экономической деятельности,2023,31314.8
85605000,Республика Калмыкия,Городовиковский муниципальный район,Всего по обследуемым видам экономической деятельности,2024,36828.2
85610000,Республика Калмыкия,Ики-Бурульский муниципальный район,Всего по обследуемым видам экономической деятельности,2022,44081.6
85610000,Республика Калмыкия,Ики-Бурульский муниципальный район,Всего по обследуемым видам экономической деятельности,2023,49578.8
85610000,Республика Калмыкия,Ики-Бурульский муниципальный район,Всего по обследуемым видам экономической деятельности,2024,59212.0
85615000,Республика Калмыкия,Лаганский муниципальный район,Всего по обследуемым видам экономической деятельности,2022,30142.6
85615000,Республика Калмыкия,Лаганский муниципальный район,Всего по обследуемым видам экономической деятельности,2023,32911.2
85615000,Республика Калмыкия,Лаганский муниципальный район,Всего по обследуемым видам экономической деятельности,2024,39218.1
85620000,Республика Калмыкия,Малодербетовский муниципальный район,Всего по обследуемым видам экономической деятельности,2022,29166.7
85620000,Республика Калмыкия,Малодербетовский муниципальный район,Всего по обследуемым видам экономической деятельности,2023,31383.4
85620000,Республика Калмыкия,Малодербетовский муниципальный район,Всего по обследуемым видам экономической деятельности,2024,37385.0
85623000,Республика Калмыкия,Октябрьский муниципальный район,Всего по обследуемым видам экономической деятельности,2022,34602.3
85623000,Республика Калмыкия,Октябрьский муниципальный район,Всего по обследуемым видам экономической деятельности,2023,39410.7
85623000,Республика Калмыкия,Октябрьский муниципальный район,Всего по обследуемым видам экономической деятельности,2024,46467.4
85625000,Республика Калмыкия,Кетченеровский муниципальный район,Всего по обследуемым видам экономической деятельности,2022,27922.4
85625000,Республика Калмыкия,Кетченеровский муниципальный район,Всего по обследуемым видам экономической деятельности,2023,32154.9
85625000,Республика Калмыкия,Кетченеровский муниципальный район,Всего по обследуемым видам экономической деятельности,2024,38553.5
85628000,Республика Калмыкия,Приютненский муниципальный район,Всего по обследуемым видам экономической деятельности,2022,30605.4
85628000,Республика Калмыкия,Приютненский муниципальный район,Всего по обследуемым видам экономической деятельности,2023,33908.0
85628000,Республика Калмыкия,Приютненский муниципальный район,Всего по обследуемым видам экономической деятельности,2024,40289.6
85632000,Республика Калмыкия,Сарпинский муниципальный район,Всего по обследуемым видам экономической деятельности,2022,30628.8
85632000,Республика Калмыкия,Сарпинский муниципальный район,Всего по обследуемым видам экономической деятельности,2023,35070.8
85632000,Республика Калмыкия,Сарпинский муниципальный район,Всего по обследуемым видам экономической деятельности,2024,43198.5
85637000,Республика Калмыкия,Целинный муниципальный район,Всего по обследуемым видам экономической деятельности,2022,31715.9
85637000,Республика Калмыкия,Целинный муниципальный район,Всего по обследуемым видам экономической деятельности,2023,37807.0
85637000,Республика Калмыкия,Целинный муниципальный район,Всего по обследуемым видам экономической деятельности,2024,46291.2
85642000,Республика Калмыкия,Черноземельский муниципальный район,Всего по обследуемым видам экономической деятельности,2022,48811.6
85642000,Республика Калмыкия,Черноземельский муниципальный район,Всего по обследуемым видам экономической деятельности,2023,51691.2
85642000,Республика Калмыкия,Черноземельский муниципальный район,Всего по обследуемым видам экономической деятельности,2024,61590.9
85646000,Республика Калмыкия,Юстинский муниципальный район,Всего по обследуемым видам экономической деятельности,2022,30941.9
85646000,Республика Калмыкия,Юстинский муниципальный район,Всего по обследуемым видам экономической деятельности,2023,36811.6
85646000,Республика Калмыкия,Юстинский муниципальный район,Всего по обследуемым видам экономической деятельности,2024,42368.8
85650000,Республика Калмыкия,Яшалтинский муниципальный район,Всего по обследуемым видам экономической деятельности,2022,26190.3
85650000,Республика Калмыкия,Яшалтинский муниципальный район,Всего по обследуемым видам экономической деятельности,2023,29036.9
85650000,Республика Калмыкия,Яшалтинский муниципальный район,Всего по обследуемым видам экономической деятельности,2024,34866.1
85654000,Республика Калмыкия,Яшкульский муниципальный район,Всего по обследуемым видам экономической деятельности,2022,34632.6
85654000,Республика Калмыкия,Яшкульский муниципальный район,Всего по обследуемым видам экономической деятельности,2023,39853.2
85654000,Республика Калмыкия,Яшкульский муниципальный район,Всего по обследуемым видам экономической деятельности,2024,48712.0
85701000,Республика Калмыкия,Город Элиста,Всего по обследуемым видам экономической деятельности,2022,39747.1
85701000,Республика Калмыкия,Город Элиста,Всего по обследуемым видам экономической деятельности,2023,45279.1
85701000,Республика Калмыкия,Город Элиста,Всего по обследуемым видам экономической деятельности,2024,53420.5
86504000,Республика Карелия,Беломорский муниципальный округ,Всего по обследуемым видам экономической деятельности,2024,86078.3
86533000,Республика Карелия,Питкярантский муниципальный округ,Всего по обследуемым видам экономической деятельности,2024,71373.2
86545000,Республика Карелия,Сегежский муниципальный округ,Всего по обследуемым видам экономической деятельности,2024,79173.2
86550000,Республика Карелия,Суоярвский муниципальный округ,Всего по обследуемым видам экономической деятельности,2023,64320.1
86550000,Республика Карелия,Суоярвский муниципальный округ,Всего по обследуемым видам экономической деятельности,2024,74690.2
86604000,Республика Карелия,Беломорский муниципальный район,Всего по обследуемым видам экономической деятельности,2022,67847.1
86604000,Республика Карелия,Беломорский муниципальный район,Всего по обследуемым видам экономической деятельности,2023,76949.8
86609000,Республика Карелия,Калевальский муниципальный район,Всего по обследуемым видам экономической деятельности,2022,53756.1
86609000,Республика Карелия,Калевальский муниципальный район,Всего по обследуемым видам экономической деятельности,2023,60924.8
86609000,Республика Карелия,Калевальский муниципальный район,Всего по обследуемым видам экономической деятельности,2024,70023.1
86610000,Республика Карелия,Сортавальский муниципальный район,Всего по обследуемым видам экономической деятельности,2022,53751.7
86610000,Республика Карелия,Сортавальский муниципальный район,Всего по обследуемым видам экономической деятельности,2023,60243.8
86610000,Республика Карелия,Сортавальский муниципальный район,Всего по обследуемым видам экономической деятельности,2024,69993.1
86612000,Республика Карелия,Кемский муниципальный район,Всего по обследуемым видам экономической деятельности,2022,76689.3
86612000,Республика Карелия,Кемский муниципальный район,Всего по обследуемым видам экономической деятельности,2023,85716.1
86612000,Республика Карелия,Кемский муниципальный район,Всего по обследуемым видам экономической деятельности,2024,99031.2
86615000,Республика Карелия,Кондопожский муниципальный район,Всего по обследуемым видам экономической деятельности,2022,53724.1
86615000,Республика Карелия,Кондопожский муниципальный район,Всего по обследуемым видам экономической деятельности,2023,61558.3
86615000,Республика Карелия,Кондопожский муниципальный район,Всего по обследуемым видам экономической деятельности,2024,72960.2
86618000,Республика Карелия,Лахденпохский муниципальный район,Всего по обследуемым видам экономической деятельности,2022,52473.1
86618000,Республика Карелия,Лахденпохский муниципальный район,Всего по обследуемым видам экономической деятельности,2023,58670.0
86618000,Республика Карелия,Лахденпохский муниципальный район,Всего по обследуемым видам экономической деятельности,2024,69672.6
86621000,Республика Карелия,Лоухский муниципальный район,Всего по обследуемым видам экономической деятельности,2022,76477.8
86621000,Республика Карелия,Лоухский муниципальный район,Всего по обследуемым видам экономической деятельности,2023,85863.0
86621000,Республика Карелия,Лоухский муниципальный район,Всего по обследуемым видам экономической деятельности,2024,98732.7
86624000,Республика Карелия,Медвежьегорский муниципальный район,Всего по обследуемым видам экономической деятельности,2022,58618.2
86624000,Республика Карелия,Медвежьегорский муниципальный район,Всего по обследуемым видам экономической деятельности,2023,65488.6
86624000,Республика Карелия,Медвежьегорский муниципальный район,Всего по обследуемым видам экономической деятельности,2024,75138.7
86627000,Республика Карелия,Муезерский муниципальный район,Всего по обследуемым видам экономической деятельности,2022,45661.1
86627000,Республика Карелия,Муезерский муниципальный район,Всего по обследуемым видам экономической деятельности,2023,51447.7
86627000,Республика Карелия,Муезерский муниципальный район,Всего по обследуемым видам экономической деятельности,2024,58821.0
86630000,Республика Карелия,Олонецкий муниципальный район,Всего по обследуемым видам экономической деятельности,2022,47507.0
86630000,Республика Карелия,Олонецкий муниципальный район,Всего по обследуемым видам экономической деятельности,2023,53467.8
86630000,Республика Карелия,Олонецкий муниципальный район,Всего по обследуемым видам экономической деятельности,2024,60626.4
86633000,Республика Карелия,Питкярантский муниципальный район,Всего по обследуемым видам экономической деятельности,2022,55725.8
86633000,Республика Карелия,Питкярантский муниципальный район,Всего по обследуемым видам экономической деятельности,2023,61014.6
86636000,Республика Карелия,Прионежский муниципальный район,Всего по обследуемым видам экономической деятельности,2022,62396.6
86636000,Республика Карелия,Прионежский муниципальный район,Всего по обследуемым видам экономической деятельности,2023,72012.5
86636000,Республика Карелия,Прионежский муниципальный район,Всего по обследуемым видам экономической деятельности,2024,83749.8
86639000,Республика Карелия,Пряжинский муниципальный район,Всего по обследуемым видам экономической деятельности,2022,57015.0
86639000,Республика Карелия,Пряжинский муниципальный район,Всего по обследуемым видам экономической деятельности,2023,61073.8
86639000,Республика Карелия,Пряжинский муниципальный район,Всего по обследуемым видам экономической деятельности,2024,70038.6
86642000,Республика Карелия,Пудожский муниципальный район,Всего по обследуемым видам экономической деятельности,2022,52205.5
86642000,Республика Карелия,Пудожский муниципальный район,Всего по обследуемым видам экономической деятельности,2023,59111.1
86642000,Республика Карелия,Пудожский муниципальный район,Всего по обследуемым видам экономической деятельности,2024,66905.8
86645000,Республика Карелия,Сегежский муниципальный район,Всего по обследуемым видам экономической деятельности,2022,59000.6
86645000,Республика Карелия,Сегежский муниципальный район,Всего по обследуемым видам экономической деятельности,2023,65973.2
86650000,Республика Карелия,Суоярвский муниципальный район,Всего по обследуемым видам экономической деятельности,2022,54298.5
86701000,Республика Карелия,Петрозаводский,Всего по обследуемым видам экономической деятельности,2022,63543.8
86701000,Республика Карелия,Петрозаводский,Всего по обследуемым видам экономической деятельности,2023,71274.3
86701000,Республика Карелия,Петрозаводский,Всего по обследуемым видам экономической деятельности,2024,80872.6
86706000,Республика Карелия,Костомукшский,Всего по обследуемым видам экономической деятельности,2022,83966.4
86706000,Республика Карелия,Костомукшский,Всего по обследуемым видам экономической деятельности,2023,96103.8
86706000,Республика Карелия,Костомукшский,Всего по обследуемым видам экономической деятельности,2024,112900.5
87512000,Республика Коми,Муниципальный округ Вуктыл,Всего по обследуемым видам экономической деятельности,2024,111490.6
87523000,Республика Коми,Муниципальный округ Усинск,Всего по обследуемым видам экономической деятельности,2024,138116.7
87525000,Республика Коми,Муниципальный округ Ухта,Всего по обследуемым видам экономической деятельности,2024,107558.6
87604000,Республика Коми,Ижемский муниципальный район,Всего по обследуемым видам экономической деятельности,2022,57171.1
87604000,Республика Коми,Ижемский муниципальный район,Всего по обследуемым видам экономической деятельности,2023,63034.3
87604000,Республика Коми,Ижемский муниципальный район,Всего по обследуемым видам экономической деятельности,2024,71478.0
87608000,Республика Коми,Княжпогостский муниципальный район,Всего по обследуемым видам экономической деятельности,2022,64711.1
87608000,Республика Коми,Княжпогостский муниципальный район,Всего по обследуемым видам экономической деятельности,2023,71411.3
87608000,Республика Коми,Княжпогостский муниципальный район,Всего по обследуемым видам экономической деятельности,2024,83973.8
87612000,Республика Коми,Койгородский муниципальный район,Всего по обследуемым видам экономической деятельности,2022,53717.0
87612000,Республика Коми,Койгородский муниципальный район,Всего по обследуемым видам экономической деятельности,2023,59892.7
87612000,Республика Коми,Койгородский муниципальный район,Всего по обследуемым видам экономической деятельности,2024,66260.9
87616000,Республика Коми,Корткеросский муниципальный район,Всего по обследуемым видам экономической деятельности,2022,48318.8
87616000,Республика Коми,Корткеросский муниципальный район,Всего по обследуемым видам экономической деятельности,2023,52822.6
87616000,Республика Коми,Корткеросский муниципальный район,Всего по обследуемым видам экономической деятельности,2024,59748.5
87620000,Республика Коми,Муниципальный район Печора,Всего по обследуемым видам экономической деятельности,2022,80475.6
87620000,Республика Коми,Муниципальный район Печора,Всего по обследуемым видам экономической деятельности,2023,91678.1
87620000,Республика Коми,Муниципальный район Печора,Всего по обследуемым видам экономической деятельности,2024,107336.0
87624000,Республика Коми,Прилузский муниципальный район,Всего по обследуемым видам экономической деятельности,2022,51157.3
87624000,Республика Коми,Прилузский муниципальный район,Всего по обследуемым видам экономической деятельности,2023,57087.0
87624000,Республика Коми,Прилузский муниципальный район,Всего по обследуемым видам экономической деятельности,2024,66032.3
87626000,Республика Коми,Муниципальный район Сосногорск,Всего по обследуемым видам экономической деятельности,2022,69726.9
87626000,Республика Коми,Муниципальный район Сосногорск,Всего по обследуемым видам экономической деятельности,2023,78675.0
87626000,Республика Коми,Муниципальный район Сосногорск,Всего по обследуемым видам экономической деятельности,2024,89784.3
87628000,Республика Коми,Сыктывдинский муниципальный район,Всего по обследуемым видам экономической деятельности,2022,53333.0
87628000,Республика Коми,Сыктывдинский муниципальный район,Всего по обследуемым видам экономической деятельности,2023,57602.3
87628000,Республика Коми,Сыктывдинский муниципальный район,Всего по обследуемым видам экономической деятельности,2024,69555.4
87632000,Республика Коми,Сысольский муниципальный район,Всего по обследуемым видам экономической деятельности,2022,48256.0
87632000,Республика Коми,Сысольский муниципальный район,Всего по обследуемым видам экономической деятельности,2023,53558.8
87632000,Республика Коми,Сысольский муниципальный район,Всего по обследуемым видам экономической деятельности,2024,61634.9
87636000,Республика Коми,Троицко-Печорский муниципальный район,Всего по обследуемым видам экономической деятельности,2022,49550.6
87636000,Республика Коми,Троицко-Печорский муниципальный район,Всего по обследуемым видам экономической деятельности,2023,53855.6
87636000,Республика Коми,Троицко-Печорский муниципальный район,Всего по обследуемым видам экономической деятельности,2024,61461.9
87640000,Республика Коми,Удорский муниципальный район,Всего по обследуемым видам экономической деятельности,2022,50224.3
87640000,Республика Коми,Удорский муниципальный район,Всего по обследуемым видам экономической деятельности,2023,55907.3
87640000,Республика Коми,Удорский муниципальный район,Всего по обследуемым видам экономической деятельности,2024,63791.4
87644000,Республика Коми,Усть-Вымский муниципальный район,Всего по обследуемым видам экономической деятельности,2022,58341.8
87644000,Республика Коми,Усть-Вымский муниципальный район,Всего по обследуемым видам экономической деятельности,2023,64653.1
87644000,Республика Коми,Усть-Вымский муниципальный район,Всего по обследуемым видам экономической деятельности,2024,72808.3
87648000,Республика Коми,Усть-Куломский муниципальный район,Всего по обследуемым видам экономической деятельности,2022,48649.2
87648000,Республика Коми,Усть-Куломский муниципальный район,Всего по обследуемым видам экономической деятельности,2023,53903.4
87648000,Республика Коми,Усть-Куломский муниципальный район,Всего по обследуемым видам экономической деятельности,2024,61561.6
87652000,Республика Коми,Усть-Цилемский муниципальный район,Всего по обследуемым видам экономической деятельности,2022,55018.2
87652000,Республика Коми,Усть-Цилемский муниципальный район,Всего по обследуемым видам экономической деятельности,2023,60296.9
87652000,Республика Коми,Усть-Цилемский муниципальный район,Всего по обследуемым видам экономической деятельности,2024,68239.7
87701000,Республика Коми,Сыктывкар,Всего по обследуемым видам экономической деятельности,2022,63619.3
87701000,Республика Коми,Сыктывкар,Всего по обследуемым видам экономической деятельности,2023,72281.3
87701000,Республика Коми,Сыктывкар,Всего по обследуемым видам экономической деятельности,2024,81693.1
87710000,Республика Коми,Воркута,Всего по обследуемым видам экономической деятельности,2022,93938.8
87710000,Республика Коми,Воркута,Всего по обследуемым видам экономической деятельности,2023,101372.5
87710000,Республика Коми,Воркута,Всего по обследуемым видам экономической деятельности,2024,121203.1
87712000,Республика Коми,Вуктыл (до 1 января 2024 года),Всего по обследуемым видам экономической деятельности,2022,92206.2
87712000,Республика Коми,Вуктыл (до 1 января 2024 года),Всего по обследуемым видам экономической деятельности,2023,101854.7
87715000,Республика Коми,Инта,Всего по обследуемым видам экономической деятельности,2022,75199.2
87715000,Республика Коми,Инта,Всего по обследуемым видам экономической деятельности,2023,85196.4
87715000,Республика Коми,Инта,Всего по обследуемым видам экономической деятельности,2024,96563.9
87723000,Республика Коми,Усинск (до 1 января 2024 года),Всего по обследуемым видам экономической деятельности,2022,108853.1
87723000,Республика Коми,Усинск (до 1 января 2024 года),Всего по обследуемым видам экономической деятельности,2023,123084.3
87725000,Республика Коми,Ухта (до 1 марта 2024 года),Всего по обследуемым видам экономической деятельности,2022,84067.3
87725000,Республика Коми,Ухта (до 1 марта 2024 года),Всего по обследуемым видам экономической деятельности,2023,94997.9
88604000,Республика Марий Эл,Волжский муниципальный район,Всего по обследуемым видам экономической деятельности,2022,37570.1
88604000,Республика Марий Эл,Волжский муниципальный район,Всего по обследуемым видам экономической деятельности,2023,42631.1
88604000,Республика Марий Эл,Волжский муниципальный район,Всего по обследуемым видам экономической деятельности,2024,50458.9
88608000,Республика Марий Эл,Горномарийский муниципальный район,Всего по обследуемым видам экономической деятельности,2022,26926.0
88608000,Республика Марий Эл,Горномарийский муниципальный район,Всего по обследуемым видам экономической деятельности,2023,31139.3
88608000,Республика Марий Эл,Горномарийский муниципальный район,Всего по обследуемым видам экономической деятельности,2024,34906.1
88612000,Республика Марий Эл,Звениговский муниципальный район,Всего по обследуемым видам экономической деятельности,2022,43570.4
88612000,Республика Марий Эл,Звениговский муниципальный район,Всего по обследуемым видам экономической деятельности,2023,52738.2
88612000,Республика Марий Эл,Звениговский муниципальный район,Всего по обследуемым видам экономической деятельности,2024,61841.2
88616000,Республика Марий Эл,Килемарский муниципальный район,Всего по обследуемым видам экономической деятельности,2022,32618.6
88616000,Республика Марий Эл,Килемарский муниципальный район,Всего по обследуемым видам экономической деятельности,2023,37960.8
88616000,Республика Марий Эл,Килемарский муниципальный район,Всего по обследуемым видам экономической деятельности,2024,44881.7
88620000,Республика Марий Эл,Куженерский муниципальный район,Всего по обследуемым видам экономической деятельности,2022,30854.4
88620000,Республика Марий Эл,Куженерский муниципальный район,Всего по обследуемым видам экономической деятельности,2023,34977.2
88620000,Республика Марий Эл,Куженерский муниципальный район,Всего по обследуемым видам экономической деятельности,2024,41317.4
88624000,Республика Марий Эл,Мари-Турекский муниципальный район,Всего по обследуемым видам экономической деятельности,2022,29974.5
88624000,Республика Марий Эл,Мари-Турекский муниципальный район,Всего по обследуемым видам экономической деятельности,2023,34140.5
88624000,Республика Марий Эл,Мари-Турекский муниципальный район,Всего по обследуемым видам экономической деятельности,2024,39885.6
88628000,Республика Марий Эл,Медведевский муниципальный район,Всего по обследуемым видам экономической деятельности,2022,39972.5
88628000,Республика Марий Эл,Медведевский муниципальный район,Всего по обследуемым видам экономической деятельности,2023,47395.6
88628000,Республика Марий Эл,Медведевский муниципальный район,Всего по обследуемым видам экономической деятельности,2024,57759.1
88632000,Республика Марий Эл,Моркинский муниципальный район,Всего по обследуемым видам экономической деятельности,2022,33516.0
88632000,Республика Марий Эл,Моркинский муниципальный район,Всего по обследуемым видам экономической деятельности,2023,38478.5
88632000,Республика Марий Эл,Моркинский муниципальный район,Всего по обследуемым видам экономической деятельности,2024,45105.3
88636000,Республика Марий Эл,Новоторъяльский муниципальный район,Всего по обследуемым видам экономической деятельности,2022,30558.5
88636000,Республика Марий Эл,Новоторъяльский муниципальный район,Всего по обследуемым видам экономической деятельности,2023,35618.1
88636000,Республика Марий Эл,Новоторъяльский муниципальный район,Всего по обследуемым видам экономической деятельности,2024,42378.1
88640000,Республика Марий Эл,Оршанский муниципальный район,Всего по обследуемым видам экономической деятельности,2022,38436.0
88640000,Республика Марий Эл,Оршанский муниципальный район,Всего по обследуемым видам экономической деятельности,2023,40200.0
88640000,Республика Марий Эл,Оршанский муниципальный район,Всего по обследуемым видам экономической деятельности,2024,47456.7
88644000,Республика Марий Эл,Параньгинский муниципальный район,Всего по обследуемым видам экономической деятельности,2022,30554.5
88644000,Республика Марий Эл,Параньгинский муниципальный район,Всего по обследуемым видам экономической деятельности,2023,34611.4
88644000,Республика Марий Эл,Параньгинский муниципальный район,Всего по обследуемым видам экономической деятельности,2024,41324.6
88648000,Республика Марий Эл,Сернурский муниципальный район,Всего по обследуемым видам экономической деятельности,2022,35969.1
88648000,Республика Марий Эл,Сернурский муниципальный район,Всего по обследуемым видам экономической деятельности,2023,43033.3
88648000,Республика Марий Эл,Сернурский муниципальный район,Всего по обследуемым видам экономической деятельности,2024,51576.7
88652000,Республика Марий Эл,Советский муниципальный район,Всего по обследуемым видам экономической деятельности,2022,34798.0
88652000,Республика Марий Эл,Советский муниципальный район,Всего по обследуемым видам экономической деятельности,2023,38687.5
88652000,Республика Марий Эл,Советский муниципальный район,Всего по обследуемым видам экономической деятельности,2024,47480.4
88656000,Республика Марий Эл,Юринский муниципальный район,Всего по обследуемым видам экономической деятельности,2022,35452.1
88656000,Республика Марий Эл,Юринский муниципальный район,Всего по обследуемым видам экономической деятельности,2023,39339.3
88656000,Республика Марий Эл,Юринский муниципальный район,Всего по обследуемым видам экономической деятельности,2024,45485.1
88701000,Республика Марий Эл,Город Йошкар-Ола,Всего по обследуемым видам экономической деятельности,2022,47219.3
88701000,Республика Марий Эл,Город Йошкар-Ола,Всего по обследуемым видам экономической деятельности,2023,57503.8
88701000,Республика Марий Эл,Город Йошкар-Ола,Всего по обследуемым видам экономической деятельности,2024,72240.8
88705000,Республика Марий Эл,Город Волжск,Всего по обследуемым видам экономической деятельности,2022,48247.7
88705000,Республика Марий Эл,Город Волжск,Всего по обследуемым видам экономической деятельности,2023,58662.8
88705000,Республика Марий Эл,Город Волжск,Всего по обследуемым видам экономической деятельности,2024,72852.5
88715000,Республика Марий Эл,Город Козьмодемьянск,Всего по обследуемым видам экономической деятельности,2022,38637.0
88715000,Республика Марий Эл,Город Козьмодемьянск,Всего по обследуемым видам экономической деятельности,2023,50132.6
88715000,Республика Марий Эл,Город Козьмодемьянск,Всего по обследуемым видам экономической деятельности,2024,62177.5
89603000,Республика Мордовия,Ардатовский муниципальный район,Всего по обследуемым видам экономической деятельности,2022,35084.9
89603000,Республика Мордовия,Ардатовский муниципальный район,Всего по обследуемым видам экономической деятельности,2023,41883.7
89603000,Республика Мордовия,Ардатовский муниципальный район,Всего по обследуемым видам экономической деятельности,2024,50305.4
89605000,Республика Мордовия,Атюрьевский муниципальный район,Всего по обследуемым видам экономической деятельности,2022,27735.6
89605000,Республика Мордовия,Атюрьевский муниципальный район,Всего по обследуемым видам экономической деятельности,2023,31097.0
89605000,Республика Мордовия,Атюрьевский муниципальный район,Всего по обследуемым видам экономической деятельности,2024,37086.3
89607000,Республика Мордовия,Атяшевский муниципальный район,Всего по обследуемым видам экономической деятельности,2022,36370.7
89607000,Республика Мордовия,Атяшевский муниципальный район,Всего по обследуемым видам экономической деятельности,2023,43655.3
89607000,Республика Мордовия,Атяшевский муниципальный район,Всего по обследуемым видам экономической деятельности,2024,53073.3
89610000,Республика Мордовия,Большеберезниковский муниципальный район,Всего по обследуемым видам экономической деятельности,2022,30276.7
89610000,Республика Мордовия,Большеберезниковский муниципальный район,Всего по обследуемым видам экономической деятельности,2023,34412.2
89610000,Республика Мордовия,Большеберезниковский муниципальный район,Всего по обследуемым видам экономической деятельности,2024,43037.1
89613000,Республика Мордовия,Большеигнатовский муниципальный район,Всего по обследуемым видам экономической деятельности,2022,28784.5
89613000,Республика Мордовия,Большеигнатовский муниципальный район,Всего по обследуемым видам экономической деятельности,2023,33538.8
89613000,Республика Мордовия,Большеигнатовский муниципальный район,Всего по обследуемым видам экономической деятельности,2024,40699.3
89616000,Республика Мордовия,Дубенский муниципальный район,Всего по обследуемым видам экономической деятельности,2022,33615.2
89616000,Республика Мордовия,Дубенский муниципальный район,Всего по обследуемым видам экономической деятельности,2023,38197.4
89616000,Республика Мордовия,Дубенский муниципальный район,Всего по обследуемым видам экономической деятельности,2024,51253.2
89618000,Республика Мордовия,Ельниковский муниципальный район,Всего по обследуемым видам экономической деятельности,2022,31550.0
89618000,Республика Мордовия,Ельниковский муниципальный район,Всего по обследуемым видам экономической деятельности,2023,37005.9
89618000,Республика Мордовия,Ельниковский муниципальный район,Всего по обследуемым видам экономической деятельности,2024,45661.0
89621000,Республика Мордовия,Зубово-Полянский муниципальный район,Всего по обследуемым видам экономической деятельности,2022,29861.8
89621000,Республика Мордовия,Зубово-Полянский муниципальный район,Всего по обследуемым видам экономической деятельности,2023,35101.5
89621000,Республика Мордовия,Зубово-Полянский муниципальный район,Всего по обследуемым видам экономической деятельности,2024,40550.3
89624000,Республика Мордовия,Инсарский муниципальный район,Всего по обследуемым видам экономической деятельности,2022,33689.0
89624000,Республика Мордовия,Инсарский муниципальный район,Всего по обследуемым видам экономической деятельности,2023,40387.0
89624000,Республика Мордовия,Инсарский муниципальный район,Всего по обследуемым видам экономической деятельности,2024,52361.3
89626000,Республика Мордовия,Ичалковский муниципальный район,Всего по обследуемым видам экономической деятельности,2022,36486.8
89626000,Республика Мордовия,Ичалковский муниципальный район,Всего по обследуемым видам экономической деятельности,2023,41099.8
89626000,Республика Мордовия,Ичалковский муниципальный район,Всего по обследуемым видам экономической деятельности,2024,51547.6
89628000,Республика Мордовия,Кадошкинский муниципальный район,Всего по обследуемым видам экономической деятельности,2022,34870.0
89628000,Республика Мордовия,Кадошкинский муниципальный район,Всего по обследуемым видам экономической деятельности,2023,38830.2
89628000,Республика Мордовия,Кадошкинский муниципальный район,Всего по обследуемым видам экономической деятельности,2024,47389.6
89629000,Республика Мордовия,Ковылкинский муниципальный район,Всего по обследуемым видам экономической деятельности,2022,31790.9
89629000,Республика Мордовия,Ковылкинский муниципальный район,Всего по обследуемым видам экономической деятельности,2023,37549.2
89629000,Республика Мордовия,Ковылкинский муниципальный район,Всего по обследуемым видам экономической деятельности,2024,49393.3
89631000,Республика Мордовия,Кочкуровский муниципальный район,Всего по обследуемым видам экономической деятельности,2022,36188.6
89631000,Республика Мордовия,Кочкуровский муниципальный район,Всего по обследуемым видам экономической деятельности,2023,42812.8
89631000,Республика Мордовия,Кочкуровский муниципальный район,Всего по обследуемым видам экономической деятельности,2024,51421.4
89634000,Республика Мордовия,Краснослободский муниципальный район,Всего по обследуемым видам экономической деятельности,2022,34490.7
89634000,Республика Мордовия,Краснослободский муниципальный район,Всего по обследуемым видам экономической деятельности,2023,39061.1
89634000,Республика Мордовия,Краснослободский муниципальный район,Всего по обследуемым видам экономической деятельности,2024,46337.1
89637000,Республика Мордовия,Лямбирский муниципальный район,Всего по обследуемым видам экономической деятельности,2022,46049.4
89637000,Республика Мордовия,Лямбирский муниципальный район,Всего по обследуемым видам экономической деятельности,2023,53700.6
89637000,Республика Мордовия,Лямбирский муниципальный район,Всего по обследуемым видам экономической деятельности,2024,66626.1
89640000,Республика Мордовия,Ромодановский муниципальный район,Всего по обследуемым видам экономической деятельности,2022,39183.1
89640000,Республика Мордовия,Ромодановский муниципальный район,Всего по обследуемым видам экономической деятельности,2023,44309.9
89640000,Республика Мордовия,Ромодановский муниципальный район,Всего по обследуемым видам экономической деятельности,2024,54295.6
89643000,Республика Мордовия,Рузаевский муниципальный район,Всего по обследуемым видам экономической деятельности,2022,49267.8
89643000,Республика Мордовия,Рузаевский муниципальный район,Всего по обследуемым видам экономической деятельности,2023,55885.5
89643000,Республика Мордовия,Рузаевский муниципальный район,Всего по обследуемым видам экономической деятельности,2024,68748.4
89646000,Республика Мордовия,Старошайговский муниципальный район,Всего по обследуемым видам экономической деятельности,2022,33433.1
89646000,Республика Мордовия,Старошайговский муниципальный район,Всего по обследуемым видам экономической деятельности,2023,36592.8
89646000,Республика Мордовия,Старошайговский муниципальный район,Всего по обследуемым видам экономической деятельности,2024,45192.2
89649000,Республика Мордовия,Темниковский муниципальный район,Всего по обследуемым видам экономической деятельности,2022,31400.3
89649000,Республика Мордовия,Темниковский муниципальный район,Всего по обследуемым видам экономической деятельности,2023,34973.4
89649000,Республика Мордовия,Темниковский муниципальный район,Всего по обследуемым видам экономической деятельности,2024,43557.8
89651000,Республика Мордовия,Теньгушевский муниципальный район,Всего по обследуемым видам экономической деятельности,2022,32089.5
89651000,Республика Мордовия,Теньгушевский муниципальный район,Всего по обследуемым видам экономической деятельности,2023,35364.9
89651000,Республика Мордовия,Теньгушевский муниципальный район,Всего по обследуемым видам экономической деятельности,2024,43659.5
89654000,Республика Мордовия,Торбеевский муниципальный район,Всего по обследуемым видам экономической деятельности,2022,39324.6
89654000,Республика Мордовия,Торбеевский муниципальный район,Всего по обследуемым видам экономической деятельности,2023,47168.1
89654000,Республика Мордовия,Торбеевский муниципальный район,Всего по обследуемым видам экономической деятельности,2024,53695.6
89657000,Республика Мордовия,Чамзинский муниципальный район,Всего по обследуемым видам экономической деятельности,2022,46272.9
89657000,Республика Мордовия,Чамзинский муниципальный район,Всего по обследуемым видам экономической деятельности,2023,53473.1
89657000,Республика Мордовия,Чамзинский муниципальный район,Всего по обследуемым видам экономической деятельности,2024,68736.9
89701000,Республика Мордовия,Саранск,Всего по обследуемым видам экономической деятельности,2022,44290.7
89701000,Республика Мордовия,Саранск,Всего по обследуемым видам экономической деятельности,2023,51651.6
89701000,Республика Мордовия,Саранск,Всего по обследуемым видам экономической деятельности,2024,62598.4
90605000,Республика Северная Осетия — Алания,Алагирский муниципальный район,Всего по обследуемым видам экономической деятельности,2022,30509.9
90605000,Республика Северная Осетия — Алания,Алагирский муниципальный район,Всего по обследуемым видам экономической деятельности,2023,33606.5
90610000,Республика Северная Осетия — Алания,Ардонский муниципальный район,Всего по обследуемым видам экономической деятельности,2022,29547.1
90610000,Республика Северная Осетия — Алания,Ардонский муниципальный район,Всего по обследуемым видам экономической деятельности,2023,32252.1
90615000,Республика Северная Осетия — Алания,Дигорский муниципальный район,Всего по обследуемым видам экономической деятельности,2022,29233.5
90615000,Республика Северная Осетия — Алания,Дигорский муниципальный район,Всего по обследуемым видам экономической деятельности,2023,31979.1
90620000,Республика Северная Осетия — Алания,Ирафский муниципальный район,Всего по обследуемым видам экономической деятельности,2022,31768.5
90620000,Республика Северная Осетия — Алания,Ирафский муниципальный район,Всего по обследуемым видам экономической деятельности,2023,36095.9
90625000,Республика Северная Осетия — Алания,Кировский муниципальный район,Всего по обследуемым видам экономической деятельности,2022,31540.6
90625000,Республика Северная Осетия — Алания,Кировский муниципальный район,Всего по обследуемым видам экономической деятельности,2023,34570.5
90630000,Республика Северная Осетия — Алания,Моздокский муниципальный район,Всего по обследуемым видам экономической деятельности,2022,41612.5
90630000,Республика Северная Осетия — Алания,Моздокский муниципальный район,Всего по обследуемым видам экономической деятельности,2023,46796.8
90635000,Республика Северная Осетия — Алания,Правобережный муниципальный район,Всего по обследуемым видам экономической деятельности,2022,33525.7
90635000,Республика Северная Осетия — Алания,Правобережный муниципальный район,Всего по обследуемым видам экономической деятельности,2023,37323.9
90640000,Республика Северная Осетия — Алания,Пригородный муниципальный район,Всего по обследуемым видам экономической деятельности,2022,35096.7
90640000,Республика Северная Осетия — Алания,Пригородный муниципальный район,Всего по обследуемым видам экономической деятельности,2023,39573.6
90701000,Республика Северная Осетия — Алания,Город Владикавказ,Всего по обследуемым видам экономической деятельности,2022,40402.2
90701000,Республика Северная Осетия — Алания,Город Владикавказ,Всего по обследуемым видам экономической деятельности,2023,45649.6
91000000,Карачаево-Черкесская Республика,Муниципальные образования Карачаево-Черкесской Республики,Всего по обследуемым видам экономической деятельности,2023,42875.7
91601000,Карачаево-Черкесская Республика,Абазинский муниципальный район,Всего по обследуемым видам экономической деятельности,2022,32497.7
91601000,Карачаево-Черкесская Республика,Абазинский муниципальный район,Всего по обследуемым видам экономической деятельности,2023,34211.4
91601000,Карачаево-Черкесская Республика,Абазинский муниципальный район,Всего по обследуемым видам экономической деятельности,2024,40284.5
91603000,Карачаево-Черкесская Республика,Адыге-Хабльский муниципальный район,Всего по обследуемым видам экономической деятельности,2022,30048.6
91603000,Карачаево-Черкесская Республика,Адыге-Хабльский муниципальный район,Всего по обследуемым видам экономической деятельности,2023,35044.6
91603000,Карачаево-Черкесская Республика,Адыге-Хабльский муниципальный район,Всего по обследуемым видам экономической деятельности,2024,42207.3
91610000,Карачаево-Черкесская Республика,Зеленчукский муниципальный район,Всего по обследуемым видам экономической деятельности,2022,33292.4
91610000,Карачаево-Черкесская Республика,Зеленчукский муниципальный район,Всего по обследуемым видам экономической деятельности,2023,39234.7
91610000,Карачаево-Черкесская Республика,Зеленчукский муниципальный район,Всего по обследуемым видам экономической деятельности,2024,49497.5
91615000,Карачаево-Черкесская Республика,Карачаевский муниципальный район,Всего по обследуемым видам экономической деятельности,2022,29723.4
91615000,Карачаево-Черкесская Республика,Карачаевский муниципальный район,Всего по обследуемым видам экономической деятельности,2023,34712.4
91615000,Карачаево-Черкесская Республика,Карачаевский муниципальный район,Всего по обследуемым видам экономической деятельности,2024,39152.7
91620000,Карачаево-Черкесская Республика,Малокарачаевский муниципальный район,Всего по обследуемым видам экономической деятельности,2022,29741.7
91620000,Карачаево-Черкесская Республика,Малокарачаевский муниципальный район,Всего по обследуемым видам экономической деятельности,2023,33498.6
91620000,Карачаево-Черкесская Республика,Малокарачаевский муниципальный район,Всего по обследуемым видам экономической деятельности,2024,39521.4
91623000,Карачаево-Черкесская Республика,Ногайский муниципальный район,Всего по обследуемым видам экономической деятельности,2022,26191.5
91623000,Карачаево-Черкесская Республика,Ногайский муниципальный район,Всего по обследуемым видам экономической деятельности,2023,29141.1
91623000,Карачаево-Черкесская Республика,Ногайский муниципальный район,Всего по обследуемым видам экономической деятельности,2024,35727.4
91625000,Карачаево-Черкесская Республика,Прикубанский муниципальный район,Всего по обследуемым видам экономической деятельности,2022,32914.3
91625000,Карачаево-Черкесская Республика,Прикубанский муниципальный район,Всего по обследуемым видам экономической деятельности,2023,41918.0
91625000,Карачаево-Черкесская Республика,Прикубанский муниципальный район,Всего по обследуемым видам экономической деятельности,2024,52439.0
91630000,Карачаево-Черкесская Республика,Урупский муниципальный район,Всего по обследуемым видам экономической деятельности,2022,40539.9
91630000,Карачаево-Черкесская Республика,Урупский муниципальный район,Всего по обследуемым видам экономической деятельности,2023,47403.7
91630000,Карачаево-Черкесская Республика,Урупский муниципальный район,Всего по обследуемым видам экономической деятельности,2024,56531.0
91635000,Карачаево-Черкесская Республика,Усть-Джегутинский муниципальный район,Всего по обследуемым видам экономической деятельности,2022,41017.6
91635000,Карачаево-Черкесская Республика,Усть-Джегутинский муниципальный район,Всего по обследуемым видам экономической деятельности,2023,42970.0
91635000,Карачаево-Черкесская Республика,Усть-Джегутинский муниципальный район,Всего по обследуемым видам экономической деятельности,2024,53103.8
91640000,Карачаево-Черкесская Республика,Хабезский муниципальный район,Всего по обследуемым видам экономической деятельности,2022,29568.2
91640000,Карачаево-Черкесская Республика,Хабезский муниципальный район,Всего по обследуемым видам экономической деятельности,2023,32970.8
91640000,Карачаево-Черкесская Республика,Хабезский муниципальный район,Всего по обследуемым видам экономической деятельности,2024,38811.6
91701000,Карачаево-Черкесская Республика,Черкесский,Всего по обследуемым видам экономической деятельности,2022,42127.8
91701000,Карачаево-Черкесская Республика,Черкесский,Всего по обследуемым видам экономической деятельности,2023,48746.3
91701000,Карачаево-Черкесская Республика,Черкесский,Всего по обследуемым видам экономической деятельности,2024,56717.4
91705000,Карачаево-Черкесская Республика,Карачаевский,Всего по обследуемым видам экономической деятельности,2022,32193.4
91705000,Карачаево-Черкесская Республика,Карачаевский,Всего по обследуемым видам экономической деятельности,2023,35986.6
91705000,Карачаево-Черкесская Республика,Карачаевский,Всего по обследуемым видам экономической деятельности,2024,43034.8
92601000,Республика Татарстан,Агрызский муниципальный район,Всего по обследуемым видам экономической деятельности,2022,47163.2
92601000,Республика Татарстан,Агрызский муниципальный район,Всего по обследуемым видам экономической деятельности,2023,55092.9
92601000,Республика Татарстан,Агрызский муниципальный район,Всего по обследуемым видам экономической деятельности,2024,66228.7
92602000,Республика Татарстан,Азнакаевский муниципальный район,Всего по обследуемым видам экономической деятельности,2022,51752.1
92602000,Республика Татарстан,Азнакаевский муниципальный район,Всего по обследуемым видам экономической деятельности,2023,62885.5
92602000,Республика Татарстан,Азнакаевский муниципальный район,Всего по обследуемым видам экономической деятельности,2024,74115.1
92604000,Республика Татарстан,Аксубаевский муниципальный район,Всего по обследуемым видам экономической деятельности,2022,38653.8
92604000,Республика Татарстан,Аксубаевский муниципальный район,Всего по обследуемым видам экономической деятельности,2023,45061.2
92604000,Республика Татарстан,Аксубаевский муниципальный район,Всего по обследуемым видам экономической деятельности,2024,56984.5
92605000,Республика Татарстан,Актанышский муниципальный район,Всего по обследуемым видам экономической деятельности,2022,42864.3
92605000,Республика Татарстан,Актанышский муниципальный район,Всего по обследуемым видам экономической деятельности,2023,49120.6
92605000,Республика Татарстан,Актанышский муниципальный район,Всего по обследуемым видам экономической деятельности,2024,62934.9
92606000,Республика Татарстан,Алексеевский муниципальный район,Всего по обследуемым видам экономической деятельности,2022,49141.8
92606000,Республика Татарстан,Алексеевский муниципальный район,Всего по обследуемым видам экономической деятельности,2023,63591.4
92606000,Республика Татарстан,Алексеевский муниципальный район,Всего по обследуемым видам экономической деятельности,2024,78554.5
92607000,Республика Татарстан,Алькеевский муниципальный район,Всего по обследуемым видам экономической деятельности,2022,37434.8
92607000,Республика Татарстан,Алькеевский муниципальный район,Всего по обследуемым видам экономической деятельности,2023,45662.5
92607000,Республика Татарстан,Алькеевский муниципальный район,Всего по обследуемым видам экономической деятельности,2024,57182.1
92608000,Республика Татарстан,Альметьевский муниципальный район,Всего по обследуемым видам экономической деятельности,2022,67041.7
92608000,Республика Татарстан,Альметьевский муниципальный район,Всего по обследуемым видам экономической деятельности,2023,81308.9
92608000,Республика Татарстан,Альметьевский муниципальный район,Всего по обследуемым видам экономической деятельности,2024,97189.0
92610000,Республика Татарстан,Апастовский муниципальный район,Всего по обследуемым видам экономической деятельности,2022,43773.1
92610000,Республика Татарстан,Апастовский муниципальный район,Всего по обследуемым видам экономической деятельности,2023,45361.0
92610000,Республика Татарстан,Апастовский муниципальный район,Всего по обследуемым видам экономической деятельности,2024,54835.7
92612000,Республика Татарстан,Арский муниципальный район,Всего по обследуемым видам экономической деятельности,2022,37614.2
92612000,Республика Татарстан,Арский муниципальный район,Всего по обследуемым видам экономической деятельности,2023,43487.5
92612000,Республика Татарстан,Арский муниципальный район,Всего по обследуемым видам экономической деятельности,2024,53071.2
92613000,Республика Татарстан,Атнинский муниципальный район,Всего по обследуемым видам экономической деятельности,2022,37962.3
92613000,Республика Татарстан,Атнинский муниципальный район,Всего по обследуемым видам экономической деятельности,2023,43952.2
92613000,Республика Татарстан,Атнинский муниципальный район,Всего по обследуемым видам экономической деятельности,2024,53607.9
92614000,Республика Татарстан,Бавлинский муниципальный район,Всего по обследуемым видам экономической деятельности,2022,49262.1
92614000,Республика Татарстан,Бавлинский муниципальный район,Всего по обследуемым видам экономической деятельности,2023,61013.8
92614000,Республика Татарстан,Бавлинский муниципальный район,Всего по обследуемым видам экономической деятельности,2024,72234.0
92615000,Республика Татарстан,Балтасинский муниципальный район,Всего по обследуемым видам экономической деятельности,2022,36557.9
92615000,Республика Татарстан,Балтасинский муниципальный район,Всего по обследуемым видам экономической деятельности,2023,42629.2
92615000,Республика Татарстан,Балтасинский муниципальный район,Всего по обследуемым видам экономической деятельности,2024,57117.0
92617000,Республика Татарстан,Бугульминский муниципальный район,Всего по обследуемым видам экономической деятельности,2022,50470.9
92617000,Республика Татарстан,Бугульминский муниципальный район,Всего по обследуемым видам экономической деятельности,2023,61632.4
92617000,Республика Татарстан,Бугульминский муниципальный район,Всего по обследуемым видам экономической деятельности,2024,72273.3
92618000,Республика Татарстан,Буинский муниципальный район,Всего по обследуемым видам экономической деятельности,2022,40611.8
92618000,Республика Татарстан,Буинский муниципальный район,Всего по обследуемым видам экономической деятельности,2023,46126.9
92618000,Республика Татарстан,Буинский муниципальный район,Всего по обследуемым видам экономической деятельности,2024,54996.2
92620000,Республика Татарстан,Верхнеуслонский муниципальный район,Всего по обследуемым видам экономической деятельности,2022,101622.4
92620000,Республика Татарстан,Верхнеуслонский муниципальный район,Всего по обследуемым видам экономической деятельности,2023,146607.6
92620000,Республика Татарстан,Верхнеуслонский муниципальный район,Всего по обследуемым видам экономической деятельности,2024,182259.8
92622000,Республика Татарстан,Высокогорский муниципальный район,Всего по обследуемым видам экономической деятельности,2022,48895.4
92622000,Республика Татарстан,Высокогорский муниципальный район,Всего по обследуемым видам экономической деятельности,2023,58889.7
92622000,Республика Татарстан,Высокогорский муниципальный район,Всего по обследуемым видам экономической деятельности,2024,73992.4
92624000,Республика Татарстан,Дрожжановский муниципальный район,Всего по обследуемым видам экономической деятельности,2022,36049.1
92624000,Республика Татарстан,Дрожжановский муниципальный район,Всего по обследуемым видам экономической деятельности,2023,41713.8
92624000,Республика Татарстан,Дрожжановский муниципальный район,Всего по обследуемым видам экономической деятельности,2024,49846.8
92626000,Республика Татарстан,Елабужский муниципальный район,Всего по обследуемым видам экономической деятельности,2022,61336.2
92626000,Республика Татарстан,Елабужский муниципальный район,Всего по обследуемым видам экономической деятельности,2023,86036.9
92626000,Республика Татарстан,Елабужский муниципальный район,Всего по обследуемым видам экономической деятельности,2024,126084.3
92627000,Республика Татарстан,Заинский муниципальный район,Всего по обследуемым видам экономической деятельности,2022,47061.8
92627000,Республика Татарстан,Заинский муниципальный район,Всего по обследуемым видам экономической деятельности,2023,55938.1
92627000,Республика Татарстан,Заинский муниципальный район,Всего по обследуемым видам экономической деятельности,2024,69419.4
92628000,Республика Татарстан,Зеленодольский муниципальный район,Всего по обследуемым видам экономической деятельности,2022,41220.5
92628000,Республика Татарстан,Зеленодольский муниципальный район,Всего по обследуемым видам экономической деятельности,2023,53233.8
92628000,Республика Татарстан,Зеленодольский муниципальный район,Всего по обследуемым видам экономической деятельности,2024,65225.1
92629000,Республика Татарстан,Кайбицкий муниципальный район,Всего по обследуемым видам экономической деятельности,2022,46814.3
92629000,Республика Татарстан,Кайбицкий муниципальный район,Всего по обследуемым видам экономической деятельности,2023,58853.6
92629000,Республика Татарстан,Кайбицкий муниципальный район,Всего по обследуемым видам экономической деятельности,2024,59305.7
92630000,Республика Татарстан,Камско-Устьинский муниципальный район,Всего по обследуемым видам экономической деятельности,2022,40192.3
92630000,Республика Татарстан,Камско-Устьинский муниципальный район,Всего по обследуемым видам экономической деятельности,2023,47814.9
92630000,Республика Татарстан,Камско-Устьинский муниципальный район,Всего по обследуемым видам экономической деятельности,2024,56603.2
92632000,Республика Татарстан,Спасский муниципальный район,Всего по обследуемым видам экономической деятельности,2022,39529.4
92632000,Республика Татарстан,Спасский муниципальный район,Всего по обследуемым видам экономической деятельности,2023,46073.7
92632000,Республика Татарстан,Спасский муниципальный район,Всего по обследуемым видам экономической деятельности,2024,55706.6
92633000,Республика Татарстан,Кукморский муниципальный район,Всего по обследуемым видам экономической деятельности,2022,40064.9
92633000,Республика Татарстан,Кукморский муниципальный район,Всего по обследуемым видам экономической деятельности,2023,47175.6
92633000,Республика Татарстан,Кукморский муниципальный район,Всего по обследуемым видам экономической деятельности,2024,55589.5
92634000,Республика Татарстан,Лаишевский муниципальный район,Всего по обследуемым видам экономической деятельности,2022,74306.4
92634000,Республика Татарстан,Лаишевский муниципальный район,Всего по обследуемым видам экономической деятельности,2023,87341.3
92634000,Республика Татарстан,Лаишевский муниципальный район,Всего по обследуемым видам экономической деятельности,2024,103579.8
92636000,Республика Татарстан,Лениногорский муниципальный район,Всего по обследуемым видам экономической деятельности,2022,54150.4
92636000,Республика Татарстан,Лениногорский муниципальный район,Всего по обследуемым видам экономической деятельности,2023,64080.3
92636000,Республика Татарстан,Лениногорский муниципальный район,Всего по обследуемым видам экономической деятельности,2024,74421.7
92638000,Республика Татарстан,Мамадышский муниципальный район,Всего по обследуемым видам экономической деятельности,2022,42950.9
92638000,Республика Татарстан,Мамадышский муниципальный район,Всего по обследуемым видам экономической деятельности,2023,51843.5
92638000,Республика Татарстан,Мамадышский муниципальный район,Всего по обследуемым видам экономической деятельности,2024,65096.3
92639000,Республика Татарстан,Менделеевский муниципальный район,Всего по обследуемым видам экономической деятельности,2022,54716.1
92639000,Республика Татарстан,Менделеевский муниципальный район,Всего по обследуемым видам экономической деятельности,2023,64860.4
92639000,Республика Татарстан,Менделеевский муниципальный район,Всего по обследуемым видам экономической деятельности,2024,86032.8
92640000,Республика Татарстан,Мензелинский муниципальный район,Всего по обследуемым видам экономической деятельности,2022,39371.0
92640000,Республика Татарстан,Мензелинский муниципальный район,Всего по обследуемым видам экономической деятельности,2023,46310.5
92640000,Республика Татарстан,Мензелинский муниципальный район,Всего по обследуемым видам экономической деятельности,2024,57040.1
92642000,Республика Татарстан,Муслюмовский муниципальный район,Всего по обследуемым видам экономической деятельности,2022,39900.2
92642000,Республика Татарстан,Муслюмовский муниципальный район,Всего по обследуемым видам экономической деятельности,2023,47523.0
92642000,Республика Татарстан,Муслюмовский муниципальный район,Всего по обследуемым видам экономической деятельности,2024,58339.2
92644000,Республика Татарстан,Нижнекамский муниципальный район,Всего по обследуемым видам экономической деятельности,2022,69853.2
92644000,Республика Татарстан,Нижнекамский муниципальный район,Всего по обследуемым видам экономической деятельности,2023,82945.5
92644000,Республика Татарстан,Нижнекамский муниципальный район,Всего по обследуемым видам экономической деятельности,2024,98467.6
92645000,Республика Татарстан,Новошешминский муниципальный район,Всего по обследуемым видам экономической деятельности,2022,65471.0
92645000,Республика Татарстан,Новошешминский муниципальный район,Всего по обследуемым видам экономической деятельности,2023,76284.8
92645000,Республика Татарстан,Новошешминский муниципальный район,Всего по обследуемым видам экономической деятельности,2024,93598.9
92646000,Республика Татарстан,Нурлатский муниципальный район,Всего по обследуемым видам экономической деятельности,2022,48737.9
92646000,Республика Татарстан,Нурлатский муниципальный район,Всего по обследуемым видам экономической деятельности,2023,58824.1
92646000,Республика Татарстан,Нурлатский муниципальный район,Всего по обследуемым видам экономической деятельности,2024,69712.6
92648000,Республика Татарстан,Пестречинский муниципальный район,Всего по обследуемым видам экономической деятельности,2022,47530.1
92648000,Республика Татарстан,Пестречинский муниципальный район,Всего по обследуемым видам экономической деятельности,2023,53964.3
92648000,Республика Татарстан,Пестречинский муниципальный район,Всего по обследуемым видам экономической деятельности,2024,65735.3
92650000,Республика Татарстан,Рыбно-Слободский муниципальный район,Всего по обследуемым видам экономической деятельности,2022,35692.4
92650000,Республика Татарстан,Рыбно-Слободский муниципальный район,Всего по обследуемым видам экономической деятельности,2023,40560.3
92650000,Республика Татарстан,Рыбно-Слободский муниципальный район,Всего по обследуемым видам экономической деятельности,2024,48648.0
92652000,Республика Татарстан,Сабинский муниципальный район,Всего по обследуемым видам экономической деятельности,2022,41547.0
92652000,Республика Татарстан,Сабинский муниципальный район,Всего по обследуемым видам экономической деятельности,2023,49597.7
92652000,Республика Татарстан,Сабинский муниципальный район,Всего по обследуемым видам экономической деятельности,2024,61804.9
92653000,Республика Татарстан,Сармановский муниципальный район,Всего по обследуемым видам экономической деятельности,2022,46745.3
92653000,Республика Татарстан,Сармановский муниципальный район,Всего по обследуемым видам экономической деятельности,2023,57423.6
92653000,Республика Татарстан,Сармановский муниципальный район,Всего по обследуемым видам экономической деятельности,2024,65866.4
92654000,Республика Татарстан,Ютазинский муниципальный район,Всего по обследуемым видам экономической деятельности,2022,40969.2
92654000,Республика Татарстан,Ютазинский муниципальный район,Всего по обследуемым видам экономической деятельности,2023,49019.1
92654000,Республика Татарстан,Ютазинский муниципальный район,Всего по обследуемым видам экономической деятельности,2024,59884.9
92655000,Республика Татарстан,Тетюшский муниципальный район,Всего по обследуемым видам экономической деятельности,2022,37798.5
92655000,Республика Татарстан,Тетюшский муниципальный район,Всего по обследуемым видам экономической деятельности,2023,43625.3
92655000,Республика Татарстан,Тетюшский муниципальный район,Всего по обследуемым видам экономической деятельности,2024,51809.6
92656000,Республика Татарстан,Тюлячинский муниципальный район,Всего по обследуемым видам экономической деятельности,2022,38068.8
92656000,Республика Татарстан,Тюлячинский муниципальный район,Всего по обследуемым видам экономической деятельности,2023,45219.0
92656000,Республика Татарстан,Тюлячинский муниципальный район,Всего по обследуемым видам экономической деятельности,2024,55637.4
92657000,Республика Татарстан,Тукаевский муниципальный район,Всего по обследуемым видам экономической деятельности,2022,45236.9
92657000,Республика Татарстан,Тукаевский муниципальный район,Всего по обследуемым видам экономической деятельности,2023,57732.8
92657000,Республика Татарстан,Тукаевский муниципальный район,Всего по обследуемым видам экономической деятельности,2024,77587.4
92658000,Республика Татарстан,Черемшанский муниципальный район,Всего по обследуемым видам экономической деятельности,2022,46242.3
92658000,Республика Татарстан,Черемшанский муниципальный район,Всего по обследуемым видам экономической деятельности,2023,53839.9
92658000,Республика Татарстан,Черемшанский муниципальный район,Всего по обследуемым видам экономической деятельности,2024,65974.0
92659000,Республика Татарстан,Чистопольский муниципальный район,Всего по обследуемым видам экономической деятельности,2022,44115.6
92659000,Республика Татарстан,Чистопольский муниципальный район,Всего по обследуемым видам экономической деятельности,2023,52834.0
92659000,Республика Татарстан,Чистопольский муниципальный район,Всего по обследуемым видам экономической деятельности,2024,64210.4
92701000,Республика Татарстан,Город Казань,Всего по обследуемым видам экономической деятельности,2022,65269.6
92701000,Республика Татарстан,Город Казань,Всего по обследуемым видам экономической деятельности,2023,77449.7
92701000,Республика Татарстан,Город Казань,Всего по обследуемым видам экономической деятельности,2024,94672.7
92730000,Республика Татарстан,Город Набережные Челны,Всего по обследуемым видам экономической деятельности,2022,56749.2
92730000,Республика Татарстан,Город Набережные Челны,Всего по обследуемым видам экономической деятельности,2023,70392.5
92730000,Республика Татарстан,Город Набережные Челны,Всего по обследуемым видам экономической деятельности,2024,87755.3
93605000,Республика Тыва,Бай-Тайгинский муниципальный район,Всего по обследуемым видам экономической деятельности,2022,35796.3
93605000,Республика Тыва,Бай-Тайгинский муниципальный район,Всего по обследуемым видам экономической деятельности,2023,39736.3
93605000,Республика Тыва,Бай-Тайгинский муниципальный район,Всего по обследуемым видам экономической деятельности,2024,46623.0
93610000,Республика Тыва,Барун-Хемчикский муниципальный район,Всего по обследуемым видам экономической деятельности,2022,38548.8
93610000,Республика Тыва,Барун-Хемчикский муниципальный район,Всего по обследуемым видам экономической деятельности,2023,41664.6
93610000,Республика Тыва,Барун-Хемчикский муниципальный район,Всего по обследуемым видам экономической деятельности,2024,48513.7
93615000,Республика Тыва,Дзун-Хемчикский муниципальный район,Всего по обследуемым видам экономической деятельности,2022,38825.8
93615000,Республика Тыва,Дзун-Хемчикский муниципальный район,Всего по обследуемым видам экономической деятельности,2023,42744.3
93615000,Республика Тыва,Дзун-Хемчикский муниципальный район,Всего по обследуемым видам экономической деятельности,2024,51531.3
93620000,Республика Тыва,Каа-Хемский муниципальный район,Всего по обследуемым видам экономической деятельности,2022,47868.6
93620000,Республика Тыва,Каа-Хемский муниципальный район,Всего по обследуемым видам экономической деятельности,2023,51175.6
93620000,Республика Тыва,Каа-Хемский муниципальный район,Всего по обследуемым видам экономической деятельности,2024,59905.0
93622000,Республика Тыва,Кызылский муниципальный район,Всего по обследуемым видам экономической деятельности,2022,46737.4
93622000,Республика Тыва,Кызылский муниципальный район,Всего по обследуемым видам экономической деятельности,2023,52883.4
93622000,Республика Тыва,Кызылский муниципальный район,Всего по обследуемым видам экономической деятельности,2024,61583.4
93625000,Республика Тыва,Монгун-Тайгинский муниципальный район,Всего по обследуемым видам экономической деятельности,2022,41773.8
93625000,Республика Тыва,Монгун-Тайгинский муниципальный район,Всего по обследуемым видам экономической деятельности,2023,47437.4
93625000,Республика Тыва,Монгун-Тайгинский муниципальный район,Всего по обследуемым видам экономической деятельности,2024,56235.8
93630000,Республика Тыва,Овюрский муниципальный район,Всего по обследуемым видам экономической деятельности,2022,38467.1
93630000,Республика Тыва,Овюрский муниципальный район,Всего по обследуемым видам экономической деятельности,2023,45349.4
93630000,Республика Тыва,Овюрский муниципальный район,Всего по обследуемым видам экономической деятельности,2024,53792.9
93635000,Республика Тыва,Пий-Хемский муниципальный район,Всего по обследуемым видам экономической деятельности,2022,40396.4
93635000,Республика Тыва,Пий-Хемский муниципальный район,Всего по обследуемым видам экономической деятельности,2023,44508.7
93635000,Республика Тыва,Пий-Хемский муниципальный район,Всего по обследуемым видам экономической деятельности,2024,62886.8
93638000,Республика Тыва,Сут-Хольский муниципальный район,Всего по обследуемым видам экономической деятельности,2022,36988.0
93638000,Республика Тыва,Сут-Хольский муниципальный район,Всего по обследуемым видам экономической деятельности,2023,40641.5
93638000,Республика Тыва,Сут-Хольский муниципальный район,Всего по обследуемым видам экономической деятельности,2024,46724.8
93640000,Республика Тыва,Тандинский муниципальный район,Всего по обследуемым видам экономической деятельности,2022,43505.8
93640000,Республика Тыва,Тандинский муниципальный район,Всего по обследуемым видам экономической деятельности,2023,48492.2
93640000,Республика Тыва,Тандинский муниципальный район,Всего по обследуемым видам экономической деятельности,2024,55744.8
93643000,Республика Тыва,Тере-Хольский муниципальный район,Всего по обследуемым видам экономической деятельности,2022,90765.5
93643000,Республика Тыва,Тере-Хольский муниципальный район,Всего по обследуемым видам экономической деятельности,2023,89216.7
93643000,Республика Тыва,Тере-Хольский муниципальный район,Всего по обследуемым видам экономической деятельности,2024,95231.4
93645000,Республика Тыва,Тес-Хемский муниципальный район,Всего по обследуемым видам экономической деятельности,2022,37364.0
93645000,Республика Тыва,Тес-Хемский муниципальный район,Всего по обследуемым видам экономической деятельности,2023,39408.0
93645000,Республика Тыва,Тес-Хемский муниципальный район,Всего по обследуемым видам экономической деятельности,2024,46886.1
93650000,Республика Тыва,Тоджинский муниципальный район,Всего по обследуемым видам экономической деятельности,2022,84364.8
93650000,Республика Тыва,Тоджинский муниципальный район,Всего по обследуемым видам экономической деятельности,2023,84196.8
93650000,Республика Тыва,Тоджинский муниципальный район,Всего по обследуемым видам экономической деятельности,2024,96701.2
93654000,Республика Тыва,Улуг-Хемский муниципальный район,Всего по обследуемым видам экономической деятельности,2022,41366.7
93654000,Республика Тыва,Улуг-Хемский муниципальный район,Всего по обследуемым видам экономической деятельности,2023,45918.6
93654000,Республика Тыва,Улуг-Хемский муниципальный район,Всего по обследуемым видам экономической деятельности,2024,52073.1
93656000,Республика Тыва,Чаа-Хольский муниципальный район,Всего по обследуемым видам экономической деятельности,2022,37924.5
93656000,Республика Тыва,Чаа-Хольский муниципальный район,Всего по обследуемым видам экономической деятельности,2023,41204.7
93656000,Республика Тыва,Чаа-Хольский муниципальный район,Всего по обследуемым видам экономической деятельности,2024,49644.4
93657000,Республика Тыва,Чеди-Хольский муниципальный район,Всего по обследуемым видам экономической деятельности,2022,40338.9
93657000,Республика Тыва,Чеди-Хольский муниципальный район,Всего по обследуемым видам экономической деятельности,2023,44758.3
93657000,Республика Тыва,Чеди-Хольский муниципальный район,Всего по обследуемым видам экономической деятельности,2024,51951.6
93658000,Республика Тыва,Эрзинский муниципальный район,Всего по обследуемым видам экономической деятельности,2022,38612.4
93658000,Республика Тыва,Эрзинский муниципальный район,Всего по обследуемым видам экономической деятельности,2023,42266.7
93658000,Республика Тыва,Эрзинский муниципальный район,Всего по обследуемым видам экономической деятельности,2024,51004.3
93701000,Республика Тыва,Город Кызыл,Всего по обследуемым видам экономической деятельности,2022,60878.3
93701000,Республика Тыва,Город Кызыл,Всего по обследуемым видам экономической деятельности,2023,69128.2
93701000,Республика Тыва,Город Кызыл,Всего по обследуемым видам экономической деятельности,2024,79611.0
93703000,Республика Тыва,Город Ак-Довурак,Всего по обследуемым видам экономической деятельности,2022,42457.0
93703000,Республика Тыва,Город Ак-Довурак,Всего по обследуемым видам экономической деятельности,2023,45562.7
93703000,Республика Тыва,Город Ак-Довурак,Всего по обследуемым видам экономической деятельности,2024,53422.9
94502000,Удмуртская Республика,Муниципальный округ Алнашский район,Всего по обследуемым видам экономической деятельности,2023,37483.5
94502000,Удмуртская Республика,Муниципальный округ Алнашский район,Всего по обследуемым видам экономической деятельности,2024,46374.0
94504000,Удмуртская Республика,Муниципальный округ Балезинский район,Всего по обследуемым видам экономической деятельности,2023,40154.7
94504000,Удмуртская Республика,Муниципальный округ Балезинский район,Всего по обследуемым видам экономической деятельности,2024,49049.5
94506000,Удмуртская Республика,Муниципальный округ Вавожский район,Всего по обследуемым видам экономической деятельности,2023,46794.6
94506000,Удмуртская Республика,Муниципальный округ Вавожский район,Всего по обследуемым видам экономической деятельности,2024,57916.2
94508000,Удмуртская Республика,Муниципальный округ Воткинский район,Всего по обследуемым видам экономической деятельности,2023,60014.2
94508000,Удмуртская Республика,Муниципальный округ Воткинский район,Всего по обследуемым видам экономической деятельности,2024,72380.4
94510000,Удмуртская Республика,Муниципальный округ Глазовский район,Всего по обследуемым видам экономической деятельности,2023,42374.0
94510000,Удмуртская Республика,Муниципальный округ Глазовский район,Всего по обследуемым видам экономической деятельности,2024,52703.0
94512000,Удмуртская Республика,Муниципальный округ Граховский район,Всего по обследуемым видам экономической деятельности,2023,38254.1
94512000,Удмуртская Республика,Муниципальный округ Граховский район,Всего по обследуемым видам экономической деятельности,2024,47943.0
94514000,Удмуртская Республика,Муниципальный округ Дебёсский район,Всего по обследуемым видам экономической деятельности,2023,42923.8
94514000,Удмуртская Республика,Муниципальный округ Дебёсский район,Всего по обследуемым видам экономической деятельности,2024,51971.3
94516000,Удмуртская Республика,Муниципальный округ Завьяловский район,Всего по обследуемым видам экономической деятельности,2023,49111.0
94516000,Удмуртская Республика,Муниципальный округ Завьяловский район,Всего по обследуемым видам экономической деятельности,2024,60377.9
94518000,Удмуртская Республика,Муниципальный округ Игринский район,Всего по обследуемым видам экономической деятельности,2023,46375.8
94518000,Удмуртская Республика,Муниципальный округ Игринский район,Всего по обследуемым видам экономической деятельности,2024,58555.5
94520000,Удмуртская Республика,Муниципальный округ Камбарский район,Всего по обследуемым видам экономической деятельности,2023,44892.6
94520000,Удмуртская Республика,Муниципальный округ Камбарский район,Всего по обследуемым видам экономической деятельности,2024,54584.1
94522000,Удмуртская Республика,Муниципальный округ Каракулинский район,Всего по обследуемым видам экономической деятельности,2023,47947.8
94522000,Удмуртская Республика,Муниципальный округ Каракулинский район,Всего по обследуемым видам экономической деятельности,2024,60435.8
94524000,Удмуртская Республика,Муниципальный округ Кезский район,Всего по обследуемым видам экономической деятельности,2023,39891.2
94524000,Удмуртская Республика,Муниципальный округ Кезский район,Всего по обследуемым видам экономической деятельности,2024,49008.0
94526000,Удмуртская Республика,Муниципальный округ Кизнерский район,Всего по обследуемым видам экономической деятельности,2023,39673.5
94526000,Удмуртская Республика,Муниципальный округ Кизнерский район,Всего по обследуемым видам экономической деятельности,2024,49308.2
94528000,Удмуртская Республика,Муниципальный округ Киясовский район,Всего по обследуемым видам экономической деятельности,2023,38809.4
94528000,Удмуртская Республика,Муниципальный округ Киясовский район,Всего по обследуемым видам экономической деятельности,2024,48497.2
94530000,Удмуртская Республика,Муниципальный округ Красногорский район,Всего по обследуемым видам экономической деятельности,2023,39702.6
94530000,Удмуртская Республика,Муниципальный округ Красногорский район,Всего по обследуемым видам экономической деятельности,2024,48409.2
94533000,Удмуртская Республика,Муниципальный округ Малопургинский район,Всего по обследуемым видам экономической деятельности,2023,41380.5
94533000,Удмуртская Республика,Муниципальный округ Малопургинский район,Всего по обследуемым видам экономической деятельности,2024,51464.0
94535000,Удмуртская Республика,Муниципальный округ Можгинский район,Всего по обследуемым видам экономической деятельности,2023,45384.7
94535000,Удмуртская Республика,Муниципальный округ Можгинский район,Всего по обследуемым видам экономической деятельности,2024,54381.6
94537000,Удмуртская Республика,Муниципальный округ Сарапульский район,Всего по обследуемым видам экономической деятельности,2023,47506.9
94537000,Удмуртская Республика,Муниципальный округ Сарапульский район,Всего по обследуемым видам экономической деятельности,2024,60522.9
94539000,Удмуртская Республика,Муниципальный округ Селтинский район,Всего по обследуемым видам экономической деятельности,2023,39887.5
94539000,Удмуртская Республика,Муниципальный округ Селтинский район,Всего по обследуемым видам экономической деятельности,2024,48548.8
94541000,Удмуртская Республика,Муниципальный округ Сюмсинский район,Всего по обследуемым видам экономической деятельности,2023,42518.2
94541000,Удмуртская Республика,Муниципальный округ Сюмсинский район,Всего по обследуемым видам экономической деятельности,2024,52140.1
94544000,Удмуртская Республика,Муниципальный округ Увинский район,Всего по обследуемым видам экономической деятельности,2023,49203.3
94544000,Удмуртская Республика,Муниципальный округ Увинский район,Всего по обследуемым видам экономической деятельности,2024,63935.5
94546000,Удмуртская Республика,Муниципальный округ Шарканский район,Всего по обследуемым видам экономической деятельности,2023,40574.6
94546000,Удмуртская Республика,Муниципальный округ Шарканский район,Всего по обследуемым видам экономической деятельности,2024,50340.8
94548000,Удмуртская Республика,Муниципальный округ Юкаменский район,Всего по обследуемым видам экономической деятельности,2023,35047.0
94548000,Удмуртская Республика,Муниципальный округ Юкаменский район,Всего по обследуемым видам экономической деятельности,2024,42610.6
94550000,Удмуртская Республика,Муниципальный округ Якшур-Бодьинский район,Всего по обследуемым видам экономической деятельности,2023,50139.3
94550000,Удмуртская Республика,Муниципальный округ Якшур-Бодьинский район,Всего по обследуемым видам экономической деятельности,2024,62204.2
94552000,Удмуртская Республика,Муниципальный округ Ярский район,Всего по обследуемым видам экономической деятельности,2023,41867.2
94552000,Удмуртская Республика,Муниципальный округ Ярский район,Всего по обследуемым видам экономической деятельности,2024,50798.6
94602000,Удмуртская Республика,Алнашский муниципальный район,Всего по обследуемым видам экономической деятельности,2022,32780.9
94604000,Удмуртская Республика,Балезинский муниципальный район,Всего по обследуемым видам экономической деятельности,2022,34718.1
94606000,Удмуртская Республика,Вавожский муниципальный район,Всего по обследуемым видам экономической деятельности,2022,42802.6
94608000,Удмуртская Республика,Воткинский муниципальный район,Всего по обследуемым видам экономической деятельности,2022,54041.8
94610000,Удмуртская Республика,Глазовский муниципальный район,Всего по обследуемым видам экономической деятельности,2022,37795.1
94612000,Удмуртская Республика,Граховский муниципальный район,Всего по обследуемым видам экономической деятельности,2022,33468.2
94614000,Удмуртская Республика,Дебесский муниципальный район,Всего по обследуемым видам экономической деятельности,2022,38067.8
94616000,Удмуртская Республика,Завьяловский муниципальный район,Всего по обследуемым видам экономической деятельности,2022,42973.9
94618000,Удмуртская Республика,Игринский муниципальный район,Всего по обследуемым видам экономической деятельности,2022,41500.0
94620000,Удмуртская Республика,Камбарский муниципальный район,Всего по обследуемым видам экономической деятельности,2022,40289.8
94622000,Удмуртская Республика,Каракулинский муниципальный район,Всего по обследуемым видам экономической деятельности,2022,44269.4
94624000,Удмуртская Республика,Кезский муниципальный район,Всего по обследуемым видам экономической деятельности,2022,34377.2
94626000,Удмуртская Республика,Кизнерский муниципальный район,Всего по обследуемым видам экономической деятельности,2022,34865.6
94628000,Удмуртская Республика,Киясовский муниципальный район,Всего по обследуемым видам экономической деятельности,2022,34475.3
94630000,Удмуртская Республика,Красногорский муниципальный район,Всего по обследуемым видам экономической деятельности,2022,35266.7
94633000,Удмуртская Республика,Малопургинский муниципальный район,Всего по обследуемым видам экономической деятельности,2022,36106.4
94635000,Удмуртская Республика,Можгинский муниципальный район,Всего по обследуемым видам экономической деятельности,2022,40611.7
94637000,Удмуртская Республика,Сарапульский муниципальный район,Всего по обследуемым видам экономической деятельности,2022,38404.6
94639000,Удмуртская Республика,Селтинский муниципальный район,Всего по обследуемым видам экономической деятельности,2022,34725.1
94641000,Удмуртская Республика,Сюмсинский муниципальный район,Всего по обследуемым видам экономической деятельности,2022,36328.0
94644000,Удмуртская Республика,Увинский муниципальный район,Всего по обследуемым видам экономической деятельности,2022,41704.4
94646000,Удмуртская Республика,Шарканский муниципальный район,Всего по обследуемым видам экономической деятельности,2022,34919.0
94648000,Удмуртская Республика,Юкаменский муниципальный район,Всего по обследуемым видам экономической деятельности,2022,32258.3
94650000,Удмуртская Республика,Якшур-Бодьинский муниципальный район,Всего по обследуемым видам экономической деятельности,2022,44912.0
94652000,Удмуртская Республика,Ярский муниципальный район,Всего по обследуемым видам экономической деятельности,2022,36471.7
94701000,Удмуртская Республика,Город Ижевск,Всего по обследуемым видам экономической деятельности,2022,53806.9
94701000,Удмуртская Республика,Город Ижевск,Всего по обследуемым видам экономической деятельности,2023,62842.3
94701000,Удмуртская Республика,Город Ижевск,Всего по обследуемым видам экономической деятельности,2024,79451.4
94710000,Удмуртская Республика,Город Воткинск,Всего по обследуемым видам экономической деятельности,2022,52603.3
94710000,Удмуртская Республика,Город Воткинск,Всего по обследуемым видам экономической деятельности,2023,61440.8
94710000,Удмуртская Республика,Город Воткинск,Всего по обследуемым видам экономической деятельности,2024,76115.4
94720000,Удмуртская Республика,Город Глазов,Всего по обследуемым видам экономической деятельности,2022,45084.1
94720000,Удмуртская Республика,Город Глазов,Всего по обследуемым видам экономической деятельности,2023,52295.9
94720000,Удмуртская Республика,Город Глазов,Всего по обследуемым видам экономической деятельности,2024,64938.7
94730000,Удмуртская Республика,Город Можга,Всего по обследуемым видам экономической деятельности,2022,37080.8
94730000,Удмуртская Республика,Город Можга,Всего по обследуемым видам экономической деятельности,2023,43647.3
94730000,Удмуртская Республика,Город Можга,Всего по обследуемым видам экономической деятельности,2024,54035.1
94740000,Удмуртская Республика,Город Сарапул,Всего по обследуемым видам экономической деятельности,2022,45315.3
94740000,Удмуртская Республика,Город Сарапул,Всего по обследуемым видам экономической деятельности,2023,59117.9
94740000,Удмуртская Республика,Город Сарапул,Всего по обследуемым видам экономической деятельности,2024,73016.4
95605000,Республика Хакасия,Алтайский муниципальный район,Всего по обследуемым видам экономической деятельности,2022,61727.3
95605000,Республика Хакасия,Алтайский муниципальный район,Всего по обследуемым видам экономической деятельности,2023,70379.5
95605000,Республика Хакасия,Алтайский муниципальный район,Всего по обследуемым видам экономической деятельности,2024,76908.1
95608000,Республика Хакасия,Аскизский муниципальный район,Всего по обследуемым видам экономической деятельности,2022,42189.0
95608000,Республика Хакасия,Аскизский муниципальный район,Всего по обследуемым видам экономической деятельности,2023,48696.5
95608000,Республика Хакасия,Аскизский муниципальный район,Всего по обследуемым видам экономической деятельности,2024,55738.5
95612000,Республика Хакасия,Бейский муниципальный район,Всего по обследуемым видам экономической деятельности,2022,47206.9
95612000,Республика Хакасия,Бейский муниципальный район,Всего по обследуемым видам экономической деятельности,2023,55506.8
95612000,Республика Хакасия,Бейский муниципальный район,Всего по обследуемым видам экономической деятельности,2024,62690.4
95615000,Республика Хакасия,Боградский муниципальный район,Всего по обследуемым видам экономической деятельности,2022,40299.1
95615000,Республика Хакасия,Боградский муниципальный район,Всего по обследуемым видам экономической деятельности,2023,44944.3
95615000,Республика Хакасия,Боградский муниципальный район,Всего по обследуемым видам экономической деятельности,2024,48923.9
95620000,Республика Хакасия,Орджоникидзевский муниципальный район,Всего по обследуемым видам экономической деятельности,2022,39077.9
95620000,Республика Хакасия,Орджоникидзевский муниципальный район,Всего по обследуемым видам экономической деятельности,2023,45143.5
95620000,Республика Хакасия,Орджоникидзевский муниципальный район,Всего по обследуемым видам экономической деятельности,2024,50171.7
95625000,Республика Хакасия,Таштыпский муниципальный район,Всего по обследуемым видам экономической деятельности,2022,50949.0
95625000,Республика Хакасия,Таштыпский муниципальный район,Всего по обследуемым видам экономической деятельности,2023,59234.5
95625000,Республика Хакасия,Таштыпский муниципальный район,Всего по обследуемым видам экономической деятельности,2024,61405.4
95630000,Республика Хакасия,Усть-Абаканский муниципальный район,Всего по обследуемым видам экономической деятельности,2022,44533.4
95630000,Республика Хакасия,Усть-Абаканский муниципальный район,Всего по обследуемым видам экономической деятельности,2023,50932.5
95630000,Республика Хакасия,Усть-Абаканский муниципальный район,Всего по обследуемым видам экономической деятельности,2024,60840.7
95635000,Республика Хакасия,Ширинский муниципальный район,Всего по обследуемым видам экономической деятельности,2022,47626.4
95635000,Республика Хакасия,Ширинский муниципальный район,Всего по обследуемым видам экономической деятельности,2023,53087.8
95635000,Республика Хакасия,Ширинский муниципальный район,Всего по обследуемым видам экономической деятельности,2024,62412.6
95701000,Республика Хакасия,Город Абакан,Всего по обследуемым видам экономической деятельности,2022,60164.9
95701000,Республика Хакасия,Город Абакан,Всего по обследуемым видам экономической деятельности,2023,69250.6
95701000,Республика Хакасия,Город Абакан,Всего по обследуемым видам экономической деятельности,2024,79022.0
95702000,Республика Хакасия,Город Абаза,Всего по обследуемым видам экономической деятельности,2022,48371.8
95702000,Республика Хакасия,Город Абаза,Всего по обследуемым видам экономической деятельности,2023,55899.1
95702000,Республика Хакасия,Город Абаза,Всего по обследуемым видам экономической деятельности,2024,60495.4
95708000,Республика Хакасия,Город Саяногорск,Всего по обследуемым видам экономической деятельности,2022,71423.4
95708000,Республика Хакасия,Город Саяногорск,Всего по обследуемым видам экономической деятельности,2023,77235.5
95708000,Республика Хакасия,Город Саяногорск,Всего по обследуемым видам экономической деятельности,2024,91089.2
95709000,Республика Хакасия,Город Сорск,Всего по обследуемым видам экономической деятельности,2022,52771.3
95709000,Республика Хакасия,Город Сорск,Всего по обследуемым видам экономической деятельности,2023,59273.6
95709000,Республика Хакасия,Город Сорск,Всего по обследуемым видам экономической деятельности,2024,74830.8
95715000,Республика Хакасия,Город Черногорск,Всего по обследуемым видам экономической деятельности,2022,55753.4
95715000,Республика Хакасия,Город Черногорск,Всего по обследуемым видам экономической деятельности,2023,63659.1
95715000,Республика Хакасия,Город Черногорск,Всего по обследуемым видам экономической деятельности,2024,71890.6
96602000,Чеченская Республика,Ачхой-Мартановский муниципальный район,Всего по обследуемым видам экономической деятельности,2022,27009.8
96602000,Чеченская Республика,Ачхой-Мартановский муниципальный район,Всего по обследуемым видам экономической деятельности,2023,30412.6
96602000,Чеченская Республика,Ачхой-Мартановский муниципальный район,Всего по обследуемым видам экономической деятельности,2024,32540.3
96604000,Чеченская Республика,Веденский муниципальный район,Всего по обследуемым видам экономической деятельности,2022,28572.6
96604000,Чеченская Республика,Веденский муниципальный район,Всего по обследуемым видам экономической деятельности,2023,30795.4
96604000,Чеченская Республика,Веденский муниципальный район,Всего по обследуемым видам экономической деятельности,2024,34757.9
96607000,Чеченская Республика,Грозненский муниципальный район,Всего по обследуемым видам экономической деятельности,2022,28019.2
96607000,Чеченская Республика,Грозненский муниципальный район,Всего по обследуемым видам экономической деятельности,2023,30918.4
96607000,Чеченская Республика,Грозненский муниципальный район,Всего по обследуемым видам экономической деятельности,2024,31205.1
96610000,Чеченская Республика,Гудермесский муниципальный район,Всего по обследуемым видам экономической деятельности,2022,28872.0
96610000,Чеченская Республика,Гудермесский муниципальный район,Всего по обследуемым видам экономической деятельности,2023,32398.5
96610000,Чеченская Республика,Гудермесский муниципальный район,Всего по обследуемым видам экономической деятельности,2024,36490.4
96611000,Чеченская Республика,Итум-Калинский муниципальный район,Всего по обследуемым видам экономической деятельности,2022,38375.6
96611000,Чеченская Республика,Итум-Калинский муниципальный район,Всего по обследуемым видам экономической деятельности,2023,41051.8
96611000,Чеченская Республика,Итум-Калинский муниципальный район,Всего по обследуемым видам экономической деятельности,2024,44973.3
96612000,Чеченская Республика,Курчалоевский муниципальный район,Всего по обследуемым видам экономической деятельности,2022,26999.0
96612000,Чеченская Республика,Курчалоевский муниципальный район,Всего по обследуемым видам экономической деятельности,2023,28662.9
96612000,Чеченская Республика,Курчалоевский муниципальный район,Всего по обследуемым видам экономической деятельности,2024,31683.1
96616000,Чеченская Республика,Надтеречный муниципальный район,Всего по обследуемым видам экономической деятельности,2022,28606.0
96616000,Чеченская Республика,Надтеречный муниципальный район,Всего по обследуемым видам экономической деятельности,2023,30839.2
96616000,Чеченская Республика,Надтеречный муниципальный район,Всего по обследуемым видам экономической деятельности,2024,33819.6
96622000,Чеченская Республика,Наурский муниципальный район,Всего по обследуемым видам экономической деятельности,2022,30684.6
96622000,Чеченская Республика,Наурский муниципальный район,Всего по обследуемым видам экономической деятельности,2023,33759.6
96622000,Чеченская Республика,Наурский муниципальный район,Всего по обследуемым видам экономической деятельности,2024,37875.1
96625000,Чеченская Республика,Ножай-Юртовский муниципальный район,Всего по обследуемым видам экономической деятельности,2022,25488.5
96625000,Чеченская Республика,Ножай-Юртовский муниципальный район,Всего по обследуемым видам экономической деятельности,2023,27674.4
96625000,Чеченская Республика,Ножай-Юртовский муниципальный район,Всего по обследуемым видам экономической деятельности,2024,30005.4
96628000,Чеченская Республика,Шатойский муниципальный район,Всего по обследуемым видам экономической деятельности,2022,29730.5
96628000,Чеченская Республика,Шатойский муниципальный район,Всего по обследуемым видам экономической деятельности,2023,32510.9
96628000,Чеченская Республика,Шатойский муниципальный район,Всего по обследуемым видам экономической деятельности,2024,34607.0
96631000,Чеченская Республика,Серноводский муниципальный район,Всего по обследуемым видам экономической деятельности,2022,27221.2
96631000,Чеченская Республика,Серноводский муниципальный район,Всего по обследуемым видам экономической деятельности,2023,28516.4
96631000,Чеченская Республика,Серноводский муниципальный район,Всего по обследуемым видам экономической деятельности,2024,31512.5
96634000,Чеченская Республика,Урус-Мартановский муниципальный район,Всего по обследуемым видам экономической деятельности,2022,26619.2
96634000,Чеченская Республика,Урус-Мартановский муниципальный район,Всего по обследуемым видам экономической деятельности,2023,28823.9
96634000,Чеченская Республика,Урус-Мартановский муниципальный район,Всего по обследуемым видам экономической деятельности,2024,31641.5
96637000,Чеченская Республика,Шалинский муниципальный район,Всего по обследуемым видам экономической деятельности,2022,27444.2
96637000,Чеченская Республика,Шалинский муниципальный район,Всего по обследуемым видам экономической деятельности,2023,30593.0
96637000,Чеченская Республика,Шалинский муниципальный район,Всего по обследуемым видам экономической деятельности,2024,35216.2
96640000,Чеченская Республика,Шелковской муниципальный район,Всего по обследуемым видам экономической деятельности,2022,28859.9
96640000,Чеченская Республика,Шелковской муниципальный район,Всего по обследуемым видам экономической деятельности,2023,30821.1
96640000,Чеченская Республика,Шелковской муниципальный район,Всего по обследуемым видам экономической деятельности,2024,34751.0
96691000,Чеченская Республика,Шаройский муниципальный район,Всего по обследуемым видам экономической деятельности,2022,39531.6
96691000,Чеченская Республика,Шаройский муниципальный район,Всего по обследуемым видам экономической деятельности,2023,43142.4
96691000,Чеченская Республика,Шаройский муниципальный район,Всего по обследуемым видам экономической деятельности,2024,45075.9
96701000,Чеченская Республика,Город Грозный,Всего по обследуемым видам экономической деятельности,2022,42251.7
96701000,Чеченская Республика,Город Грозный,Всего по обследуемым видам экономической деятельности,2023,47205.7
96701000,Чеченская Республика,Город Грозный,Всего по обследуемым видам экономической деятельности,2024,52751.8
96702000,Чеченская Республика,Город Аргун,Всего по обследуемым видам экономической деятельности,2022,27184.7
96702000,Чеченская Республика,Город Аргун,Всего по обследуемым видам экономической деятельности,2023,29547.9
96702000,Чеченская Республика,Город Аргун,Всего по обследуемым видам экономической деятельности,2024,32720.3
97503000,Чувашская Республика,Алатырский муниципальный округ,Всего по обследуемым видам экономической деятельности,2023,35475.3
97503000,Чувашская Республика,Алатырский муниципальный округ,Всего по обследуемым видам экономической деятельности,2024,42949.9
97505000,Чувашская Республика,Аликовский муниципальный округ,Всего по обследуемым видам экономической деятельности,2023,37434.6
97505000,Чувашская Республика,Аликовский муниципальный округ,Всего по обследуемым видам экономической деятельности,2024,45151.6
97507000,Чувашская Республика,Батыревский муниципальный округ,Всего по обследуемым видам экономической деятельности,2023,35806.3
97507000,Чувашская Республика,Батыревский муниципальный округ,Всего по обследуемым видам экономической деятельности,2024,42382.9
97510000,Чувашская Республика,Вурнарский муниципальный округ,Всего по обследуемым видам экономической деятельности,2023,45362.2
97510000,Чувашская Республика,Вурнарский муниципальный округ,Всего по обследуемым видам экономической деятельности,2024,54604.9
97513000,Чувашская Республика,Ибресинский муниципальный округ,Всего по обследуемым видам экономической деятельности,2023,49998.5
97513000,Чувашская Республика,Ибресинский муниципальный округ,Всего по обследуемым видам экономической деятельности,2024,47073.9
97516000,Чувашская Республика,Канашский муниципальный округ,Всего по обследуемым видам экономической деятельности,2023,34753.3
97516000,Чувашская Республика,Канашский муниципальный округ,Всего по обследуемым видам экономической деятельности,2024,42234.0
97519000,Чувашская Республика,Козловский муниципальный округ,Всего по обследуемым видам экономической деятельности,2023,42334.0
97519000,Чувашская Республика,Козловский муниципальный округ,Всего по обследуемым видам экономической деятельности,2024,48876.6
97521000,Чувашская Республика,Комсомольский муниципальный округ,Всего по обследуемым видам экономической деятельности,2023,35898.6
97521000,Чувашская Республика,Комсомольский муниципальный округ,Всего по обследуемым видам экономической деятельности,2024,42179.6
97524000,Чувашская Республика,Красноармейский муниципальный округ,Всего по обследуемым видам экономической деятельности,2022,44359.5
97524000,Чувашская Республика,Красноармейский муниципальный округ,Всего по обследуемым видам экономической деятельности,2023,51655.0
97524000,Чувашская Республика,Красноармейский муниципальный округ,Всего по обследуемым видам экономической деятельности,2024,58927.2
97526000,Чувашская Республика,Красночетайский муниципальный округ,Всего по обследуемым видам экономической деятельности,2023,36984.9
97526000,Чувашская Республика,Красночетайский муниципальный округ,Всего по обследуемым видам экономической деятельности,2024,42630.2
97529000,Чувашская Республика,Мариинско-Посадский муниципальный округ,Всего по обследуемым видам экономической деятельности,2023,37304.7
97529000,Чувашская Республика,Мариинско-Посадский муниципальный округ,Всего по обследуемым видам экономической деятельности,2024,45128.6
97532000,Чувашская Республика,Моргаушский муниципальный округ,Всего по обследуемым видам экономической деятельности,2023,43655.2
97532000,Чувашская Республика,Моргаушский муниципальный округ,Всего по обследуемым видам экономической деятельности,2024,53654.6
97535000,Чувашская Республика,Порецкий муниципальный округ,Всего по обследуемым видам экономической деятельности,2023,39732.2
97535000,Чувашская Республика,Порецкий муниципальный округ,Всего по обследуемым видам экономической деятельности,2024,46956.8
97538000,Чувашская Республика,Урмарский муниципальный округ,Всего по обследуемым видам экономической деятельности,2023,35205.4
97538000,Чувашская Республика,Урмарский муниципальный округ,Всего по обследуемым видам экономической деятельности,2024,41482.4
97541000,Чувашская Республика,Цивильский муниципальный округ,Всего по обследуемым видам экономической деятельности,2023,42285.0
97541000,Чувашская Республика,Цивильский муниципальный округ,Всего по обследуемым видам экономической деятельности,2024,51148.0
97544000,Чувашская Республика,Чебоксарский муниципальный округ,Всего по обследуемым видам экономической деятельности,2023,43874.3
97544000,Чувашская Республика,Чебоксарский муниципальный округ,Всего по обследуемым видам экономической деятельности,2024,55148.3
97547000,Чувашская Республика,Шемуршинский муниципальный округ,Всего по обследуемым видам экономической деятельности,2023,33451.5
97547000,Чувашская Республика,Шемуршинский муниципальный округ,Всего по обследуемым видам экономической деятельности,2024,40106.1
97550000,Чувашская Республика,Шумерлинский муниципальный округ,Всего по обследуемым видам экономической деятельности,2022,59700.8
97550000,Чувашская Республика,Шумерлинский муниципальный округ,Всего по обследуемым видам экономической деятельности,2023,77116.1
97550000,Чувашская Республика,Шумерлинский муниципальный округ,Всего по обследуемым видам экономической деятельности,2024,75940.1
97553000,Чувашская Республика,Ядринский муниципальный округ,Всего по обследуемым видам экономической деятельности,2023,43781.9
97553000,Чувашская Республика,Ядринский муниципальный округ,Всего по обследуемым видам экономической деятельности,2024,55961.7
97555000,Чувашская Республика,Яльчикский муниципальный округ,Всего по обследуемым видам экономической деятельности,2023,35191.6
97555000,Чувашская Республика,Яльчикский муниципальный округ,Всего по обследуемым видам экономической деятельности,2024,41548.4
97558000,Чувашская Республика,Янтиковский муниципальный округ,Всего по обследуемым видам экономической деятельности,2023,35973.7
97558000,Чувашская Республика,Янтиковский муниципальный округ,Всего по обследуемым видам экономической деятельности,2024,43802.8
97603000,Чувашская Республика,Алатырский муниципальный район,Всего по обследуемым видам экономической деятельности,2022,28677.9
97605000,Чувашская Республика,Аликовский муниципальный район,Всего по обследуемым видам экономической деятельности,2022,32642.9
97607000,Чувашская Республика,Батыревский муниципальный район,Всего по обследуемым видам экономической деятельности,2022,30991.3
97610000,Чувашская Республика,Вурнарский муниципальный район,Всего по обследуемым видам экономической деятельности,2022,39713.6
97613000,Чувашская Республика,Ибресинский муниципальный район,Всего по обследуемым видам экономической деятельности,2022,44634.8
97616000,Чувашская Республика,Канашский муниципальный район,Всего по обследуемым видам экономической деятельности,2022,30122.5
97619000,Чувашская Республика,Козловский муниципальный район,Всего по обследуемым видам экономической деятельности,2022,33153.2
97621000,Чувашская Республика,Комсомольский муниципальный район,Всего по обследуемым видам экономической деятельности,2022,31168.9
97626000,Чувашская Республика,Красночетайский муниципальный район,Всего по обследуемым видам экономической деятельности,2022,31467.1
97629000,Чувашская Республика,Мариинско-Посадский муниципальный район,Всего по обследуемым видам экономической деятельности,2022,31772.7
97632000,Чувашская Республика,Моргаушский муниципальный район,Всего по обследуемым видам экономической деятельности,2022,36309.8
97635000,Чувашская Республика,Порецкий муниципальный район,Всего по обследуемым видам экономической деятельности,2022,33751.1
97638000,Чувашская Республика,Урмарский муниципальный район,Всего по обследуемым видам экономической деятельности,2022,30692.1
97641000,Чувашская Республика,Цивильский муниципальный район,Всего по обследуемым видам экономической деятельности,2022,35650.8
97644000,Чувашская Республика,Чебоксарский муниципальный район,Всего по обследуемым видам экономической деятельности,2022,35641.7
97647000,Чувашская Республика,Шемуршинский муниципальный район,Всего по обследуемым видам экономической деятельности,2022,29718.5
97653000,Чувашская Республика,Ядринский муниципальный район,Всего по обследуемым видам экономической деятельности,2022,35706.1
97655000,Чувашская Республика,Яльчикский муниципальный район,Всего по обследуемым видам экономической деятельности,2022,29904.5
97658000,Чувашская Республика,Янтиковский муниципальный район,Всего по обследуемым видам экономической деятельности,2022,30731.8
97701000,Чувашская Республика,Город Чебоксары,Всего по обследуемым видам экономической деятельности,2022,49756.3
97701000,Чувашская Республика,Город Чебоксары,Всего по обследуемым видам экономической деятельности,2023,60093.6
97701000,Чувашская Республика,Город Чебоксары,Всего по обследуемым видам экономической деятельности,2024,72298.7
97704000,Чувашская Республика,Город Алатырь,Всего по обследуемым видам экономической деятельности,2022,34786.6
97704000,Чувашская Республика,Город Алатырь,Всего по обследуемым видам экономической деятельности,2023,40946.3
97704000,Чувашская Республика,Город Алатырь,Всего по обследуемым видам экономической деятельности,2024,49270.3
97707000,Чувашская Республика,Город Канаш,Всего по обследуемым видам экономической деятельности,2022,40490.5
97707000,Чувашская Республика,Город Канаш,Всего по обследуемым видам экономической деятельности,2023,49770.0
97707000,Чувашская Республика,Город Канаш,Всего по обследуемым видам экономической деятельности,2024,61592.8
97710000,Чувашская Республика,Город Новочебоксарск,Всего по обследуемым видам экономической деятельности,2022,41616.5
97710000,Чувашская Республика,Город Новочебоксарск,Всего по обследуемым видам экономической деятельности,2023,51288.4
97710000,Чувашская Республика,Город Новочебоксарск,Всего по обследуемым видам экономической деятельности,2024,60377.1
97713000,Чувашская Республика,Город Шумерля,Всего по обследуемым видам экономической деятельности,2022,46360.5
97713000,Чувашская Республика,Город Шумерля,Всего по обследуемым видам экономической деятельности,2023,49736.9
97713000,Чувашская Республика,Город Шумерля,Всего по обследуемым видам экономической деятельности,2024,60368.5
98601000,Республика Саха (Якутия),Абыйский муниципальный район,Всего по обследуемым видам экономической деятельности,2022,86380.0
98601000,Республика Саха (Якутия),Абыйский муниципальный район,Всего по обследуемым видам экономической деятельности,2023,94987.7
98601000,Республика Саха (Якутия),Абыйский муниципальный район,Всего по обследуемым видам экономической деятельности,2024,110217.6
98603000,Республика Саха (Якутия),Алданский муниципальный район,Всего по обследуемым видам экономической деятельности,2022,106746.2
98603000,Республика Саха (Якутия),Алданский муниципальный район,Всего по обследуемым видам экономической деятельности,2023,119826.1
98603000,Республика Саха (Якутия),Алданский муниципальный район,Всего по обследуемым видам экономической деятельности,2024,139656.8
98604000,Республика Саха (Якутия),Таттинский муниципальный район,Всего по обследуемым видам экономической деятельности,2022,68407.7
98604000,Республика Саха (Якутия),Таттинский муниципальный район,Всего по обследуемым видам экономической деятельности,2023,77181.5
98604000,Республика Саха (Якутия),Таттинский муниципальный район,Всего по обследуемым видам экономической деятельности,2024,87074.5
98606000,Республика Саха (Якутия),Аллаиховский муниципальный район,Всего по обследуемым видам экономической деятельности,2022,93322.4
98606000,Республика Саха (Якутия),Аллаиховский муниципальный район,Всего по обследуемым видам экономической деятельности,2023,104573.1
98606000,Республика Саха (Якутия),Аллаиховский муниципальный район,Всего по обследуемым видам экономической деятельности,2024,123718.0
98608000,Республика Саха (Якутия),Амгинский муниципальный район,Всего по обследуемым видам экономической деятельности,2022,63849.7
98608000,Республика Саха (Якутия),Амгинский муниципальный район,Всего по обследуемым видам экономической деятельности,2023,71739.4
98608000,Республика Саха (Якутия),Амгинский муниципальный район,Всего по обследуемым видам экономической деятельности,2024,82805.1
98610000,Республика Саха (Якутия),Анабарский национальный (долгано-эвенкийский) муниципальный район,Всего по обследуемым видам экономической деятельности,2022,150611.4
98610000,Республика Саха (Якутия),Анабарский национальный (долгано-эвенкийский) муниципальный район,Всего по обследуемым видам экономической деятельности,2023,169105.4
98610000,Республика Саха (Якутия),Анабарский национальный (долгано-эвенкийский) муниципальный район,Всего по обследуемым видам экономической деятельности,2024,185480.4
98612000,Республика Саха (Якутия),Булунский муниципальный район,Всего по обследуемым видам экономической деятельности,2022,107838.6
98612000,Республика Саха (Якутия),Булунский муниципальный район,Всего по обследуемым видам экономической деятельности,2023,126480.7
98612000,Республика Саха (Якутия),Булунский муниципальный район,Всего по обследуемым видам экономической деятельности,2024,146103.6
98614000,Республика Саха (Якутия),Верхневилюйский муниципальный район,Всего по обследуемым видам экономической деятельности,2022,65658.0
98614000,Республика Саха (Якутия),Верхневилюйский муниципальный район,Всего по обследуемым видам экономической деятельности,2023,74023.2
98614000,Республика Саха (Якутия),Верхневилюйский муниципальный район,Всего по обследуемым видам экономической деятельности,2024,85335.1
98615000,Республика Саха (Якутия),Верхнеколымский муниципальный район,Всего по обследуемым видам экономической деятельности,2022,90304.2
98615000,Республика Саха (Якутия),Верхнеколымский муниципальный район,Всего по обследуемым видам экономической деятельности,2023,103794.9
98615000,Республика Саха (Якутия),Верхнеколымский муниципальный район,Всего по обследуемым видам экономической деятельности,2024,119812.6
98616000,Республика Саха (Якутия),Верхоянский муниципальный район,Всего по обследуемым видам экономической деятельности,2022,81589.4
98616000,Республика Саха (Якутия),Верхоянский муниципальный район,Всего по обследуемым видам экономической деятельности,2023,97015.7
98616000,Республика Саха (Якутия),Верхоянский муниципальный район,Всего по обследуемым видам экономической деятельности,2024,125194.5
98618000,Республика Саха (Якутия),Вилюйский муниципальный район,Всего по обследуемым видам экономической деятельности,2022,72402.2
98618000,Республика Саха (Якутия),Вилюйский муниципальный район,Всего по обследуемым видам экономической деятельности,2023,81839.4
98618000,Республика Саха (Якутия),Вилюйский муниципальный район,Всего по обследуемым видам экономической деятельности,2024,95056.9
98620000,Республика Саха (Якутия),Горный муниципальный район,Всего по обследуемым видам экономической деятельности,2022,64914.1
98620000,Республика Саха (Якутия),Горный муниципальный район,Всего по обследуемым видам экономической деятельности,2023,73138.6
98620000,Республика Саха (Якутия),Горный муниципальный район,Всего по обследуемым видам экономической деятельности,2024,85549.4
98622000,Республика Саха (Якутия),Жиганский национальный эвенкийский муниципальный район,Всего по обследуемым видам экономической деятельности,2022,73655.1
98622000,Республика Саха (Якутия),Жиганский национальный эвенкийский муниципальный район,Всего по обследуемым видам экономической деятельности,2023,81761.6
98622000,Республика Саха (Якутия),Жиганский национальный эвенкийский муниципальный район,Всего по обследуемым видам экономической деятельности,2024,93988.0
98624000,Республика Саха (Якутия),Кобяйский муниципальный район,Всего по обследуемым видам экономической деятельности,2022,75167.1
98624000,Республика Саха (Якутия),Кобяйский муниципальный район,Всего по обследуемым видам экономической деятельности,2023,83860.8
98624000,Республика Саха (Якутия),Кобяйский муниципальный район,Всего по обследуемым видам экономической деятельности,2024,99222.2
98626000,Республика Саха (Якутия),Нюрбинский муниципальный район,Всего по обследуемым видам экономической деятельности,2022,92870.8
98626000,Республика Саха (Якутия),Нюрбинский муниципальный район,Всего по обследуемым видам экономической деятельности,2023,103274.2
98626000,Республика Саха (Якутия),Нюрбинский муниципальный район,Всего по обследуемым видам экономической деятельности,2024,118883.9
98627000,Республика Саха (Якутия),Ленский муниципальный район,Всего по обследуемым видам экономической деятельности,2022,120119.3
98627000,Республика Саха (Якутия),Ленский муниципальный район,Всего по обследуемым видам экономической деятельности,2023,129988.6
98627000,Республика Саха (Якутия),Ленский муниципальный район,Всего по обследуемым видам экономической деятельности,2024,150610.1
98629000,Республика Саха (Якутия),Мегино-Кангаласский муниципальный район,Всего по обследуемым видам экономической деятельности,2022,68088.2
98629000,Республика Саха (Якутия),Мегино-Кангаласский муниципальный район,Всего по обследуемым видам экономической деятельности,2023,76280.9
98629000,Республика Саха (Якутия),Мегино-Кангаласский муниципальный район,Всего по обследуемым видам экономической деятельности,2024,88872.6
98631000,Республика Саха (Якутия),Мирнинский муниципальный район,Всего по обследуемым видам экономической деятельности,2022,137262.1
98631000,Республика Саха (Якутия),Мирнинский муниципальный район,Всего по обследуемым видам экономической деятельности,2023,151605.3
98631000,Республика Саха (Якутия),Мирнинский муниципальный район,Всего по обследуемым видам экономической деятельности,2024,167695.2
98633000,Республика Саха (Якутия),Момский муниципальный район,Всего по обследуемым видам экономической деятельности,2022,75808.4
98633000,Республика Саха (Якутия),Момский муниципальный район,Всего по обследуемым видам экономической деятельности,2023,89199.4
98633000,Республика Саха (Якутия),Момский муниципальный район,Всего по обследуемым видам экономической деятельности,2024,100951.0
98635000,Республика Саха (Якутия),Намский муниципальный район,Всего по обследуемым видам экономической деятельности,2022,66186.9
98635000,Республика Саха (Якутия),Намский муниципальный район,Всего по обследуемым видам экономической деятельности,2023,73449.5
98635000,Республика Саха (Якутия),Намский муниципальный район,Всего по обследуемым видам экономической деятельности,2024,84208.6
98637000,Республика Саха (Якутия),Нижнеколымский муниципальный район,Всего по обследуемым видам экономической деятельности,2022,90525.7
98637000,Республика Саха (Якутия),Нижнеколымский муниципальный район,Всего по обследуемым видам экономической деятельности,2023,105062.3
98637000,Республика Саха (Якутия),Нижнеколымский муниципальный район,Всего по обследуемым видам экономической деятельности,2024,121451.5
98639000,Республика Саха (Якутия),Оймяконский муниципальный район,Всего по обследуемым видам экономической деятельности,2022,130444.4
98639000,Республика Саха (Якутия),Оймяконский муниципальный район,Всего по обследуемым видам экономической деятельности,2023,155021.2
98639000,Республика Саха (Якутия),Оймяконский муниципальный район,Всего по обследуемым видам экономической деятельности,2024,193572.2
98641000,Республика Саха (Якутия),Олекминский муниципальный район,Всего по обследуемым видам экономической деятельности,2022,95002.5
98641000,Республика Саха (Якутия),Олекминский муниципальный район,Всего по обследуемым видам экономической деятельности,2023,116054.4
98641000,Республика Саха (Якутия),Олекминский муниципальный район,Всего по обследуемым видам экономической деятельности,2024,136467.8
98642000,Республика Саха (Якутия),Оленекский эвенкийский национальный муниципальный район,Всего по обследуемым видам экономической деятельности,2022,133522.8
98642000,Республика Саха (Якутия),Оленекский эвенкийский национальный муниципальный район,Всего по обследуемым видам экономической деятельности,2023,144821.6
98642000,Республика Саха (Якутия),Оленекский эвенкийский национальный муниципальный район,Всего по обследуемым видам экономической деятельности,2024,163066.6
98644000,Республика Саха (Якутия),Хангаласский муниципальный район,Всего по обследуемым видам экономической деятельности,2022,68099.9
98644000,Республика Саха (Якутия),Хангаласский муниципальный район,Всего по обследуемым видам экономической деятельности,2023,76952.5
98644000,Республика Саха (Якутия),Хангаласский муниципальный район,Всего по обследуемым видам экономической деятельности,2024,87875.4
98646000,Республика Саха (Якутия),Среднеколымский муниципальный район,Всего по обследуемым видам экономической деятельности,2022,73922.1
98646000,Республика Саха (Якутия),Среднеколымский муниципальный район,Всего по обследуемым видам экономической деятельности,2023,82206.2
98646000,Республика Саха (Якутия),Среднеколымский муниципальный район,Всего по обследуемым видам экономической деятельности,2024,95283.9
98648000,Республика Саха (Якутия),Сунтарский муниципальный район,Всего по обследуемым видам экономической деятельности,2022,65940.2
98648000,Республика Саха (Якутия),Сунтарский муниципальный район,Всего по обследуемым видам экономической деятельности,2023,71568.6
98648000,Республика Саха (Якутия),Сунтарский муниципальный район,Всего по обследуемым видам экономической деятельности,2024,83598.4
98650000,Республика Саха (Якутия),Томпонский муниципальный район,Всего по обследуемым видам экономической деятельности,2022,97143.9
98650000,Республика Саха (Якутия),Томпонский муниципальный район,Всего по обследуемым видам экономической деятельности,2023,107924.3
98650000,Республика Саха (Якутия),Томпонский муниципальный район,Всего по обследуемым видам экономической деятельности,2024,130182.5
98652000,Республика Саха (Якутия),Усть-Алданский муниципальный район,Всего по обследуемым видам экономической деятельности,2022,64050.0
98652000,Республика Саха (Якутия),Усть-Алданский муниципальный район,Всего по обследуемым видам экономической деятельности,2023,71309.2
98652000,Республика Саха (Якутия),Усть-Алданский муниципальный район,Всего по обследуемым видам экономической деятельности,2024,82703.3
98654000,Республика Саха (Якутия),Усть-Майский муниципальный район,Всего по обследуемым видам экономической деятельности,2022,99737.0
98654000,Республика Саха (Якутия),Усть-Майский муниципальный район,Всего по обследуемым видам экономической деятельности,2023,117866.0
98654000,Республика Саха (Якутия),Усть-Майский муниципальный район,Всего по обследуемым видам экономической деятельности,2024,137080.0
98656000,Республика Саха (Якутия),Усть-Янский муниципальный район,Всего по обследуемым видам экономической деятельности,2022,91034.2
98656000,Республика Саха (Якутия),Усть-Янский муниципальный район,Всего по обследуемым видам экономической деятельности,2023,105985.6
98656000,Республика Саха (Якутия),Усть-Янский муниципальный район,Всего по обследуемым видам экономической деятельности,2024,126513.3
98658000,Республика Саха (Якутия),Чурапчинский муниципальный район,Всего по обследуемым видам экономической деятельности,2022,63561.3
98658000,Республика Саха (Якутия),Чурапчинский муниципальный район,Всего по обследуемым видам экономической деятельности,2023,70993.5
98658000,Республика Саха (Якутия),Чурапчинский муниципальный район,Всего по обследуемым видам экономической деятельности,2024,81064.2
98659000,Республика Саха (Якутия),Эвено-Бытантайский национальный муниципальный район,Всего по обследуемым видам экономической деятельности,2022,69252.5
98659000,Республика Саха (Якутия),Эвено-Бытантайский национальный муниципальный район,Всего по обследуемым видам экономической деятельности,2023,76947.7
98659000,Республика Саха (Якутия),Эвено-Бытантайский национальный муниципальный район,Всего по обследуемым видам экономической деятельности,2024,87366.1
98660000,Республика Саха (Якутия),Нерюнгринский муниципальный район,Всего по обследуемым видам экономической деятельности,2022,116139.0
98660000,Республика Саха (Якутия),Нерюнгринский муниципальный район,Всего по обследуемым видам экономической деятельности,2023,137525.3
98660000,Республика Саха (Якутия),Нерюнгринский муниципальный район,Всего по обследуемым видам экономической деятельности,2024,161347.5
98701000,Республика Саха (Якутия),Город Якутск,Всего по обследуемым видам экономической деятельности,2022,95785.9
98701000,Республика Саха (Якутия),Город Якутск,Всего по обследуемым видам экономической деятельности,2023,107344.4
98701000,Республика Саха (Якутия),Город Якутск,Всего по обследуемым видам экономической деятельности,2024,121249.1
98702000,Республика Саха (Якутия),Жатай,Всего по обследуемым видам экономической деятельности,2022,82000.1
98702000,Республика Саха (Якутия),Жатай,Всего по обследуемым видам экономической деятельности,2023,94024.0
98702000,Республика Саха (Якутия),Жатай,Всего по обследуемым видам экономической деятельности,2024,118111.7
99605000,Еврейская автономная область,Биробиджанский муниципальный район,Всего по обследуемым видам экономической деятельности,2022,46673.2
99605000,Еврейская автономная область,Биробиджанский муниципальный район,Всего по обследуемым видам экономической деятельности,2023,50966.5
99605000,Еврейская автономная область,Биробиджанский муниципальный район,Всего по обследуемым видам экономической деятельности,2024,61844.1
99610000,Еврейская автономная область,Ленинский муниципальный район,Всего по обследуемым видам экономической деятельности,2022,44574.6
99610000,Еврейская автономная область,Ленинский муниципальный район,Всего по обследуемым видам экономической деятельности,2023,54381.0
99610000,Еврейская автономная область,Ленинский муниципальный район,Всего по обследуемым видам экономической деятельности,2024,66714.9
99620000,Еврейская автономная область,Облученский муниципальный район,Всего по обследуемым видам экономической деятельности,2022,70041.4
99620000,Еврейская автономная область,Облученский муниципальный район,Всего по обследуемым видам экономической деятельности,2023,81645.7
99620000,Еврейская автономная область,Облученский муниципальный район,Всего по обследуемым видам экономической деятельности,2024,97090.7
99625000,Еврейская автономная область,Октябрьский муниципальный район,Всего по обследуемым видам экономической деятельности,2022,42984.9
99625000,Еврейская автономная область,Октябрьский муниципальный район,Всего по обследуемым видам экономической деятельности,2023,49148.3
99625000,Еврейская автономная область,Октябрьский муниципальный район,Всего по обследуемым видам экономической деятельности,2024,56576.3
99630000,Еврейская автономная область,Смидовичский муниципальный район,Всего по обследуемым видам экономической деятельности,2022,65733.0
99630000,Еврейская автономная область,Смидовичский муниципальный район,Всего по обследуемым видам экономической деятельности,2023,75247.5
99630000,Еврейская автономная область,Смидовичский муниципальный район,Всего по обследуемым видам экономической деятельности,2024,96699.5
99701000,Еврейская автономная область,Город Биробиджан,Всего по обследуемым видам экономической деятельности,2022,57690.9
99701000,Еврейская автономная область,Город Биробиджан,Всего по обследуемым видам экономической деятельности,2023,66253.0
99701000,Еврейская автономная область,Город Биробиджан,Всего по обследуемым видам экономической деятельности,2024,76309.1
